player_id,player,position,week,week_start_utc,week_end_utc,matches,kills,deaths,missing_matches,expected_matches,status,kd,classification,percentile
e5e8e2a6-d716-4493-b949-e16965f41654,donk666,1,1,2026-08-05T00:00:00+00:00,2026-08-12T00:00:00+00:00,29,645,442,0,29,ok,1.4592760180995474,normal,92.29024943310658
33c4e3c7-5428-46f2-bc0f-3fbdce907873,abiraju,2,1,2026-08-05T00:00:00+00:00,2026-08-12T00:00:00+00:00,38,630,501,0,38,ok,1.2574850299401197,normal,68.93424036281179
74df0e6b-5b41-42d7-93b4-05dc78b9a699,dem0nnnnnnnn,3,1,2026-08-05T00:00:00+00:00,2026-08-12T00:00:00+00:00,16,329,246,0,16,ok,1.3373983739837398,normal,81.17913832199547
5c96af4a-20e7-40dc-b91b-551803b6170a,1prince1,4,1,2026-08-05T00:00:00+00:00,2026-08-12T00:00:00+00:00,61,1096,954,0,61,ok,1.148846960167715,normal,46.48526077097506
e5b855bd-3dbc-4928-a216-241d615b431b,nipl,5,1,2026-08-05T00:00:00+00:00,2026-08-12T00:00:00+00:00,34,649,432,0,34,ok,1.5023148148148149,normal,94.10430839002267
34f9fcd0-4f1f-4693-bd96-c2e29df992e5,bluewh1te,6,1,2026-08-05T00:00:00+00:00,2026-08-12T00:00:00+00:00,41,722,603,1,42,dados_incompletos,,dados_incompletos,
64000660-f2d2-4c9b-8e29-6ad5ec2b49cf,CEMEN_BAKIN,7,1,2026-08-05T00:00:00+00:00,2026-08-12T00:00:00+00:00,26,560,363,0,26,ok,1.5426997245179064,normal,96.5986394557823
463b9403-9b63-4408-a962-d9452385af4d,z1Nny,8,1,2026-08-05T00:00:00+00:00,2026-08-12T00:00:00+00:00,39,691,652,0,39,ok,1.0598159509202454,normal,24.263038548752835
be994de3-89c8-4d40-9286-c14035208743,-SYPH0,9,1,2026-08-05T00:00:00+00:00,2026-08-12T00:00:00+00:00,36,665,517,0,36,ok,1.2862669245647969,normal,74.14965986394559
2f5f6b1e-9705-45e8-9065-233680b8f4b8,synyx--,10,1,2026-08-05T00:00:00+00:00,2026-08-12T00:00:00+00:00,12,233,189,0,12,ok,1.2328042328042328,normal,63.26530612244898
ae86bf74-eeda-444f-8db4-a4703a74fc95,1769-,11,1,2026-08-05T00:00:00+00:00,2026-08-12T00:00:00+00:00,33,633,493,0,33,ok,1.2839756592292089,normal,73.46938775510205
10b5e974-6308-46ba-8968-0d8b2f5e5c04,U10m3k,12,1,2026-08-05T00:00:00+00:00,2026-08-12T00:00:00+00:00,4,83,59,0,4,ok,1.4067796610169492,normal,88.88888888888889
7034bcab-8503-4615-b216-ba9f05c0ae13,adamb1,13,1,2026-08-05T00:00:00+00:00,2026-08-12T00:00:00+00:00,12,243,169,0,12,ok,1.4378698224852071,normal,91.38321995464852
ca1a7e52-32d3-4330-9c4d-c6d91c7e1eca,kumao,14,1,2026-08-05T00:00:00+00:00,2026-08-12T00:00:00+00:00,49,778,759,0,49,ok,1.0250329380764163,normal,17.687074829931973
ba9547a0-c1de-40d7-92be-17dc224c2aec,Ex1st---,15,1,2026-08-05T00:00:00+00:00,2026-08-12T00:00:00+00:00,7,131,122,0,7,ok,1.0737704918032787,normal,26.984126984126984
300012ab-d5be-4271-96be-e2ac66a8f4d4,tried,16,1,2026-08-05T00:00:00+00:00,2026-08-12T00:00:00+00:00,28,504,380,0,28,ok,1.3263157894736841,normal,79.81859410430839
b0bf2cc2-198a-4a78-988d-2e7ff7ee6815,Magnojezzz,17,1,2026-08-05T00:00:00+00:00,2026-08-12T00:00:00+00:00,16,292,241,0,16,ok,1.2116182572614107,normal,60.770975056689345
a1d1b853-0d85-437f-9e21-2e9dea4976f5,kRaSnaL,18,1,2026-08-05T00:00:00+00:00,2026-08-12T00:00:00+00:00,19,360,325,0,19,ok,1.1076923076923078,normal,36.281179138321995
2ee20933-e330-4879-8eed-0eda12f63b60,Ryujin,19,1,2026-08-05T00:00:00+00:00,2026-08-12T00:00:00+00:00,33,595,492,0,33,ok,1.2093495934959348,normal,59.863945578231295
7cfd2312-1ff0-434c-a4b1-be10b033636f,xKacpersky,20,1,2026-08-05T00:00:00+00:00,2026-08-12T00:00:00+00:00,30,479,433,0,30,ok,1.1062355658198615,normal,36.054421768707485
dfe2650b-74ec-419f-8308-cbedfba7eae5,D9D9VOLODYA,21,1,2026-08-05T00:00:00+00:00,2026-08-12T00:00:00+00:00,65,1287,974,0,65,ok,1.3213552361396304,normal,79.36507936507937
512e4ffc-1edf-4f6b-819c-8d15498267b1,tronic,22,1,2026-08-05T00:00:00+00:00,2026-08-12T00:00:00+00:00,34,668,494,0,34,ok,1.3522267206477734,normal,83.44671201814059
f0b0bbdb-af3d-4ad2-a509-9d75e472a558,sakha,23,1,2026-08-05T00:00:00+00:00,2026-08-12T00:00:00+00:00,85,1491,1279,0,85,ok,1.1657544956997654,normal,49.88662131519274
d3b48a63-5d9d-4db7-ab3f-1dc325b0fc34,mazay,24,1,2026-08-05T00:00:00+00:00,2026-08-12T00:00:00+00:00,0,0,0,0,0,sem_partidas,,sem_partidas,
2ce03e2d-72bd-45d8-872c-dfdefd172e72,nbl-,25,1,2026-08-05T00:00:00+00:00,2026-08-12T00:00:00+00:00,20,353,294,0,20,ok,1.2006802721088434,normal,58.049886621315196
14ade289-8e06-4e85-be76-7ffc51426cae,SquEzxc,26,1,2026-08-05T00:00:00+00:00,2026-08-12T00:00:00+00:00,12,216,158,0,12,ok,1.3670886075949367,normal,85.71428571428571
3b04032f-fa9d-4f8d-9cb5-a2481c51d4bd,Kopol9HEybuT,27,1,2026-08-05T00:00:00+00:00,2026-08-12T00:00:00+00:00,31,574,459,0,31,ok,1.2505446623093681,normal,67.12018140589569
ac784f9e-2975-4e9d-b3bc-f2b4a2e8c83b,trd73,28,1,2026-08-05T00:00:00+00:00,2026-08-12T00:00:00+00:00,31,603,464,0,31,ok,1.2995689655172413,normal,75.73696145124717
ac852ba6-6bcd-48f4-a216-1fbe64aeb6a5,mag1k3Y,29,1,2026-08-05T00:00:00+00:00,2026-08-12T00:00:00+00:00,57,1125,785,0,57,ok,1.4331210191082802,normal,90.702947845805
58dabfcf-c6d3-4a31-bb0e-9c95ff9c891b,whyhurt,30,1,2026-08-05T00:00:00+00:00,2026-08-12T00:00:00+00:00,42,775,587,1,43,dados_incompletos,,dados_incompletos,
3f31fb51-5179-4d2a-871f-831c46d51e5b,rifler,31,1,2026-08-05T00:00:00+00:00,2026-08-12T00:00:00+00:00,22,378,340,0,22,ok,1.111764705882353,normal,37.641723356009074
821d2f75-a314-48d7-8a90-5d2f152e761a,em0k1d,32,1,2026-08-05T00:00:00+00:00,2026-08-12T00:00:00+00:00,33,516,525,0,33,ok,0.9828571428571429,normal,11.337868480725625
8f151c97-d096-40f1-b3ae-3afaaca644bb,hARNgAdd--,33,1,2026-08-05T00:00:00+00:00,2026-08-12T00:00:00+00:00,5,86,67,0,5,ok,1.2835820895522387,normal,73.24263038548753
e942341f-24df-45d9-ac6d-9817cfa6ad0b,frontales,34,1,2026-08-05T00:00:00+00:00,2026-08-12T00:00:00+00:00,0,0,0,0,0,sem_partidas,,sem_partidas,
09013eac-138e-47ca-a38f-2ba9021c975f,flouzer,35,1,2026-08-05T00:00:00+00:00,2026-08-12T00:00:00+00:00,8,165,119,0,8,ok,1.3865546218487395,normal,87.75510204081633
f7320c44-0f99-4c4c-a56c-f83efb346eb8,fudzhy,36,1,2026-08-05T00:00:00+00:00,2026-08-12T00:00:00+00:00,42,790,656,0,42,ok,1.204268292682927,normal,58.730158730158735
5f766d86-a43a-463c-8673-b4b3d8889631,tokyoshi,37,1,2026-08-05T00:00:00+00:00,2026-08-12T00:00:00+00:00,42,650,594,0,42,ok,1.0942760942760943,normal,32.6530612244898
89aee03d-1762-4b48-99b9-61ff5827dd3f,KAD1M,38,1,2026-08-05T00:00:00+00:00,2026-08-12T00:00:00+00:00,24,400,343,0,24,ok,1.1661807580174928,normal,50.34013605442177
16535c6a-fbce-4485-b5b8-fab4340b707e,b1st-,39,1,2026-08-05T00:00:00+00:00,2026-08-12T00:00:00+00:00,7,141,108,0,7,ok,1.3055555555555556,normal,76.41723356009071
3ecdb88c-0a97-457f-a130-d0782176f94d,FenomeN--,40,1,2026-08-05T00:00:00+00:00,2026-08-12T00:00:00+00:00,0,0,0,0,0,sem_partidas,,sem_partidas,
31cf2b21-6afc-4bac-a36f-40cebaa6f862,cartilag,41,1,2026-08-05T00:00:00+00:00,2026-08-12T00:00:00+00:00,23,473,336,0,23,ok,1.4077380952380953,normal,89.1156462585034
7c15da7f-39d6-4f8d-b237-ddcc58d0751b,hey666,42,1,2026-08-05T00:00:00+00:00,2026-08-12T00:00:00+00:00,65,1136,1075,0,65,ok,1.0567441860465117,normal,23.582766439909296
4b6a67fe-50fb-462d-9940-568d8ebd3f83,0SAMAS,43,1,2026-08-05T00:00:00+00:00,2026-08-12T00:00:00+00:00,6,102,90,0,6,ok,1.1333333333333333,normal,43.76417233560091
18842687-3e2e-45fc-a146-0cc8d4d398e9,ayuki222,44,1,2026-08-05T00:00:00+00:00,2026-08-12T00:00:00+00:00,5,105,94,0,5,ok,1.1170212765957446,normal,38.775510204081634
e1c59162-b1e7-48c6-9831-eff3170045af,Tri-Borgg1,45,1,2026-08-05T00:00:00+00:00,2026-08-12T00:00:00+00:00,2,38,32,0,2,ok,1.1875,normal,55.55555555555556
24f68939-d90a-4e47-8e43-7e5137c86f48,stressarN,46,1,2026-08-05T00:00:00+00:00,2026-08-12T00:00:00+00:00,0,0,0,0,0,sem_partidas,,sem_partidas,
bf4c5d97-d8c0-4d0f-bdf3-26066898a7b9,777thienlao,47,1,2026-08-05T00:00:00+00:00,2026-08-12T00:00:00+00:00,36,717,546,0,36,ok,1.3131868131868132,normal,77.55102040816327
4df4d439-0a99-470c-9c36-83b9405a2640,Pump-,48,1,2026-08-05T00:00:00+00:00,2026-08-12T00:00:00+00:00,2,45,23,0,2,ok,1.9565217391304348,outlier_positivo,99.54648526077098
2d2af39e-de80-4670-91da-3a5f7c4a6d32,alkarenn56,49,1,2026-08-05T00:00:00+00:00,2026-08-12T00:00:00+00:00,10,199,169,0,10,ok,1.1775147928994083,normal,53.06122448979592
898780b2-bf70-4c28-8e0d-b9600be8397e,zweih1221,50,1,2026-08-05T00:00:00+00:00,2026-08-12T00:00:00+00:00,16,297,216,0,16,ok,1.375,normal,86.84807256235828
009623b1-dd6e-4551-959e-990a21657f93,Mzinho,51,1,2026-08-05T00:00:00+00:00,2026-08-12T00:00:00+00:00,8,139,103,0,8,ok,1.3495145631067962,normal,82.99319727891157
ee98a960-c028-4fc6-a62f-af6244e6226e,SiKO-_,52,1,2026-08-05T00:00:00+00:00,2026-08-12T00:00:00+00:00,28,544,436,0,28,ok,1.2477064220183487,normal,66.43990929705215
a280ed8a-3e2b-4305-8e71-fb4c9cc7fa98,kl1m--,53,1,2026-08-05T00:00:00+00:00,2026-08-12T00:00:00+00:00,6,131,68,0,6,ok,1.9264705882352942,outlier_positivo,99.31972789115646
d9e2a538-9722-4d1c-9925-958f849de1ea,NertZ,54,1,2026-08-05T00:00:00+00:00,2026-08-12T00:00:00+00:00,28,603,439,0,28,ok,1.3735763097949887,normal,86.62131519274377
553eaffc-58b4-4534-8310-cc19b37f72de,lattykk,55,1,2026-08-05T00:00:00+00:00,2026-08-12T00:00:00+00:00,0,0,0,0,0,sem_partidas,,sem_partidas,
c5c1fd40-16a4-4a4f-81ff-b21839a9353b,-FpSSSSSSSSS,56,1,2026-08-05T00:00:00+00:00,2026-08-12T00:00:00+00:00,30,574,530,0,30,ok,1.0830188679245283,normal,29.931972789115648
840ac5b1-cf1e-4e54-aa54-fbb11bffd146,Kingway0,57,1,2026-08-05T00:00:00+00:00,2026-08-12T00:00:00+00:00,45,785,726,0,45,ok,1.081267217630854,normal,29.47845804988662
dbba8660-90d5-432e-8eda-5e766ae13d23,top1sacer,58,1,2026-08-05T00:00:00+00:00,2026-08-12T00:00:00+00:00,12,247,228,0,12,ok,1.0833333333333333,normal,30.385487528344672
2864bdaf-21ab-4757-bab6-3262bec18ec5,ooh,59,1,2026-08-05T00:00:00+00:00,2026-08-12T00:00:00+00:00,19,280,307,0,19,ok,0.9120521172638436,normal,4.535147392290249
b9124784-0b46-4279-b95a-9e6c0a3701c6,rokilan,60,1,2026-08-05T00:00:00+00:00,2026-08-12T00:00:00+00:00,4,81,68,0,4,ok,1.1911764705882353,normal,56.00907029478458
d5f8380b-673c-4d53-8bbb-d537131ae2cf,Keksimage,61,1,2026-08-05T00:00:00+00:00,2026-08-12T00:00:00+00:00,60,924,872,0,60,ok,1.0596330275229358,normal,24.03628117913832
7657e31e-7356-4b24-9930-140c13afda49,Donii,62,1,2026-08-05T00:00:00+00:00,2026-08-12T00:00:00+00:00,32,567,497,0,32,ok,1.1408450704225352,normal,44.44444444444444
86ff5145-8f7f-49f2-b971-c9945f696e71,rendysky,63,1,2026-08-05T00:00:00+00:00,2026-08-12T00:00:00+00:00,10,246,148,0,10,ok,1.662162162162162,outlier_positivo,98.1859410430839
39bcd70b-01c9-439a-b1ef-029c92ec42ce,M1key-,64,1,2026-08-05T00:00:00+00:00,2026-08-12T00:00:00+00:00,9,136,137,0,9,ok,0.9927007299270073,normal,12.471655328798185
b3df676a-ce32-4229-8144-9329bb7a247b,dement3r-,65,1,2026-08-05T00:00:00+00:00,2026-08-12T00:00:00+00:00,29,508,449,0,29,ok,1.1314031180400892,normal,43.08390022675737
0372e659-5677-4481-aff7-496d2596e5cf,m3wsu,66,1,2026-08-05T00:00:00+00:00,2026-08-12T00:00:00+00:00,39,752,574,0,39,ok,1.3101045296167246,normal,77.32426303854876
e767b78c-8a2d-4bee-b65c-766dd8bab560,gooddeph-7-,67,1,2026-08-05T00:00:00+00:00,2026-08-12T00:00:00+00:00,0,0,0,0,0,sem_partidas,,sem_partidas,
c93012d6-5e6e-4b84-b39f-b7d4cadfa75c,OGbrigada77,68,1,2026-08-05T00:00:00+00:00,2026-08-12T00:00:00+00:00,38,693,595,0,38,ok,1.1647058823529413,normal,49.43310657596372
b5ecf6b6-0ad9-4976-9f6a-92470ea1c92d,FAZERY,69,1,2026-08-05T00:00:00+00:00,2026-08-12T00:00:00+00:00,15,254,227,0,15,ok,1.118942731277533,normal,39.682539682539684
4513b098-01b1-4bb5-aa89-8bfaa5ad92d1,k0gaSs,70,1,2026-08-05T00:00:00+00:00,2026-08-12T00:00:00+00:00,33,596,484,1,34,dados_incompletos,,dados_incompletos,
75d9c4f8-7cef-4f19-9dd5-500ef0a5b9f0,thecursed-,71,1,2026-08-05T00:00:00+00:00,2026-08-12T00:00:00+00:00,22,409,356,0,22,ok,1.148876404494382,normal,46.71201814058957
e64f169f-cf2f-47f1-aa84-0b04a9566c53,sqw--,72,1,2026-08-05T00:00:00+00:00,2026-08-12T00:00:00+00:00,40,646,556,0,40,ok,1.1618705035971224,normal,48.75283446712018
c11367d0-bbdd-4398-9a32-858ac23bf950,Maarkoos,73,1,2026-08-05T00:00:00+00:00,2026-08-12T00:00:00+00:00,44,802,704,0,44,ok,1.1392045454545454,normal,43.99092970521542
f2dea182-d1b6-42eb-a95c-909604817c12,idifuxa,74,1,2026-08-05T00:00:00+00:00,2026-08-12T00:00:00+00:00,14,259,180,0,14,ok,1.4388888888888889,normal,91.60997732426304
10735fa0-ab32-4b53-9725-f2f6ce9090de,youka,75,1,2026-08-05T00:00:00+00:00,2026-08-12T00:00:00+00:00,10,220,162,0,10,ok,1.3580246913580247,normal,84.58049886621315
b3eca94a-e203-49b3-beeb-d994f6a4df63,--Mokuj1n,76,1,2026-08-05T00:00:00+00:00,2026-08-12T00:00:00+00:00,20,372,300,0,20,ok,1.24,normal,65.3061224489796
3ae0a945-fef4-4738-b6b9-7b3b5db7f249,PR--,77,1,2026-08-05T00:00:00+00:00,2026-08-12T00:00:00+00:00,16,300,239,0,16,ok,1.2552301255230125,normal,68.70748299319727
e8d95f8f-ecb3-4bd2-9dd0-28da03c253f0,brutmonster,78,1,2026-08-05T00:00:00+00:00,2026-08-12T00:00:00+00:00,35,622,533,0,35,ok,1.1669793621013134,normal,50.79365079365079
560a0af8-5fcd-46fb-ace8-7a89ce987b27,dezl3bio,79,1,2026-08-05T00:00:00+00:00,2026-08-12T00:00:00+00:00,16,298,265,0,16,ok,1.1245283018867924,normal,40.816326530612244
93306681-bce6-4369-8c41-e0bdba2597ed,m0NESY,80,1,2026-08-05T00:00:00+00:00,2026-08-12T00:00:00+00:00,2,36,33,0,2,ok,1.0909090909090908,normal,32.19954648526077
cb38b461-9ead-4683-9406-237263c331db,slaxejezzz,81,1,2026-08-05T00:00:00+00:00,2026-08-12T00:00:00+00:00,21,384,320,0,21,ok,1.2,normal,57.82312925170068
f45986f7-7618-485e-a9ff-ee3e629589cc,MaSvAl,82,1,2026-08-05T00:00:00+00:00,2026-08-12T00:00:00+00:00,12,229,171,0,12,ok,1.3391812865497077,normal,81.63265306122449
860eb93d-a963-418c-9e2c-69d39f270eb3,Krabeni,83,1,2026-08-05T00:00:00+00:00,2026-08-12T00:00:00+00:00,24,496,387,0,24,ok,1.2816537467700257,normal,73.01587301587301
657680fd-36af-4fa3-a506-8e1f6e64a1ff,kensizor,84,1,2026-08-05T00:00:00+00:00,2026-08-12T00:00:00+00:00,34,630,488,0,34,ok,1.290983606557377,normal,75.05668934240363
00beb86f-d29e-4f4f-ad7c-580d9b1434b4,es0r7,85,1,2026-08-05T00:00:00+00:00,2026-08-12T00:00:00+00:00,32,558,465,0,32,ok,1.2,normal,57.82312925170068
70afdb5a-9362-4aa9-bfcd-2e10e6447293,heavensent,86,1,2026-08-05T00:00:00+00:00,2026-08-12T00:00:00+00:00,47,835,677,0,47,ok,1.2333825701624814,normal,63.94557823129252
1a4ed498-cee4-44e7-8fee-ce1ecba7647c,executor,87,1,2026-08-05T00:00:00+00:00,2026-08-12T00:00:00+00:00,10,166,122,0,10,ok,1.360655737704918,normal,84.80725623582767
ff5a0714-0b89-4646-a6b3-34fc571913ff,Dyshbert,88,1,2026-08-05T00:00:00+00:00,2026-08-12T00:00:00+00:00,59,1058,926,0,59,ok,1.142548596112311,normal,45.12471655328798
f2ed130e-93c9-46c9-8f93-377b18a43007,m4tthiXD,89,1,2026-08-05T00:00:00+00:00,2026-08-12T00:00:00+00:00,24,347,340,0,24,ok,1.0205882352941176,normal,16.3265306122449
f2fe1b0a-5106-4943-a66e-61e9dad480e4,shen,90,1,2026-08-05T00:00:00+00:00,2026-08-12T00:00:00+00:00,29,543,457,0,29,ok,1.188183807439825,normal,55.78231292517006
2d746c13-16de-48bf-a8a2-b7a0341aa66d,day0sTV,91,1,2026-08-05T00:00:00+00:00,2026-08-12T00:00:00+00:00,0,0,0,0,0,sem_partidas,,sem_partidas,
9ba15dee-7a51-4524-a502-5161dbf1a604,Kiryasoo,92,1,2026-08-05T00:00:00+00:00,2026-08-12T00:00:00+00:00,57,1231,886,0,57,ok,1.389390519187359,normal,88.20861678004536
981a95bd-ff59-4ead-80ca-55cd3a3034ba,bl1x1,93,1,2026-08-05T00:00:00+00:00,2026-08-12T00:00:00+00:00,9,167,132,1,10,dados_incompletos,,dados_incompletos,
07a67e4b-d42c-4352-802c-56f3d8a0c357,skept1K,94,1,2026-08-05T00:00:00+00:00,2026-08-12T00:00:00+00:00,13,247,195,0,13,ok,1.2666666666666666,normal,70.97505668934241
fb1af1d5-eee3-46e3-9939-01df9420b9d6,xelex,95,1,2026-08-05T00:00:00+00:00,2026-08-12T00:00:00+00:00,8,145,106,0,8,ok,1.3679245283018868,normal,85.94104308390023
f021a295-77ea-4eb4-a86d-f5de0fbae819,-k9ppy,96,1,2026-08-05T00:00:00+00:00,2026-08-12T00:00:00+00:00,30,465,466,0,30,ok,0.9978540772532188,normal,13.151927437641723
3debc071-8e59-4823-86ab-ed3996ecc200,aMPYLS0N,97,1,2026-08-05T00:00:00+00:00,2026-08-12T00:00:00+00:00,45,652,726,0,45,ok,0.8980716253443526,normal,3.8548752834467117
7dbf107a-1199-4932-823e-e38ccc46288e,MaiL09,98,1,2026-08-05T00:00:00+00:00,2026-08-12T00:00:00+00:00,23,474,368,0,23,ok,1.2880434782608696,normal,74.60317460317461
bd0c2058-84d7-42a7-9e52-d42caa1bcc47,Djon8,99,1,2026-08-05T00:00:00+00:00,2026-08-12T00:00:00+00:00,4,69,57,0,4,ok,1.2105263157894737,normal,60.317460317460316
72e06938-b0cd-43d3-90d7-7db513dcfa0f,la3euka,100,1,2026-08-05T00:00:00+00:00,2026-08-12T00:00:00+00:00,33,613,544,0,33,ok,1.1268382352941178,normal,41.269841269841265
9fd59dc3-fcff-4a13-a40b-52fe7391020b,headmashin1e,101,1,2026-08-05T00:00:00+00:00,2026-08-12T00:00:00+00:00,60,997,902,0,60,ok,1.105321507760532,normal,35.600907029478456
df7166cf-725c-4438-94a8-069e6df31a56,adex_-,102,1,2026-08-05T00:00:00+00:00,2026-08-12T00:00:00+00:00,32,549,428,1,33,dados_incompletos,,dados_incompletos,
ad239f19-d904-4771-8e6b-5a6c071bb94c,tO0RO,103,1,2026-08-05T00:00:00+00:00,2026-08-12T00:00:00+00:00,7,112,90,0,7,ok,1.2444444444444445,normal,65.75963718820861
b16878a2-01c6-4d99-8a2e-7a9bc32a83a5,t3ns1on,104,1,2026-08-05T00:00:00+00:00,2026-08-12T00:00:00+00:00,11,198,155,0,11,ok,1.2774193548387096,normal,72.33560090702947
d649f36b-8ea1-4f0b-b326-a631f8508938,-Kunai,105,1,2026-08-05T00:00:00+00:00,2026-08-12T00:00:00+00:00,10,182,130,0,10,ok,1.4,normal,88.66213151927438
dca638b9-fd2d-40eb-b7c6-c853242618d0,iRV1NG,106,1,2026-08-05T00:00:00+00:00,2026-08-12T00:00:00+00:00,44,733,699,0,44,ok,1.0486409155937053,normal,22.22222222222222
d413e287-2af5-49cc-a95c-8825702fa233,seximanjak,107,1,2026-08-05T00:00:00+00:00,2026-08-12T00:00:00+00:00,34,580,563,0,34,ok,1.030195381882771,normal,19.047619047619047
1e01229f-b0d8-4cb1-82f0-6fd7dc362990,Qlocuu,108,1,2026-08-05T00:00:00+00:00,2026-08-12T00:00:00+00:00,12,193,150,0,12,ok,1.2866666666666666,normal,74.37641723356009
e8efe2d2-a8a7-428f-87b3-d2b3c29e0e5f,Anlelele,109,1,2026-08-05T00:00:00+00:00,2026-08-12T00:00:00+00:00,4,84,64,1,5,dados_incompletos,,dados_incompletos,
5ef454c3-1ff3-4a9d-a2df-097cbcb911a3,ayanokojii,110,1,2026-08-05T00:00:00+00:00,2026-08-12T00:00:00+00:00,38,681,566,0,38,ok,1.2031802120141342,normal,58.27664399092971
329c6a46-4acf-404a-8a29-fd391e6a88de,-kRyTouS,111,1,2026-08-05T00:00:00+00:00,2026-08-12T00:00:00+00:00,24,467,341,0,24,ok,1.3695014662756597,normal,86.39455782312925
2f96ef6e-c6f9-4c55-bee9-c49798801fd4,puuha,112,1,2026-08-05T00:00:00+00:00,2026-08-12T00:00:00+00:00,3,48,69,0,3,ok,0.6956521739130435,outlier_negativo,0.45351473922902497
085e0f56-1417-48df-b9f8-2279c8756854,musordrop853,113,1,2026-08-05T00:00:00+00:00,2026-08-12T00:00:00+00:00,37,698,543,0,37,ok,1.285451197053407,normal,73.92290249433107
dcc5bb48-c74c-413e-9773-20d3294dcbb0,MoDo,114,1,2026-08-05T00:00:00+00:00,2026-08-12T00:00:00+00:00,6,117,73,0,6,ok,1.6027397260273972,normal,96.82539682539682
c84f9dbb-69e3-4d31-a283-21516bfe9a3d,Cliqq,115,1,2026-08-05T00:00:00+00:00,2026-08-12T00:00:00+00:00,11,231,175,0,11,ok,1.32,normal,79.13832199546485
559a164d-93d6-4197-a902-f9cd92ee65ff,ketsuo,116,1,2026-08-05T00:00:00+00:00,2026-08-12T00:00:00+00:00,6,96,71,0,6,ok,1.352112676056338,normal,83.21995464852607
7ea66ae5-c99f-4846-8fc2-cd6e03a5559f,kurosa,117,1,2026-08-05T00:00:00+00:00,2026-08-12T00:00:00+00:00,28,556,470,0,28,ok,1.1829787234042553,normal,54.421768707483
b6daa950-11e5-4f51-b58e-b4e01e112500,sirah,118,1,2026-08-05T00:00:00+00:00,2026-08-12T00:00:00+00:00,0,0,0,0,0,sem_partidas,,sem_partidas,
64696280-3883-4ef0-ad27-4b5748dd0985,ICY--,119,1,2026-08-05T00:00:00+00:00,2026-08-12T00:00:00+00:00,35,670,546,0,35,ok,1.2271062271062272,normal,62.131519274376416
55c8eb63-6051-4e71-a95a-711a47b5cef0,Beccie,120,1,2026-08-05T00:00:00+00:00,2026-08-12T00:00:00+00:00,27,499,369,0,27,ok,1.3523035230352303,normal,83.6734693877551
60aa5adc-ce7d-488c-a52b-20d69663177f,bleedmagneto,121,1,2026-08-05T00:00:00+00:00,2026-08-12T00:00:00+00:00,38,851,593,1,39,dados_incompletos,,dados_incompletos,
74f9240e-fe24-4aac-aa37-53b2b5e804d8,-Staehr-,122,1,2026-08-05T00:00:00+00:00,2026-08-12T00:00:00+00:00,17,321,251,0,17,ok,1.2788844621513944,normal,72.56235827664399
21046047-4026-4689-8f01-dc5d6588f120,halfjix,123,1,2026-08-05T00:00:00+00:00,2026-08-12T00:00:00+00:00,43,760,724,0,43,ok,1.0497237569060773,normal,22.67573696145125
39056d07-cdc5-4613-906d-e900a1f781a2,-xTRAVIS,124,1,2026-08-05T00:00:00+00:00,2026-08-12T00:00:00+00:00,30,574,447,0,30,ok,1.284116331096197,normal,73.69614512471655
790ce1ad-38e3-4a45-b44a-5d33658102e6,qw1nk1,125,1,2026-08-05T00:00:00+00:00,2026-08-12T00:00:00+00:00,3,47,35,0,3,ok,1.3428571428571427,normal,82.31292517006803
cd6867e2-cc11-4456-a649-ca87609f56eb,bodygu4rdd,126,1,2026-08-05T00:00:00+00:00,2026-08-12T00:00:00+00:00,34,542,502,0,34,ok,1.0796812749003983,normal,29.25170068027211
4d6756dc-387a-499c-89ad-d7bc558c4c95,bobeksde,127,1,2026-08-05T00:00:00+00:00,2026-08-12T00:00:00+00:00,33,611,515,0,33,ok,1.1864077669902913,normal,55.10204081632652
414273a0-38f0-4680-9f85-204aa8649c3a,premtroll,128,1,2026-08-05T00:00:00+00:00,2026-08-12T00:00:00+00:00,13,212,138,0,13,ok,1.536231884057971,normal,96.3718820861678
3f6dc8a5-1881-4955-b78c-573f57f3646f,h21f,129,1,2026-08-05T00:00:00+00:00,2026-08-12T00:00:00+00:00,11,178,160,0,11,ok,1.1125,normal,38.095238095238095
3af5d1af-75db-4cc2-aa8b-76b1f1b76af8,xEternaLxx,130,1,2026-08-05T00:00:00+00:00,2026-08-12T00:00:00+00:00,15,289,249,0,15,ok,1.1606425702811245,normal,48.52607709750567
c71b99ef-1147-4529-b0df-ebe1d743c04b,amaterasu27,131,1,2026-08-05T00:00:00+00:00,2026-08-12T00:00:00+00:00,28,453,412,0,28,ok,1.0995145631067962,normal,34.69387755102041
4af7ce32-5534-4bca-9a8e-1d3b3ecb9585,Netrix,132,1,2026-08-05T00:00:00+00:00,2026-08-12T00:00:00+00:00,32,520,488,0,32,ok,1.0655737704918034,normal,24.94331065759637
74331d2e-c318-43aa-9b4d-106b209412ac,91914,133,1,2026-08-05T00:00:00+00:00,2026-08-12T00:00:00+00:00,17,276,231,0,17,ok,1.1948051948051948,normal,56.68934240362812
f67e6116-a332-4414-be60-fb4cc06da41c,11chigiri,134,1,2026-08-05T00:00:00+00:00,2026-08-12T00:00:00+00:00,88,1429,1351,0,88,ok,1.0577350111028867,normal,23.809523809523807
ab74ab79-36ce-4c44-a09d-453006dcf9e1,awks,135,1,2026-08-05T00:00:00+00:00,2026-08-12T00:00:00+00:00,77,1160,1158,0,77,ok,1.001727115716753,normal,13.83219954648526
0c938952-475b-4689-ad04-60100e76ef81,r1pa4-,136,1,2026-08-05T00:00:00+00:00,2026-08-12T00:00:00+00:00,22,400,365,0,22,ok,1.095890410958904,normal,33.560090702947846
be2af9a3-ef6d-428c-b8f4-6921d6275638,wetfy,137,1,2026-08-05T00:00:00+00:00,2026-08-12T00:00:00+00:00,11,204,149,0,11,ok,1.3691275167785235,normal,86.16780045351474
826a8c4b-9b0f-403e-8bc8-11295ff894ff,28ddeiv,138,1,2026-08-05T00:00:00+00:00,2026-08-12T00:00:00+00:00,0,0,0,0,0,sem_partidas,,sem_partidas,
33268a14-c768-41f4-819e-cec913a99b82,seberya,139,1,2026-08-05T00:00:00+00:00,2026-08-12T00:00:00+00:00,31,604,474,0,31,ok,1.2742616033755274,normal,71.88208616780045
36f96e7b-6bf3-48b1-8f1a-cd35aee83702,sSen,140,1,2026-08-05T00:00:00+00:00,2026-08-12T00:00:00+00:00,0,0,0,0,0,sem_partidas,,sem_partidas,
d9168434-7466-43ed-9a8c-f883d953d77d,SnexLy,141,1,2026-08-05T00:00:00+00:00,2026-08-12T00:00:00+00:00,2,37,29,0,2,ok,1.2758620689655173,normal,72.10884353741497
ee99d9a7-d14b-4642-9731-0890b63be81e,1suzu,142,1,2026-08-05T00:00:00+00:00,2026-08-12T00:00:00+00:00,33,606,506,0,33,ok,1.1976284584980237,normal,56.916099773242635
bae31a43-7767-4d7a-be80-429992f78ec0,cronuss,143,1,2026-08-05T00:00:00+00:00,2026-08-12T00:00:00+00:00,13,220,201,0,13,ok,1.0945273631840795,normal,32.87981859410431
e326eb2d-4e3e-4ebe-a34d-4a07def33893,adamS,144,1,2026-08-05T00:00:00+00:00,2026-08-12T00:00:00+00:00,11,216,133,0,11,ok,1.6240601503759398,normal,97.73242630385488
f858b6d9-5717-4335-8d4d-166a9fc305bc,Mride,145,1,2026-08-05T00:00:00+00:00,2026-08-12T00:00:00+00:00,35,592,552,0,35,ok,1.0724637681159421,normal,26.75736961451247
591e26a3-eb86-4d4c-afa8-b5754455dc03,w0nderful,146,1,2026-08-05T00:00:00+00:00,2026-08-12T00:00:00+00:00,11,224,167,0,11,ok,1.341317365269461,normal,81.85941043083899
b0f7ff0c-5051-4826-9dd4-b7e0219de821,fakerealityy,147,1,2026-08-05T00:00:00+00:00,2026-08-12T00:00:00+00:00,0,0,0,0,0,sem_partidas,,sem_partidas,
7a51f50f-6fdd-4fe8-9c30-455cd3b8d694,yasxozhysyma,148,1,2026-08-05T00:00:00+00:00,2026-08-12T00:00:00+00:00,13,229,170,0,13,ok,1.3470588235294119,normal,82.76643990929705
5ffc6439-29f3-47a6-aebb-f73ef591827c,soerrr,149,1,2026-08-05T00:00:00+00:00,2026-08-12T00:00:00+00:00,25,425,395,0,25,ok,1.0759493670886076,normal,27.66439909297052
4c3a4a59-0cdb-4477-b90b-1109a1d0cf13,BOROS,150,1,2026-08-05T00:00:00+00:00,2026-08-12T00:00:00+00:00,32,661,554,0,32,ok,1.1931407942238268,normal,56.4625850340136
df5ba290-c6a6-4481-8e9e-d16ceb4dbc6b,KaiR0N-993,151,1,2026-08-05T00:00:00+00:00,2026-08-12T00:00:00+00:00,29,569,471,0,29,ok,1.208067940552017,normal,59.410430839002274
793ea9e5-fef6-4571-9b30-7c5d9f323215,darui,152,1,2026-08-05T00:00:00+00:00,2026-08-12T00:00:00+00:00,0,0,0,0,0,sem_partidas,,sem_partidas,
a99dd5a7-45a6-4019-8bc6-0f30fd554ef5,aidKiT,153,1,2026-08-05T00:00:00+00:00,2026-08-12T00:00:00+00:00,3,63,39,0,3,ok,1.6153846153846154,normal,97.27891156462584
0965c421-4957-4e48-86e2-2c3966abae3f,cairne-,154,1,2026-08-05T00:00:00+00:00,2026-08-12T00:00:00+00:00,4,91,73,0,4,ok,1.2465753424657535,normal,66.21315192743764
4cabcf3b-8baa-4c71-a1d3-cf98d581e971,Toshiikk,155,1,2026-08-05T00:00:00+00:00,2026-08-12T00:00:00+00:00,32,573,498,0,32,ok,1.1506024096385543,normal,46.93877551020408
cb0cc456-8ae0-438f-bf8b-4e000e4e0476,s4rsen-,156,1,2026-08-05T00:00:00+00:00,2026-08-12T00:00:00+00:00,45,908,696,0,45,ok,1.3045977011494252,normal,76.19047619047619
24636d00-25cc-4ab7-9cbd-67c633c08d0c,topo-,157,1,2026-08-05T00:00:00+00:00,2026-08-12T00:00:00+00:00,7,141,113,0,7,ok,1.247787610619469,normal,66.66666666666666
d15e9f85-12c3-4ad9-a174-6d0248d6393d,Nosik,158,1,2026-08-05T00:00:00+00:00,2026-08-12T00:00:00+00:00,15,266,210,0,15,ok,1.2666666666666666,normal,70.97505668934241
c41561a6-a5f4-459c-8a5c-bde5f8eac911,Muk0s,159,1,2026-08-05T00:00:00+00:00,2026-08-12T00:00:00+00:00,53,755,872,0,53,ok,0.8658256880733946,normal,2.494331065759637
8b3dcf0e-1a09-409e-b4a9-51002dc2079f,WaSdyy,160,1,2026-08-05T00:00:00+00:00,2026-08-12T00:00:00+00:00,25,482,355,0,25,ok,1.3577464788732394,normal,84.35374149659864
d700efb0-363a-468d-88cd-f22c3567bcd6,rose88,161,1,2026-08-05T00:00:00+00:00,2026-08-12T00:00:00+00:00,27,418,366,0,27,ok,1.1420765027322404,normal,44.89795918367347
67345c91-57b6-42dc-b49c-330b091da3a6,chronic111,162,1,2026-08-05T00:00:00+00:00,2026-08-12T00:00:00+00:00,12,214,191,1,13,dados_incompletos,,dados_incompletos,
08eb0b0f-b360-4b61-94ad-c949afd665ea,Krimbo,163,1,2026-08-05T00:00:00+00:00,2026-08-12T00:00:00+00:00,3,47,38,0,3,ok,1.236842105263158,normal,64.62585034013605
ae6f1503-1de9-4b9b-9a29-f1b9de916870,jabbi,164,1,2026-08-05T00:00:00+00:00,2026-08-12T00:00:00+00:00,12,189,180,0,12,ok,1.05,normal,22.90249433106576
43857419-1f5a-4b9d-aba7-011092133de3,KENNY-_,165,1,2026-08-05T00:00:00+00:00,2026-08-12T00:00:00+00:00,31,542,460,0,31,ok,1.1782608695652175,normal,53.51473922902494
5e18dd12-2e40-48c4-a66f-886108f095ed,HeavyGod,166,1,2026-08-05T00:00:00+00:00,2026-08-12T00:00:00+00:00,27,560,367,0,27,ok,1.5258855585831064,normal,96.14512471655328
4c27b599-0a56-4f3e-80cb-6ef83b6df2cf,Slaxx-,167,1,2026-08-05T00:00:00+00:00,2026-08-12T00:00:00+00:00,22,420,308,0,22,ok,1.3636363636363635,normal,85.4875283446712
f3fef601-52ca-4bd2-8ec6-9e9f532a6c6b,nikusharain,168,1,2026-08-05T00:00:00+00:00,2026-08-12T00:00:00+00:00,56,1067,899,0,56,ok,1.1868743047830923,normal,55.32879818594104
c519d8f3-0c93-4476-af3e-38395ee7c297,teses,169,1,2026-08-05T00:00:00+00:00,2026-08-12T00:00:00+00:00,11,248,166,0,11,ok,1.4939759036144578,normal,93.42403628117914
a699663a-e65d-4c93-9a92-fd5a91955cc4,cadnyx,170,1,2026-08-05T00:00:00+00:00,2026-08-12T00:00:00+00:00,25,467,369,0,25,ok,1.2655826558265582,normal,70.29478458049887
078ff0df-ebb9-4352-b7ee-dc2044dd676f,-finW,171,1,2026-08-05T00:00:00+00:00,2026-08-12T00:00:00+00:00,13,242,209,0,13,ok,1.1578947368421053,normal,47.84580498866213
84f4489d-e23e-4a8a-b3c5-dccf57610195,-rim3,172,1,2026-08-05T00:00:00+00:00,2026-08-12T00:00:00+00:00,37,710,529,0,37,ok,1.3421550094517958,normal,82.08616780045351
6dc1d190-e2e0-4762-9fbe-5f3d40ea1522,Br4tkO,173,1,2026-08-05T00:00:00+00:00,2026-08-12T00:00:00+00:00,55,911,794,0,55,ok,1.1473551637279598,normal,46.03174603174603
b030ed65-9170-4668-9bfa-ac6c2e53954c,St0m4k,174,1,2026-08-05T00:00:00+00:00,2026-08-12T00:00:00+00:00,0,0,0,0,0,sem_partidas,,sem_partidas,
36577e6e-2c58-4812-bc6a-6b110ce00e56,nesh66,175,1,2026-08-05T00:00:00+00:00,2026-08-12T00:00:00+00:00,66,1219,1090,0,66,ok,1.118348623853211,normal,39.455782312925166
bc74e768-9ee4-4472-bb10-6280b47fb94b,mak1se,176,1,2026-08-05T00:00:00+00:00,2026-08-12T00:00:00+00:00,7,123,81,0,7,ok,1.5185185185185186,normal,95.46485260770974
d5fa1a5b-9fde-4996-bd1e-bab0aa9bb0d2,ryu777,177,1,2026-08-05T00:00:00+00:00,2026-08-12T00:00:00+00:00,31,640,446,0,31,ok,1.4349775784753362,normal,90.9297052154195
8d345deb-661c-4286-b663-96679d9bcda7,DEBABA,178,1,2026-08-05T00:00:00+00:00,2026-08-12T00:00:00+00:00,38,603,599,0,38,ok,1.006677796327212,normal,14.965986394557824
41867c48-0982-4608-af44-d9749c2b5b6a,MoNaTy,179,1,2026-08-05T00:00:00+00:00,2026-08-12T00:00:00+00:00,0,0,0,0,0,sem_partidas,,sem_partidas,
1e1d8f20-c572-4e53-bf37-4590a5512687,--DeDe,180,1,2026-08-05T00:00:00+00:00,2026-08-12T00:00:00+00:00,40,620,596,0,40,ok,1.0402684563758389,normal,21.31519274376417
2e65b3ea-fdb0-466c-9aca-89e170c67b61,depact,181,1,2026-08-05T00:00:00+00:00,2026-08-12T00:00:00+00:00,67,988,1071,0,67,ok,0.9225023342670402,normal,5.215419501133787
ab2bf7fd-7997-4a7a-9c94-6b7d52ffd200,yxngstxr,182,1,2026-08-05T00:00:00+00:00,2026-08-12T00:00:00+00:00,29,604,452,0,29,ok,1.336283185840708,normal,80.95238095238095
5be133c1-38b6-4dde-9107-b64c7458452e,notineki,183,1,2026-08-05T00:00:00+00:00,2026-08-12T00:00:00+00:00,34,625,498,0,34,ok,1.2550200803212852,normal,68.25396825396825
a258abc5-326b-4824-a9ad-b3fa2855b712,kalymbs1,184,1,2026-08-05T00:00:00+00:00,2026-08-12T00:00:00+00:00,8,153,121,0,8,ok,1.2644628099173554,normal,69.61451247165533
02b26fe9-49d1-47e7-afa0-1b5c562ca4e2,KatzRead,185,1,2026-08-05T00:00:00+00:00,2026-08-12T00:00:00+00:00,47,687,708,0,47,ok,0.9703389830508474,normal,8.616780045351474
194afbb1-cb96-4fc8-8bd6-5f932b3fcfa3,susp,186,1,2026-08-05T00:00:00+00:00,2026-08-12T00:00:00+00:00,5,101,70,0,5,ok,1.4428571428571428,normal,91.83673469387756
95adb33f-5e6f-4c6d-be25-f2e8b1d9c628,Amarogo,187,1,2026-08-05T00:00:00+00:00,2026-08-12T00:00:00+00:00,26,481,412,0,26,ok,1.1674757281553398,normal,51.247165532879826
32c49d7e-20fc-4fb5-a54a-c99f90262311,emiIio-,188,1,2026-08-05T00:00:00+00:00,2026-08-12T00:00:00+00:00,44,799,644,0,44,ok,1.2406832298136645,normal,65.5328798185941
2060bf4b-cf44-41ad-92ca-2492bc95f88d,2016wasfun,189,1,2026-08-05T00:00:00+00:00,2026-08-12T00:00:00+00:00,48,771,762,0,48,ok,1.0118110236220472,normal,15.192743764172336
504ca567-8911-45dd-a680-a617dff2c00c,swetsi_1win,190,1,2026-08-05T00:00:00+00:00,2026-08-12T00:00:00+00:00,46,884,754,0,46,ok,1.1724137931034482,normal,52.15419501133787
b27101a3-c6e1-44c8-b83d-19dab54cb7ac,sl3nd-,191,1,2026-08-05T00:00:00+00:00,2026-08-12T00:00:00+00:00,9,198,135,0,9,ok,1.4666666666666666,normal,92.7437641723356
472386e2-8e2b-43ab-bd00-5ea49d71d33b,7MusorDrop67,192,1,2026-08-05T00:00:00+00:00,2026-08-12T00:00:00+00:00,30,466,448,0,30,ok,1.0401785714285714,normal,21.08843537414966
931f1364-a519-43c6-ab02-a73e8416481a,Saax_,193,1,2026-08-05T00:00:00+00:00,2026-08-12T00:00:00+00:00,81,1249,1297,1,82,dados_incompletos,,dados_incompletos,
967b6309-c289-4900-8459-0e33ce488b1c,L00m1,194,1,2026-08-05T00:00:00+00:00,2026-08-12T00:00:00+00:00,2,38,39,0,2,ok,0.9743589743589743,normal,9.297052154195011
b8c3743e-a4c3-4168-ad0f-348a37a77a72,GrandLove,195,1,2026-08-05T00:00:00+00:00,2026-08-12T00:00:00+00:00,63,963,1086,0,63,ok,0.8867403314917127,normal,2.947845804988662
dfc49048-07fd-4d4e-825d-f2d7f155c4bb,somehxw,196,1,2026-08-05T00:00:00+00:00,2026-08-12T00:00:00+00:00,28,518,501,0,28,ok,1.033932135728543,normal,19.727891156462583
3e7ed0d7-2105-4d2d-929a-f6befe6d8cc0,ayalkasi,197,1,2026-08-05T00:00:00+00:00,2026-08-12T00:00:00+00:00,31,468,473,1,32,dados_incompletos,,dados_incompletos,
18911949-a23d-4b42-bd0b-7a970b51824c,frozen_-,198,1,2026-08-05T00:00:00+00:00,2026-08-12T00:00:00+00:00,2,56,28,0,2,ok,2.0,outlier_positivo,99.77324263038548
720fc287-1f03-46ff-a6e2-4c9bede77262,-yummy,199,1,2026-08-05T00:00:00+00:00,2026-08-12T00:00:00+00:00,30,550,480,0,30,ok,1.1458333333333333,normal,45.80498866213152
964410bb-394d-4633-87fd-501ec0fbb914,ritchiE,200,1,2026-08-05T00:00:00+00:00,2026-08-12T00:00:00+00:00,15,211,229,0,15,ok,0.9213973799126638,normal,4.761904761904762
6ac4baef-7bbb-4bc5-9f2b-aa95176bd8ab,YEKINDAR_,201,1,2026-08-05T00:00:00+00:00,2026-08-12T00:00:00+00:00,8,181,149,0,8,ok,1.2147651006711409,normal,60.997732426303855
78407773-ed65-456a-a507-ca50cbd78e17,SEMSY,202,1,2026-08-05T00:00:00+00:00,2026-08-12T00:00:00+00:00,6,118,100,0,6,ok,1.18,normal,53.96825396825397
4e841b14-b668-476d-b7db-774f68aa4ed4,Patsi-,203,1,2026-08-05T00:00:00+00:00,2026-08-12T00:00:00+00:00,5,77,89,0,5,ok,0.8651685393258427,normal,2.2675736961451247
b58c8c5c-41da-4388-9864-0f3f72ca13db,datet-_-,204,1,2026-08-05T00:00:00+00:00,2026-08-12T00:00:00+00:00,23,352,361,0,23,ok,0.9750692520775623,normal,9.977324263038549
86383974-b132-48a2-a66f-cf9d3a3d68fd,tENZY,205,1,2026-08-05T00:00:00+00:00,2026-08-12T00:00:00+00:00,18,370,291,0,18,ok,1.2714776632302405,normal,71.42857142857143
075ed300-7ed3-4377-88ba-9572f9ea8e3d,n0rb3r7,206,1,2026-08-05T00:00:00+00:00,2026-08-12T00:00:00+00:00,0,0,0,0,0,sem_partidas,,sem_partidas,
a8570791-3e92-4b4d-9e45-8c2f8da95fb6,kwaren11,207,1,2026-08-05T00:00:00+00:00,2026-08-12T00:00:00+00:00,40,677,615,0,40,ok,1.1008130081300813,normal,34.92063492063492
21ee0d80-64f6-4277-80b9-c734d92a2880,torzsi,208,1,2026-08-05T00:00:00+00:00,2026-08-12T00:00:00+00:00,22,444,310,0,22,ok,1.4322580645161291,normal,90.24943310657596
4c5c2a03-15b4-48e1-8791-d54d6a2b3668,Altekz,209,1,2026-08-05T00:00:00+00:00,2026-08-12T00:00:00+00:00,16,272,240,0,16,ok,1.1333333333333333,normal,43.76417233560091
254dbfc8-0e3d-4e8b-95a4-88e19fec565a,jekuya,210,1,2026-08-05T00:00:00+00:00,2026-08-12T00:00:00+00:00,27,501,438,0,27,ok,1.143835616438356,normal,45.57823129251701
d682a62e-43f5-49be-b8c9-de923adcf564,SunPayus,211,1,2026-08-05T00:00:00+00:00,2026-08-12T00:00:00+00:00,17,308,244,0,17,ok,1.2622950819672132,normal,69.38775510204081
6a5abce7-952f-4434-9db5-160392ec356d,miwo,212,1,2026-08-05T00:00:00+00:00,2026-08-12T00:00:00+00:00,25,429,385,0,25,ok,1.1142857142857143,normal,38.32199546485261
ebc37641-39d0-4692-bde6-c7a11ac1e90e,mara5m,213,1,2026-08-05T00:00:00+00:00,2026-08-12T00:00:00+00:00,0,0,0,0,0,sem_partidas,,sem_partidas,
13222ab8-3b38-4beb-993f-a585df257ea3,EgorK,214,1,2026-08-05T00:00:00+00:00,2026-08-12T00:00:00+00:00,43,646,701,0,43,ok,0.9215406562054208,normal,4.988662131519274
9aad1747-b65d-4a0f-9a14-2ef947fe92b5,Sowalio,215,1,2026-08-05T00:00:00+00:00,2026-08-12T00:00:00+00:00,62,1044,913,0,62,ok,1.1434830230010953,normal,45.3514739229025
520ada08-ad17-4b3b-a373-8c8534154e2a,TOKYOPEEK,216,1,2026-08-05T00:00:00+00:00,2026-08-12T00:00:00+00:00,66,1219,996,0,66,ok,1.2238955823293172,normal,61.67800453514739
6b692694-71cf-4a80-ae97-57c3f2f7425c,blissfuIperc,217,1,2026-08-05T00:00:00+00:00,2026-08-12T00:00:00+00:00,43,763,585,0,43,ok,1.3042735042735043,normal,75.96371882086169
43febbb3-7f82-47c0-88fa-e2f122d5f20e,Rex1111,218,1,2026-08-05T00:00:00+00:00,2026-08-12T00:00:00+00:00,38,559,604,0,38,ok,0.9254966887417219,normal,5.442176870748299
1ad1b7ff-b644-4431-9ac4-a5cf09855910,1ader,219,1,2026-08-05T00:00:00+00:00,2026-08-12T00:00:00+00:00,6,98,91,0,6,ok,1.0769230769230769,normal,28.34467120181406
f1174c0a-fa42-4a2f-8160-b870b8879ef5,KOT_XAMEP,220,1,2026-08-05T00:00:00+00:00,2026-08-12T00:00:00+00:00,10,164,129,0,10,ok,1.2713178294573644,normal,71.20181405895691
656ffaa4-415b-4896-8a19-931366de23c8,ich1zoku,221,1,2026-08-05T00:00:00+00:00,2026-08-12T00:00:00+00:00,26,491,407,0,26,ok,1.2063882063882063,normal,59.183673469387756
3939bd47-6a42-43f0-936c-eb53bc5f16e5,kaioriii,222,1,2026-08-05T00:00:00+00:00,2026-08-12T00:00:00+00:00,53,908,834,0,53,ok,1.0887290167865706,normal,31.519274376417233
fb2e77e7-ec1d-40fa-83a1-c01646167651,Z1W0W666,223,1,2026-08-05T00:00:00+00:00,2026-08-12T00:00:00+00:00,10,195,149,0,10,ok,1.308724832214765,normal,76.87074829931973
c39663f6-8e91-483c-8319-503449563713,Lewis,224,1,2026-08-05T00:00:00+00:00,2026-08-12T00:00:00+00:00,4,71,64,0,4,ok,1.109375,normal,36.734693877551024
32cf4622-150d-4362-83d5-de543ed16262,regele,225,1,2026-08-05T00:00:00+00:00,2026-08-12T00:00:00+00:00,12,198,198,0,12,ok,1.0,normal,13.60544217687075
8e59e230-0935-4309-b335-a16211617ed7,SBolt-,226,1,2026-08-05T00:00:00+00:00,2026-08-12T00:00:00+00:00,40,821,618,0,40,ok,1.3284789644012944,normal,80.27210884353741
88cb74cd-d98e-408c-85c2-b39e55004658,billz,227,1,2026-08-05T00:00:00+00:00,2026-08-12T00:00:00+00:00,23,518,380,0,23,ok,1.3631578947368421,normal,85.26077097505669
220685cd-1a18-4402-a9a9-ac240313cabd,xeedo,228,1,2026-08-05T00:00:00+00:00,2026-08-12T00:00:00+00:00,8,164,92,0,8,ok,1.7826086956521738,outlier_positivo,98.86621315192744
4c2a6018-4aaf-4294-8449-777ccfad144b,goddrain,229,1,2026-08-05T00:00:00+00:00,2026-08-12T00:00:00+00:00,53,927,840,0,53,ok,1.1035714285714286,normal,35.374149659863946
b87eadad-7829-4f17-a85a-281ff569829a,ForesterONE,230,1,2026-08-05T00:00:00+00:00,2026-08-12T00:00:00+00:00,5,96,47,0,5,ok,2.0425531914893615,outlier_positivo,100.0
6db5e566-77ae-4c30-852d-4fa54c4445aa,Alv68,231,1,2026-08-05T00:00:00+00:00,2026-08-12T00:00:00+00:00,0,0,0,0,0,sem_partidas,,sem_partidas,
a4c4fb77-1996-47bd-b5e1-c14d86cf9997,444rainy,232,1,2026-08-05T00:00:00+00:00,2026-08-12T00:00:00+00:00,14,204,207,0,14,ok,0.9855072463768116,normal,12.01814058956916
9e36e2b1-c0e0-4d77-a442-d5947ec19225,bajmano,233,1,2026-08-05T00:00:00+00:00,2026-08-12T00:00:00+00:00,26,404,399,0,26,ok,1.012531328320802,normal,15.419501133786847
892ca5ae-5720-4d5d-8a98-33dc117041aa,narkoman812,234,1,2026-08-05T00:00:00+00:00,2026-08-12T00:00:00+00:00,33,588,541,0,33,ok,1.0868761552680222,normal,31.292517006802722
34aaf94c-d15a-4a1b-977d-82810a025407,tommy10,235,1,2026-08-05T00:00:00+00:00,2026-08-12T00:00:00+00:00,36,600,556,0,36,ok,1.079136690647482,normal,28.798185941043087
98f1d2a1-6302-4d93-bf38-cc25f6b25256,gr1ks,236,1,2026-08-05T00:00:00+00:00,2026-08-12T00:00:00+00:00,11,260,161,0,11,ok,1.6149068322981366,normal,97.05215419501134
f3f50c96-9d1b-4642-9074-477a07e54507,-khaN,237,1,2026-08-05T00:00:00+00:00,2026-08-12T00:00:00+00:00,25,463,410,0,25,ok,1.1292682926829267,normal,42.17687074829932
522ecdd7-5fe2-4bd5-9806-4c015b9a1f8a,dwushka,238,1,2026-08-05T00:00:00+00:00,2026-08-12T00:00:00+00:00,0,0,0,0,0,sem_partidas,,sem_partidas,
fd16a07c-5735-4148-8859-3369feb41275,stefienson,239,1,2026-08-05T00:00:00+00:00,2026-08-12T00:00:00+00:00,36,598,559,0,36,ok,1.069767441860465,normal,25.850340136054424
507c6778-89e2-45cc-8f8f-cf04615df6c8,Frip,240,1,2026-08-05T00:00:00+00:00,2026-08-12T00:00:00+00:00,25,396,403,0,25,ok,0.9826302729528535,normal,10.884353741496598
0b2a4c62-2071-4582-be3e-50fbe6f53544,Eldarqwe-,241,1,2026-08-05T00:00:00+00:00,2026-08-12T00:00:00+00:00,0,0,0,0,0,sem_partidas,,sem_partidas,
6dce33f7-ba07-401a-bfe7-af51cc597a76,Woro2k,242,1,2026-08-05T00:00:00+00:00,2026-08-12T00:00:00+00:00,106,1999,1516,0,106,ok,1.3186015831134565,normal,78.68480725623583
3429651a-5020-4d07-85ef-34049adff713,starmie666,243,1,2026-08-05T00:00:00+00:00,2026-08-12T00:00:00+00:00,17,346,242,0,17,ok,1.4297520661157024,normal,90.02267573696146
c44f1259-0651-4942-8543-af0f03e62ac5,SELLTER,244,1,2026-08-05T00:00:00+00:00,2026-08-12T00:00:00+00:00,4,75,62,0,4,ok,1.2096774193548387,normal,60.090702947845806
2a82893f-3a7e-4458-9141-0b19673fa049,kashl1d,245,1,2026-08-05T00:00:00+00:00,2026-08-12T00:00:00+00:00,0,0,0,0,0,sem_partidas,,sem_partidas,
c85a67d7-2635-42c3-991b-4c1f0b93c5cb,999_,246,1,2026-08-05T00:00:00+00:00,2026-08-12T00:00:00+00:00,16,308,232,0,16,ok,1.3275862068965518,normal,80.04535147392289
9cafe8f3-0b6b-4802-9cbb-806b5b751517,Enfeebled17,247,1,2026-08-05T00:00:00+00:00,2026-08-12T00:00:00+00:00,33,545,493,0,33,ok,1.105476673427992,normal,35.827664399092974
6d8adf92-798f-414c-9d29-2896ceb5ad72,smooya,248,1,2026-08-05T00:00:00+00:00,2026-08-12T00:00:00+00:00,12,246,190,0,12,ok,1.2947368421052632,normal,75.28344671201815
eba3dd73-7d26-46ad-b766-85c5ae0d9273,hyp3else66,249,1,2026-08-05T00:00:00+00:00,2026-08-12T00:00:00+00:00,23,577,355,0,23,ok,1.6253521126760564,normal,97.95918367346938
bae30b49-8c07-4f3e-922e-fa23b7ac0953,rafaxF-,250,1,2026-08-05T00:00:00+00:00,2026-08-12T00:00:00+00:00,43,857,685,0,43,ok,1.251094890510949,normal,67.80045351473923
c90b35e3-defd-41b1-b29d-d9cf1c46fc32,azukay367,251,1,2026-08-05T00:00:00+00:00,2026-08-12T00:00:00+00:00,92,1685,1491,0,92,ok,1.1301140174379611,normal,42.40362811791383
1e8bd26b-d7f9-4fbf-bed2-d12ed800eee2,Smaley,252,1,2026-08-05T00:00:00+00:00,2026-08-12T00:00:00+00:00,32,571,463,0,32,ok,1.2332613390928726,normal,63.718820861678005
52829e07-aa5c-42af-b8a1-e4fe6247cd48,Skrimo,253,1,2026-08-05T00:00:00+00:00,2026-08-12T00:00:00+00:00,2,38,25,0,2,ok,1.52,normal,95.69160997732426
ddd3c081-0602-4e45-bb4f-d5c5e00b65c3,cPuTu,254,1,2026-08-05T00:00:00+00:00,2026-08-12T00:00:00+00:00,11,159,166,0,11,ok,0.9578313253012049,normal,7.709750566893423
28da77e2-bcfd-4458-a91d-e4d59a1f38be,nopzy,255,1,2026-08-05T00:00:00+00:00,2026-08-12T00:00:00+00:00,18,286,291,0,18,ok,0.9828178694158075,normal,11.11111111111111
e64b6d73-6313-4527-b313-a852e6368cf2,redCS-,256,1,2026-08-05T00:00:00+00:00,2026-08-12T00:00:00+00:00,39,624,580,0,39,ok,1.0758620689655172,normal,27.43764172335601
dce1d644-6bf1-449a-85ff-6b399e4269dc,Botpa1,257,1,2026-08-05T00:00:00+00:00,2026-08-12T00:00:00+00:00,5,69,72,0,5,ok,0.9583333333333334,normal,7.936507936507936
a387ff16-4062-4f6c-a1f6-c65650ff993e,-Kiyotakaaa,258,1,2026-08-05T00:00:00+00:00,2026-08-12T00:00:00+00:00,30,486,470,0,30,ok,1.0340425531914894,normal,19.954648526077097
13d0fd67-997f-4255-9f25-a410b4fad2d0,stratefIy,259,1,2026-08-05T00:00:00+00:00,2026-08-12T00:00:00+00:00,17,300,253,0,17,ok,1.1857707509881423,normal,54.6485260770975
a6ad9a5b-6575-447f-8f67-346bb4033189,dep999,260,1,2026-08-05T00:00:00+00:00,2026-08-12T00:00:00+00:00,25,412,369,0,25,ok,1.1165311653116532,normal,38.54875283446712
1d92f104-8d0a-4866-bb6e-5c11196bfca6,MusorDropXD,261,1,2026-08-05T00:00:00+00:00,2026-08-12T00:00:00+00:00,0,0,0,0,0,sem_partidas,,sem_partidas,
7def4124-36c7-4035-acb5-427ffa531be3,Dawy,262,1,2026-08-05T00:00:00+00:00,2026-08-12T00:00:00+00:00,1,22,13,0,1,ok,1.6923076923076923,outlier_positivo,98.4126984126984
c5cb1b85-4421-4436-9390-49fa05ce45e3,-Kaide,263,1,2026-08-05T00:00:00+00:00,2026-08-12T00:00:00+00:00,16,327,217,0,16,ok,1.5069124423963134,normal,94.33106575963718
a4a6fdca-b125-4d3b-8d35-3ad098b6a1fe,KursySSJ4,264,1,2026-08-05T00:00:00+00:00,2026-08-12T00:00:00+00:00,2,35,30,0,2,ok,1.1666666666666667,normal,50.56689342403629
14015a66-b368-4b90-994d-bcf6fa504f44,--_-_--_---_,265,1,2026-08-05T00:00:00+00:00,2026-08-12T00:00:00+00:00,16,274,263,0,16,ok,1.0418250950570342,normal,21.541950113378686
0bf80a9b-cead-4a3e-a245-ca145dc2ab3c,-0scar,266,1,2026-08-05T00:00:00+00:00,2026-08-12T00:00:00+00:00,10,149,133,0,10,ok,1.1203007518796992,normal,40.136054421768705
05dd1de4-82dd-4b55-be77-c30c4551d0d6,gothdespair,267,1,2026-08-05T00:00:00+00:00,2026-08-12T00:00:00+00:00,21,387,328,0,21,ok,1.1798780487804879,normal,53.74149659863946
04ab709e-2f70-4651-8e0c-c7bffd037a07,shantarO,268,1,2026-08-05T00:00:00+00:00,2026-08-12T00:00:00+00:00,17,274,256,0,17,ok,1.0703125,normal,26.077097505668934
3dad5d84-2a16-4044-8a27-d473f0f6e353,herkulesz,269,1,2026-08-05T00:00:00+00:00,2026-08-12T00:00:00+00:00,22,395,328,0,22,ok,1.204268292682927,normal,58.730158730158735
d5ff6f9f-c95d-4f7d-93b7-d9ba0cb19dab,Aliot,270,1,2026-08-05T00:00:00+00:00,2026-08-12T00:00:00+00:00,43,677,651,0,43,ok,1.0399385560675882,normal,20.861678004535147
bd70d269-6c10-4140-b03b-8e09fdf9ca35,fedko14,271,1,2026-08-05T00:00:00+00:00,2026-08-12T00:00:00+00:00,28,457,444,0,28,ok,1.0292792792792793,normal,18.594104308390023
8edcd93a-e63f-45ea-8c77-bf9aa1820a47,shg-,272,1,2026-08-05T00:00:00+00:00,2026-08-12T00:00:00+00:00,48,809,755,0,48,ok,1.0715231788079471,normal,26.303854875283445
b9dbab41-8e55-497a-b311-bb0514777fd7,ves111,273,1,2026-08-05T00:00:00+00:00,2026-08-12T00:00:00+00:00,116,2327,1904,0,116,ok,1.2221638655462186,normal,61.451247165532884
326a3d6a-13ca-40b3-a56d-a47c27b6f2af,gehji,274,1,2026-08-05T00:00:00+00:00,2026-08-12T00:00:00+00:00,30,507,460,0,30,ok,1.1021739130434782,normal,35.147392290249435
e5c779f9-eaf5-4113-b095-e284d1e44748,X345,275,1,2026-08-05T00:00:00+00:00,2026-08-12T00:00:00+00:00,32,501,522,0,32,ok,0.9597701149425287,normal,8.16326530612245
d428b36e-7c8a-4510-8262-9cda26a3ff85,-qw1zera,276,1,2026-08-05T00:00:00+00:00,2026-08-12T00:00:00+00:00,12,234,199,0,12,ok,1.1758793969849246,normal,52.83446712018141
f3988f23-6685-41a8-91c6-f336b98c5195,z0nger,277,1,2026-08-05T00:00:00+00:00,2026-08-12T00:00:00+00:00,16,231,255,0,16,ok,0.9058823529411765,normal,4.308390022675737
eb4f52d2-5b8f-4401-8c72-138c995358d4,-tasman,278,1,2026-08-05T00:00:00+00:00,2026-08-12T00:00:00+00:00,8,123,116,0,8,ok,1.0603448275862069,normal,24.489795918367346
e1bcffdd-7eeb-4744-b8d6-a582dcfb1670,Krad,279,1,2026-08-05T00:00:00+00:00,2026-08-12T00:00:00+00:00,4,50,59,0,4,ok,0.847457627118644,normal,2.0408163265306123
5ce742a9-a319-4e89-8164-4f4ca528c4cc,wh1teout,280,1,2026-08-05T00:00:00+00:00,2026-08-12T00:00:00+00:00,0,0,0,0,0,sem_partidas,,sem_partidas,
40846b8f-7a3f-4f9f-af8b-85d118c2774a,myltsi,281,1,2026-08-05T00:00:00+00:00,2026-08-12T00:00:00+00:00,15,252,233,0,15,ok,1.0815450643776825,normal,29.705215419501137
4d1d7bb1-64b7-4e34-97e7-6ee7bba48259,-relaxbtw-,282,1,2026-08-05T00:00:00+00:00,2026-08-12T00:00:00+00:00,17,284,251,0,17,ok,1.1314741035856575,normal,43.31065759637188
daf44626-2073-4878-b7fd-4776b8a2c93b,Pelle-,283,1,2026-08-05T00:00:00+00:00,2026-08-12T00:00:00+00:00,12,217,200,0,12,ok,1.085,normal,30.839002267573694
dddfd33a-cc0c-483c-b2c4-950de24e0c1c,z0t,284,1,2026-08-05T00:00:00+00:00,2026-08-12T00:00:00+00:00,38,739,550,0,38,ok,1.3436363636363637,normal,82.53968253968253
7c6afa87-48a4-4e7c-a5d4-33d4d48c603f,0MusorDrop,285,1,2026-08-05T00:00:00+00:00,2026-08-12T00:00:00+00:00,52,906,879,0,52,ok,1.030716723549488,normal,19.27437641723356
08a4aed5-fb8a-402a-8119-ae428666c195,aimy,286,1,2026-08-05T00:00:00+00:00,2026-08-12T00:00:00+00:00,16,241,236,0,16,ok,1.021186440677966,normal,16.55328798185941
209c88dc-d2e5-4dfd-a7b9-38900bb10a61,dod02k-,287,1,2026-08-05T00:00:00+00:00,2026-08-12T00:00:00+00:00,28,486,475,0,28,ok,1.023157894736842,normal,17.46031746031746
dc49b288-2a75-485a-91b1-ee81ce2f25de,dziugss,288,1,2026-08-05T00:00:00+00:00,2026-08-12T00:00:00+00:00,29,538,387,0,29,ok,1.3901808785529717,normal,88.43537414965986
b255e1b5-0b6b-4c57-a7ce-ad53b5521d33,CoCuCbKu,289,1,2026-08-05T00:00:00+00:00,2026-08-12T00:00:00+00:00,10,160,161,0,10,ok,0.9937888198757764,normal,12.698412698412698
6f01bc34-897d-43d5-9b43-c6e49e408dd5,Twist,290,1,2026-08-05T00:00:00+00:00,2026-08-12T00:00:00+00:00,19,348,264,0,19,ok,1.3181818181818181,normal,78.45804988662131
024d5042-e159-416f-bf84-cf69b8d5ac03,oopee,291,1,2026-08-05T00:00:00+00:00,2026-08-12T00:00:00+00:00,0,0,0,0,0,sem_partidas,,sem_partidas,
b63c3037-b9f3-471e-9065-5e33ebc28b6e,s1reN7,292,1,2026-08-05T00:00:00+00:00,2026-08-12T00:00:00+00:00,6,105,59,0,6,ok,1.7796610169491525,outlier_positivo,98.63945578231292
06b0f344-d2e8-4951-ab93-23e9470ce95e,REDS7AR,293,1,2026-08-05T00:00:00+00:00,2026-08-12T00:00:00+00:00,0,0,0,0,0,sem_partidas,,sem_partidas,
322dfefd-d0aa-4e24-a4ce-509e4c5ed28a,toshas-,294,1,2026-08-05T00:00:00+00:00,2026-08-12T00:00:00+00:00,18,271,251,0,18,ok,1.0796812749003983,normal,29.25170068027211
fddc57f3-b5f8-4e63-99e7-b1fa798e849e,pavlebo,295,1,2026-08-05T00:00:00+00:00,2026-08-12T00:00:00+00:00,19,308,299,0,19,ok,1.0301003344481605,normal,18.820861678004537
b00eff15-ebaf-4805-aa15-b33bc18406b7,YUR0KY,296,1,2026-08-05T00:00:00+00:00,2026-08-12T00:00:00+00:00,8,103,117,0,8,ok,0.8803418803418803,normal,2.7210884353741496
9d4d4f31-8168-4894-8574-0d6b9458fb8c,77nightlovel,297,1,2026-08-05T00:00:00+00:00,2026-08-12T00:00:00+00:00,40,834,627,0,40,ok,1.3301435406698565,normal,80.49886621315193
1ba6cea9-0e2d-4f6e-b1cc-0f93cf9d2dcd,KEiiiii,298,1,2026-08-05T00:00:00+00:00,2026-08-12T00:00:00+00:00,6,131,111,0,6,ok,1.1801801801801801,normal,54.19501133786848
41acaa8c-cc55-4dca-a85d-897af2c1f275,k99y,299,1,2026-08-05T00:00:00+00:00,2026-08-12T00:00:00+00:00,26,474,379,0,26,ok,1.2506596306068603,normal,67.3469387755102
3ad4eec5-fc86-438a-9730-e5d092821180,redzedsei,300,1,2026-08-05T00:00:00+00:00,2026-08-12T00:00:00+00:00,32,622,504,0,32,ok,1.2341269841269842,normal,64.17233560090703
159069e0-7e7c-4e3e-989e-d9f723689e3a,-Dis1-,301,1,2026-08-05T00:00:00+00:00,2026-08-12T00:00:00+00:00,11,227,199,0,11,ok,1.1407035175879396,normal,44.21768707482993
086df609-d086-4b83-9474-4347714e1f76,Fessor,302,1,2026-08-05T00:00:00+00:00,2026-08-12T00:00:00+00:00,0,0,0,0,0,sem_partidas,,sem_partidas,
3fa04793-fb47-46ee-be6f-c44cacd77099,h0sster,303,1,2026-08-05T00:00:00+00:00,2026-08-12T00:00:00+00:00,8,151,103,0,8,ok,1.4660194174757282,normal,92.51700680272108
de8546e3-f76c-4118-8671-2f0bed373ff4,Porya-,304,1,2026-08-05T00:00:00+00:00,2026-08-12T00:00:00+00:00,28,502,471,0,28,ok,1.0658174097664543,normal,25.170068027210885
9132c4ea-8c7f-4865-a55c-9d20aa2efe89,ronkyeee,305,1,2026-08-05T00:00:00+00:00,2026-08-12T00:00:00+00:00,1,12,16,0,1,ok,0.75,normal,0.9070294784580499
f7ade297-4f13-4e91-b103-cacdfc3e5ba5,VLDN,306,1,2026-08-05T00:00:00+00:00,2026-08-12T00:00:00+00:00,7,110,91,0,7,ok,1.2087912087912087,normal,59.63718820861678
48623ecb-e657-4292-8aa6-9389b4701b10,s1zzi,307,1,2026-08-05T00:00:00+00:00,2026-08-12T00:00:00+00:00,32,637,514,0,32,ok,1.2392996108949417,normal,65.07936507936508
c14998db-c745-4904-8316-429d46510e49,NonAmEeEeR,308,1,2026-08-05T00:00:00+00:00,2026-08-12T00:00:00+00:00,26,420,431,0,26,ok,0.974477958236659,normal,9.523809523809524
0b71822e-4e5a-4c96-9b2c-be44ff7f7e86,DrammaGod,309,1,2026-08-05T00:00:00+00:00,2026-08-12T00:00:00+00:00,8,115,141,0,8,ok,0.8156028368794326,normal,1.5873015873015872
1a5c4cff-75d4-489f-91a2-970af1eda8eb,Sobol,310,1,2026-08-05T00:00:00+00:00,2026-08-12T00:00:00+00:00,17,269,248,0,17,ok,1.0846774193548387,normal,30.612244897959183
d0bad1c0-551e-40cb-8535-137ea7104ff6,Zerk1s-,311,1,2026-08-05T00:00:00+00:00,2026-08-12T00:00:00+00:00,105,2225,1634,0,105,ok,1.3616891064871481,normal,85.03401360544217
9b9ee020-9f73-4a4b-a68f-f6132bfb0377,Caleyy,312,1,2026-08-05T00:00:00+00:00,2026-08-12T00:00:00+00:00,31,653,522,0,31,ok,1.2509578544061302,normal,67.57369614512471
f0f989d2-bbeb-4bdf-bb3e-9a92b9039c27,w1sely,313,1,2026-08-05T00:00:00+00:00,2026-08-12T00:00:00+00:00,20,379,249,0,20,ok,1.5220883534136547,normal,95.91836734693877
c4bf8035-0124-44bb-974b-2860cb41ab5a,aparcik,314,1,2026-08-05T00:00:00+00:00,2026-08-12T00:00:00+00:00,37,611,598,0,37,ok,1.0217391304347827,normal,16.780045351473923
74407bd7-b090-4cd9-8797-c4e3af17ae50,turcinskis,315,1,2026-08-05T00:00:00+00:00,2026-08-12T00:00:00+00:00,0,0,0,0,0,sem_partidas,,sem_partidas,
a7d9d607-a5ac-4aa1-ae41-4834085715c2,f0lkfan111,316,1,2026-08-05T00:00:00+00:00,2026-08-12T00:00:00+00:00,0,0,0,0,0,sem_partidas,,sem_partidas,
9d76e440-f676-4ad0-a04a-a8c87f7c21fb,arbnorz-,317,1,2026-08-05T00:00:00+00:00,2026-08-12T00:00:00+00:00,10,154,156,0,10,ok,0.9871794871794872,normal,12.244897959183673
92224fbc-fb31-4362-850b-735a0c1d6c8a,kidofpain,318,1,2026-08-05T00:00:00+00:00,2026-08-12T00:00:00+00:00,29,526,422,0,29,ok,1.2464454976303319,normal,65.98639455782312
fbb6f5b8-c8ce-415d-b29f-374d6b543716,MrTrelog,319,1,2026-08-05T00:00:00+00:00,2026-08-12T00:00:00+00:00,27,423,360,0,27,ok,1.175,normal,52.38095238095239
83270bc6-74aa-4ca3-942b-f28a3d704b6d,OneUn1que,320,1,2026-08-05T00:00:00+00:00,2026-08-12T00:00:00+00:00,62,1062,834,0,62,ok,1.2733812949640289,normal,71.65532879818595
fddf0596-7573-4792-8012-79966c93689e,Licale,321,1,2026-08-05T00:00:00+00:00,2026-08-12T00:00:00+00:00,55,866,929,0,55,ok,0.9321851453175457,normal,5.895691609977324
975adbfb-f21e-4b09-92a4-704ab60c8542,ulqu1ora,322,1,2026-08-05T00:00:00+00:00,2026-08-12T00:00:00+00:00,33,564,517,0,33,ok,1.0909090909090908,normal,32.19954648526077
bdf798c9-0041-4a81-b581-28c52fede922,chedzik,323,1,2026-08-05T00:00:00+00:00,2026-08-12T00:00:00+00:00,0,0,0,0,0,sem_partidas,,sem_partidas,
798302b0-e3b3-40e7-b051-95c43766dabb,PhoeniXLUV,324,1,2026-08-05T00:00:00+00:00,2026-08-12T00:00:00+00:00,12,229,185,0,12,ok,1.2378378378378379,normal,64.85260770975057
5c60c1c4-653a-478d-90a4-441d1436a28e,-k0s,325,1,2026-08-05T00:00:00+00:00,2026-08-12T00:00:00+00:00,0,0,0,0,0,sem_partidas,,sem_partidas,
e76908f9-d95c-4022-b419-786ad4cb8d4e,torox,326,1,2026-08-05T00:00:00+00:00,2026-08-12T00:00:00+00:00,38,656,464,0,38,ok,1.4137931034482758,normal,89.34240362811792
37a13cea-9f8b-45d3-9886-40faf2506d69,m1QUSE272,327,1,2026-08-05T00:00:00+00:00,2026-08-12T00:00:00+00:00,2,25,35,0,2,ok,0.7142857142857143,outlier_negativo,0.6802721088435374
2f215405-df5f-4348-8b16-d07bb82b8f66,lockstocky,328,1,2026-08-05T00:00:00+00:00,2026-08-12T00:00:00+00:00,65,1181,937,0,65,ok,1.2604055496264674,normal,69.1609977324263
25694913-c7e9-4a6f-9279-8fb932b04a4c,EBLANKANKA67,329,1,2026-08-05T00:00:00+00:00,2026-08-12T00:00:00+00:00,46,1072,747,0,46,ok,1.4350736278447123,normal,91.15646258503402
0c482002-4ad9-4eb7-bbf4-c36f786cdbd8,ms2180,330,1,2026-08-05T00:00:00+00:00,2026-08-12T00:00:00+00:00,28,456,415,0,28,ok,1.0987951807228915,normal,34.24036281179138
42afba06-399e-4c2d-aaff-77595526ad70,cmtry64,331,1,2026-08-05T00:00:00+00:00,2026-08-12T00:00:00+00:00,10,232,167,0,10,ok,1.3892215568862276,normal,87.98185941043084
3b6a98b3-fd37-42ec-9d14-3ca58a1e54ef,sh4shlick,332,1,2026-08-05T00:00:00+00:00,2026-08-12T00:00:00+00:00,6,89,100,0,6,ok,0.89,normal,3.1746031746031744
e6970427-7853-42d5-960a-3b125aa3fe98,xseveN,333,1,2026-08-05T00:00:00+00:00,2026-08-12T00:00:00+00:00,11,171,159,0,11,ok,1.0754716981132075,normal,27.2108843537415
0be6bdd3-7448-4711-84d6-79cfbbe86f71,musordrop983,334,1,2026-08-05T00:00:00+00:00,2026-08-12T00:00:00+00:00,86,1485,1272,0,86,ok,1.1674528301886793,normal,51.02040816326531
6d612c68-1dd3-427a-bf4c-e5e8029c4450,mASKEDo,335,1,2026-08-05T00:00:00+00:00,2026-08-12T00:00:00+00:00,58,1007,906,0,58,ok,1.1114790286975718,normal,37.41496598639456
dd00574a-37b8-4c5e-87fa-b0569f624546,tamefear,336,1,2026-08-05T00:00:00+00:00,2026-08-12T00:00:00+00:00,32,581,517,0,32,ok,1.1237911025145069,normal,40.362811791383216
8fc05816-4e4c-4df0-b6ab-4059965f95a5,feat-,337,1,2026-08-05T00:00:00+00:00,2026-08-12T00:00:00+00:00,44,793,695,0,44,ok,1.1410071942446043,normal,44.67120181405896
1efdfeb4-7237-4a34-837a-9b4657295a48,svemyy,338,1,2026-08-05T00:00:00+00:00,2026-08-12T00:00:00+00:00,32,497,427,0,32,ok,1.1639344262295082,normal,48.97959183673469
2fd44fff-097a-44ca-9bf2-6badf3282398,Muciek,339,1,2026-08-05T00:00:00+00:00,2026-08-12T00:00:00+00:00,29,519,443,0,29,ok,1.1715575620767493,normal,51.92743764172335
dafc9a8d-9a0b-47c3-a703-e0919211b635,L0fer,340,1,2026-08-05T00:00:00+00:00,2026-08-12T00:00:00+00:00,47,871,709,0,47,ok,1.228490832157969,normal,63.038548752834465
400661b5-8cc7-4c40-9dcc-d1695b2047f6,Jisoo,341,1,2026-08-05T00:00:00+00:00,2026-08-12T00:00:00+00:00,71,1334,1054,0,71,ok,1.2656546489563567,normal,70.52154195011337
36b19d20-ddac-466d-9868-b73f0212c3ad,BRIAN-_-HIZZ,342,1,2026-08-05T00:00:00+00:00,2026-08-12T00:00:00+00:00,24,359,361,0,24,ok,0.9944598337950139,normal,12.925170068027212
c0216481-6d6f-4a69-b480-e1f3c4f0c36a,LECY89,343,1,2026-08-05T00:00:00+00:00,2026-08-12T00:00:00+00:00,15,255,226,0,15,ok,1.1283185840707965,normal,41.950113378684804
1983b3f0-bd89-4fe6-a110-42664904443a,w4rdeN-,344,1,2026-08-05T00:00:00+00:00,2026-08-12T00:00:00+00:00,7,146,90,0,7,ok,1.6222222222222222,normal,97.50566893424036
5e91d235-cef6-42c6-9b86-35560cc19e57,deeN--,345,1,2026-08-05T00:00:00+00:00,2026-08-12T00:00:00+00:00,16,302,236,0,16,ok,1.2796610169491525,normal,72.78911564625851
4527302e-9120-4a42-a465-5e383580386c,kobz0n,346,1,2026-08-05T00:00:00+00:00,2026-08-12T00:00:00+00:00,24,444,377,0,24,ok,1.1777188328912467,normal,53.28798185941043
242f97b1-a39e-40e5-aca0-153d7a76828f,saizius,347,1,2026-08-05T00:00:00+00:00,2026-08-12T00:00:00+00:00,45,815,710,0,45,ok,1.147887323943662,normal,46.25850340136054
9866bf07-6fc9-47b0-966e-e4302ecc93fb,rv1den,348,1,2026-08-05T00:00:00+00:00,2026-08-12T00:00:00+00:00,28,606,401,0,28,ok,1.5112219451371571,normal,94.7845804988662
7c38b5ca-b385-4cf2-942b-d7252521d266,ne1l,349,1,2026-08-05T00:00:00+00:00,2026-08-12T00:00:00+00:00,6,133,109,1,7,dados_incompletos,,dados_incompletos,
a8efc434-5950-4621-8b51-72538fe6347d,dazzy-,350,1,2026-08-05T00:00:00+00:00,2026-08-12T00:00:00+00:00,13,266,193,0,13,ok,1.378238341968912,normal,87.07482993197279
9b79818c-8be6-40cc-b090-b92878f5baac,5swiz,351,1,2026-08-05T00:00:00+00:00,2026-08-12T00:00:00+00:00,23,415,338,0,23,ok,1.227810650887574,normal,62.358276643990926
58f68286-29eb-4108-97e5-2d8d96c65e05,mezii--,352,1,2026-08-05T00:00:00+00:00,2026-08-12T00:00:00+00:00,8,138,95,0,8,ok,1.4526315789473685,normal,92.06349206349206
dfa35d4d-f284-4ad2-9a7d-c3f0468b1e69,wignfan,353,1,2026-08-05T00:00:00+00:00,2026-08-12T00:00:00+00:00,42,765,655,0,42,ok,1.16793893129771,normal,51.47392290249433
a3e05af2-cb94-4de5-b56c-e5b30bde9f0c,S3NSEYZjE,354,1,2026-08-05T00:00:00+00:00,2026-08-12T00:00:00+00:00,41,760,601,0,41,ok,1.264559068219634,normal,69.84126984126983
5d834b85-5d4f-441a-a0e2-a88713818bc8,ottob,355,1,2026-08-05T00:00:00+00:00,2026-08-12T00:00:00+00:00,13,190,175,0,13,ok,1.0857142857142856,normal,31.065759637188208
3e96ad48-d280-40fe-b432-743bc6166e6a,bibu_,356,1,2026-08-05T00:00:00+00:00,2026-08-12T00:00:00+00:00,5,94,63,0,5,ok,1.492063492063492,normal,93.19727891156462
2fe13779-4813-4886-975b-a23d66c22b50,rec1se,357,1,2026-08-05T00:00:00+00:00,2026-08-12T00:00:00+00:00,21,435,293,0,21,ok,1.484641638225256,normal,92.97052154195012
6111a58f-ec43-4a35-ac5f-6a27d4a8442d,kade0,358,1,2026-08-05T00:00:00+00:00,2026-08-12T00:00:00+00:00,0,0,0,0,0,sem_partidas,,sem_partidas,
08d5e3fa-ef86-447a-a441-7d61c106305c,nukkye,359,1,2026-08-05T00:00:00+00:00,2026-08-12T00:00:00+00:00,27,436,408,0,27,ok,1.0686274509803921,normal,25.623582766439913
88aba0ad-9f4f-43f8-8691-78bd5935bb26,MAJ1X,360,1,2026-08-05T00:00:00+00:00,2026-08-12T00:00:00+00:00,18,349,283,0,18,ok,1.2332155477031803,normal,63.49206349206349
75b7d8c4-e346-492c-adef-a91fffeb3886,z1k4-,361,1,2026-08-05T00:00:00+00:00,2026-08-12T00:00:00+00:00,3,60,49,0,3,ok,1.2244897959183674,normal,61.904761904761905
1050ef15-3e72-45b8-a255-ba1c69f9ae03,karass28,362,1,2026-08-05T00:00:00+00:00,2026-08-12T00:00:00+00:00,80,1326,1232,0,80,ok,1.0762987012987013,normal,28.117913832199548
b5ad53bf-7ef2-4e7f-b902-2218997c60f0,KATLEDICI7,363,1,2026-08-05T00:00:00+00:00,2026-08-12T00:00:00+00:00,52,890,886,0,52,ok,1.0045146726862302,normal,14.512471655328799
6b52e429-611a-4cff-a329-79640d71dcf9,serrakura111,364,1,2026-08-05T00:00:00+00:00,2026-08-12T00:00:00+00:00,21,417,279,0,21,ok,1.4946236559139785,normal,93.65079365079364
d4241a7e-40ed-428c-824b-186191cc1186,kkx-,365,1,2026-08-05T00:00:00+00:00,2026-08-12T00:00:00+00:00,0,0,0,0,0,sem_partidas,,sem_partidas,
b0e6d782-b60b-464b-b825-0551219d184c,Botman,366,1,2026-08-05T00:00:00+00:00,2026-08-12T00:00:00+00:00,13,221,202,0,13,ok,1.0940594059405941,normal,32.426303854875286
43edb54f-28ed-41fb-9996-c53c1602b32a,taouser,367,1,2026-08-05T00:00:00+00:00,2026-08-12T00:00:00+00:00,25,402,387,0,25,ok,1.0387596899224807,normal,20.408163265306122
bf53ac48-b4ac-4b17-9174-4018772ad411,Griller1221,368,1,2026-08-05T00:00:00+00:00,2026-08-12T00:00:00+00:00,20,323,295,0,20,ok,1.0949152542372882,normal,33.10657596371882
6051a477-a1fb-410a-bca9-5eb8e848a515,grekuwu,369,1,2026-08-05T00:00:00+00:00,2026-08-12T00:00:00+00:00,9,190,140,0,9,ok,1.3571428571428572,normal,84.12698412698413
32181c2b-b743-4bcd-abd1-1a76378beacf,zs0lt1-,370,1,2026-08-05T00:00:00+00:00,2026-08-12T00:00:00+00:00,11,182,196,0,11,ok,0.9285714285714286,normal,5.6689342403628125
35c42621-9863-49d8-a9d3-98cd2ebd3695,Sdaim,371,1,2026-08-05T00:00:00+00:00,2026-08-12T00:00:00+00:00,10,199,162,0,10,ok,1.228395061728395,normal,62.81179138321995
23b6ffbb-86ec-47ab-acaa-9c76bed0af66,jL-,372,1,2026-08-05T00:00:00+00:00,2026-08-12T00:00:00+00:00,33,612,463,0,33,ok,1.3218142548596112,normal,79.59183673469387
abe4d53f-ed16-49fc-8d86-3d1abac2d5ef,yanni-_-,373,1,2026-08-05T00:00:00+00:00,2026-08-12T00:00:00+00:00,49,815,755,1,50,dados_incompletos,,dados_incompletos,
9dd05297-26eb-4cb4-a2e2-544b242f0a08,DAN9ARMATURA,374,1,2026-08-05T00:00:00+00:00,2026-08-12T00:00:00+00:00,34,618,530,0,34,ok,1.1660377358490566,normal,50.11337868480725
0cf9c7b8-2003-404d-97d4-fa9b5fae1878,Jimpphat,375,1,2026-08-05T00:00:00+00:00,2026-08-12T00:00:00+00:00,12,247,163,0,12,ok,1.5153374233128833,normal,95.23809523809523
a6b1e85a-0d17-4fa3-9c08-900211bf7692,mattloo,376,1,2026-08-05T00:00:00+00:00,2026-08-12T00:00:00+00:00,7,104,111,0,7,ok,0.9369369369369369,normal,6.349206349206349
c328112e-d19e-4dc2-b0d9-e95372a362e7,Hrdina1452,377,1,2026-08-05T00:00:00+00:00,2026-08-12T00:00:00+00:00,14,234,208,0,14,ok,1.125,normal,41.043083900226755
6f65cd76-e51e-480e-b0f4-d8ca78c3ec63,VILBy,378,1,2026-08-05T00:00:00+00:00,2026-08-12T00:00:00+00:00,10,171,153,0,10,ok,1.1176470588235294,normal,39.002267573696145
40ca7ec3-ca11-4e1b-a3b3-3989c1aaf13f,baz,379,1,2026-08-05T00:00:00+00:00,2026-08-12T00:00:00+00:00,14,301,225,0,14,ok,1.3377777777777777,normal,81.40589569160997
08b00737-a7bf-46c2-b501-052c101f3e6e,siz-,380,1,2026-08-05T00:00:00+00:00,2026-08-12T00:00:00+00:00,35,604,536,0,35,ok,1.126865671641791,normal,41.49659863945578
a86a13ca-a850-4e31-9e46-76026f25a8df,flawly,381,1,2026-08-05T00:00:00+00:00,2026-08-12T00:00:00+00:00,28,458,457,0,28,ok,1.0021881838074398,normal,14.058956916099774
95371621-2dc2-4ae2-8633-e70c1f754d25,kiy0o,382,1,2026-08-05T00:00:00+00:00,2026-08-12T00:00:00+00:00,29,495,472,0,29,ok,1.048728813559322,normal,22.448979591836736
fa304d5e-0d2e-4b7c-a802-a9ee2989d6d7,musordrop01R,383,1,2026-08-05T00:00:00+00:00,2026-08-12T00:00:00+00:00,0,0,0,0,0,sem_partidas,,sem_partidas,
e15c799e-2f9b-42fb-9233-db6908126b26,LunaticYF,384,1,2026-08-05T00:00:00+00:00,2026-08-12T00:00:00+00:00,36,607,563,0,36,ok,1.0781527531083481,normal,28.57142857142857
57d0ffa1-44d3-4271-9360-f09bfb7e3466,Ayri21,385,1,2026-08-05T00:00:00+00:00,2026-08-12T00:00:00+00:00,26,407,390,0,26,ok,1.0435897435897437,normal,21.99546485260771
ba3282ae-21a1-4a9d-a2e4-e579a67f2472,ToM223,386,1,2026-08-05T00:00:00+00:00,2026-08-12T00:00:00+00:00,25,470,363,0,25,ok,1.2947658402203857,normal,75.51020408163265
99726d5a-04d8-4b74-a12d-b5e012ae745c,anttzz,387,1,2026-08-05T00:00:00+00:00,2026-08-12T00:00:00+00:00,65,1002,1055,0,65,ok,0.9497630331753555,normal,7.029478458049887
803bd4ab-3891-4686-8301-aea69a426477,PsychoDoctor,388,1,2026-08-05T00:00:00+00:00,2026-08-12T00:00:00+00:00,0,0,0,0,0,sem_partidas,,sem_partidas,
7dfc0c4c-28a0-4126-8b97-349ba09bc314,neptun59,389,1,2026-08-05T00:00:00+00:00,2026-08-12T00:00:00+00:00,37,655,611,0,37,ok,1.072013093289689,normal,26.53061224489796
3bd30889-be3f-49cf-817f-1399c887f2d9,zeRRoFIX,390,1,2026-08-05T00:00:00+00:00,2026-08-12T00:00:00+00:00,16,298,272,0,16,ok,1.0955882352941178,normal,33.33333333333333
651597b1-03b4-4c74-8848-dd688599cffa,sk1tt,391,1,2026-08-05T00:00:00+00:00,2026-08-12T00:00:00+00:00,7,92,109,0,7,ok,0.8440366972477065,normal,1.8140589569160999
bffdd912-57c0-4c48-9735-3d36059236b3,SatoruGojo_,392,1,2026-08-05T00:00:00+00:00,2026-08-12T00:00:00+00:00,10,183,180,0,10,ok,1.0166666666666666,normal,15.873015873015872
9b9355f1-870d-4d85-bb37-9b71d591d779,608-,393,1,2026-08-05T00:00:00+00:00,2026-08-12T00:00:00+00:00,7,100,103,0,7,ok,0.970873786407767,normal,8.843537414965986
79df73cc-00b8-40c2-9089-d20e81b91614,Nivera-,394,1,2026-08-05T00:00:00+00:00,2026-08-12T00:00:00+00:00,13,259,142,0,13,ok,1.823943661971831,outlier_positivo,99.09297052154194
e5806414-a8b4-4f7e-b13d-e16066e3984a,suisha,395,1,2026-08-05T00:00:00+00:00,2026-08-12T00:00:00+00:00,21,411,345,0,21,ok,1.191304347826087,normal,56.235827664399096
675b5450-f00f-4009-92b8-10d17524959a,Proinya,396,1,2026-08-05T00:00:00+00:00,2026-08-12T00:00:00+00:00,5,104,79,0,5,ok,1.3164556962025316,normal,78.2312925170068
a9147ac0-cd1b-4ab8-a634-a3562d29dc13,W0nderL4nd,397,1,2026-08-05T00:00:00+00:00,2026-08-12T00:00:00+00:00,2,30,37,0,2,ok,0.8108108108108109,normal,1.3605442176870748
41e80191-23a9-40af-a3f5-b0452d31b7a5,xm1nd337,398,1,2026-08-05T00:00:00+00:00,2026-08-12T00:00:00+00:00,37,714,545,0,37,ok,1.310091743119266,normal,77.09750566893425
381f4aa9-921e-498b-8548-af3a61a95f45,fall1ngxd,399,1,2026-08-05T00:00:00+00:00,2026-08-12T00:00:00+00:00,81,1389,1303,0,81,ok,1.0660015349194167,normal,25.396825396825395
0bd8a37f-2bf9-4a2a-8c4d-4ec60249c758,Kovvat,400,1,2026-08-05T00:00:00+00:00,2026-08-12T00:00:00+00:00,54,879,854,0,54,ok,1.0292740046838407,normal,18.367346938775512
a5f7f49b-13f4-406b-9868-99503a228d4c,Myggis,401,1,2026-08-05T00:00:00+00:00,2026-08-12T00:00:00+00:00,61,1023,1018,0,61,ok,1.0049115913555993,normal,14.73922902494331
96675589-94d3-4a3f-942e-75e876c5407d,amanek,402,1,2026-08-05T00:00:00+00:00,2026-08-12T00:00:00+00:00,14,195,200,0,14,ok,0.975,normal,9.750566893424036
8f97a4ca-0315-4386-a97d-4ec6b74a432a,F0R3VER-,403,1,2026-08-05T00:00:00+00:00,2026-08-12T00:00:00+00:00,12,192,164,0,12,ok,1.170731707317073,normal,51.70068027210885
3c1ca83f-5c0b-48c9-9efb-86e02999bad4,CoolezW,404,1,2026-08-05T00:00:00+00:00,2026-08-12T00:00:00+00:00,21,372,331,0,21,ok,1.1238670694864048,normal,40.58956916099773
f77f8060-0918-4c9c-84eb-4b871a0d0430,Farab1,405,1,2026-08-05T00:00:00+00:00,2026-08-12T00:00:00+00:00,59,999,866,0,59,ok,1.153579676674365,normal,47.3922902494331
f317884c-2d70-4cb9-8f03-418064e114ed,markovich666,406,1,2026-08-05T00:00:00+00:00,2026-08-12T00:00:00+00:00,50,911,707,0,50,ok,1.2885431400282885,normal,74.82993197278913
cd355df3-21b0-4677-8e79-6d823aa6ebac,takanashi,407,1,2026-08-05T00:00:00+00:00,2026-08-12T00:00:00+00:00,39,609,636,0,39,ok,0.9575471698113207,normal,7.482993197278912
a421bf0b-db37-4194-8d57-59aa2cab64a0,NaYz,408,1,2026-08-05T00:00:00+00:00,2026-08-12T00:00:00+00:00,25,404,404,0,25,ok,1.0,normal,13.60544217687075
14bf6f49-e335-4cca-b270-2bff1bc95485,whisperr23,409,1,2026-08-05T00:00:00+00:00,2026-08-12T00:00:00+00:00,10,144,154,0,10,ok,0.935064935064935,normal,6.122448979591836
f0d7de73-a6e4-4fd8-961e-d4f5f283e931,kenjezz,410,1,2026-08-05T00:00:00+00:00,2026-08-12T00:00:00+00:00,20,303,292,0,20,ok,1.0376712328767124,normal,20.181405895691608
e5b77795-ddbc-418b-a72a-e8e8e2787d54,eNs,411,1,2026-08-05T00:00:00+00:00,2026-08-12T00:00:00+00:00,5,67,68,0,5,ok,0.9852941176470589,normal,11.791383219954648
917a60fe-0a2f-4cf8-b93e-8d8242e2aa87,Bl4zE333,412,1,2026-08-05T00:00:00+00:00,2026-08-12T00:00:00+00:00,56,920,844,0,56,ok,1.0900473933649288,normal,31.746031746031743
7b6558ed-94e8-4344-a805-788cb226d03e,oz1k,413,1,2026-08-05T00:00:00+00:00,2026-08-12T00:00:00+00:00,0,0,0,0,0,sem_partidas,,sem_partidas,
31a278ea-2af3-4101-baad-2bff533b5c01,Blytz_,414,1,2026-08-05T00:00:00+00:00,2026-08-12T00:00:00+00:00,1,35,36,0,1,ok,0.9722222222222222,normal,9.070294784580499
13a07227-30a0-4590-9b66-e8e5841b7a8b,H4SAN4TOR,415,1,2026-08-05T00:00:00+00:00,2026-08-12T00:00:00+00:00,34,582,569,0,34,ok,1.0228471001757469,normal,17.233560090702948
0afea8e8-c7e2-4ad7-a20e-ec4ba4ce80ff,3BL0S7R3L,416,1,2026-08-05T00:00:00+00:00,2026-08-12T00:00:00+00:00,13,226,210,0,13,ok,1.0761904761904761,normal,27.89115646258503
b65ca382-cb8c-42a2-aeb7-822fb72cb9a7,iffo,417,1,2026-08-05T00:00:00+00:00,2026-08-12T00:00:00+00:00,16,271,242,0,16,ok,1.1198347107438016,normal,39.909297052154194
685163c9-a0d4-41b9-8373-d0d2f26ab42b,kL1o,418,1,2026-08-05T00:00:00+00:00,2026-08-12T00:00:00+00:00,0,0,0,0,0,sem_partidas,,sem_partidas,
1ace868a-d60c-46b8-a61e-f51d40d0305b,lilpeepfan-,419,1,2026-08-05T00:00:00+00:00,2026-08-12T00:00:00+00:00,8,159,105,0,8,ok,1.5142857142857142,normal,95.01133786848072
6e9625a5-9d91-4b07-9858-0042f5a53f6a,paz-,420,1,2026-08-05T00:00:00+00:00,2026-08-12T00:00:00+00:00,0,0,0,0,0,sem_partidas,,sem_partidas,
f34926cc-3857-4d91-bc5a-316ec071263a,djgor1lla,421,1,2026-08-05T00:00:00+00:00,2026-08-12T00:00:00+00:00,32,620,532,0,32,ok,1.1654135338345866,normal,49.65986394557823
f2e856bd-3ee0-4c05-85da-0f26ecdfcd69,Jhniewolkjer,422,1,2026-08-05T00:00:00+00:00,2026-08-12T00:00:00+00:00,34,496,505,0,34,ok,0.9821782178217822,normal,10.657596371882086
cd978277-44fe-46ef-85e9-c916be624bee,Maiser,423,1,2026-08-05T00:00:00+00:00,2026-08-12T00:00:00+00:00,46,675,660,0,46,ok,1.0227272727272727,normal,17.006802721088434
8dd252bc-7bed-4b80-a8af-08292429f90c,shaiK,424,1,2026-08-05T00:00:00+00:00,2026-08-12T00:00:00+00:00,18,290,285,0,18,ok,1.0175438596491229,normal,16.099773242630384
01b56a15-1e5d-43ea-9173-8d2b812bc1c6,strixxxzz,425,1,2026-08-05T00:00:00+00:00,2026-08-12T00:00:00+00:00,49,821,712,0,49,ok,1.1530898876404494,normal,47.16553287981859
92e63ac2-a228-4a2c-8db5-93e4a0b35e6f,SILNYI4EL,426,1,2026-08-05T00:00:00+00:00,2026-08-12T00:00:00+00:00,51,841,790,0,51,ok,1.0645569620253164,normal,24.71655328798186
80396ca7-9e6b-440d-bea6-99c20a78758c,MadLife516,427,1,2026-08-05T00:00:00+00:00,2026-08-12T00:00:00+00:00,29,483,477,0,29,ok,1.0125786163522013,normal,15.646258503401361
53771794-0678-4e00-b12b-605404c711f0,icntflmfce,428,1,2026-08-05T00:00:00+00:00,2026-08-12T00:00:00+00:00,7,142,95,0,7,ok,1.4947368421052631,normal,93.87755102040816
43cddbf7-48c8-402d-8ab5-2d7b35c519c2,Tired5,429,1,2026-08-05T00:00:00+00:00,2026-08-12T00:00:00+00:00,14,240,216,0,14,ok,1.1111111111111112,normal,36.961451247165535
f054b0fb-9841-45b9-b832-d3d38f3c948e,iNSANE-0_o,430,1,2026-08-05T00:00:00+00:00,2026-08-12T00:00:00+00:00,16,261,251,0,16,ok,1.0398406374501992,normal,20.634920634920633
6a8c42f1-b66d-49d3-a89a-d0fd7c11d544,CHANKY-,431,1,2026-08-05T00:00:00+00:00,2026-08-12T00:00:00+00:00,6,95,84,0,6,ok,1.130952380952381,normal,42.63038548752834
0e5e5804-66dc-47fc-abf8-78fbabb2e486,x1nk1n,432,1,2026-08-05T00:00:00+00:00,2026-08-12T00:00:00+00:00,31,595,455,0,31,ok,1.3076923076923077,normal,76.64399092970523
fddec513-3b2c-46c2-8223-5baf9d7c44e1,qw3zy,433,1,2026-08-05T00:00:00+00:00,2026-08-12T00:00:00+00:00,6,77,86,0,6,ok,0.8953488372093024,normal,3.6281179138321997
7755ecad-986d-418d-932e-2250132bee75,newnickname7,434,1,2026-08-05T00:00:00+00:00,2026-08-12T00:00:00+00:00,33,577,479,0,33,ok,1.2045929018789143,normal,58.95691609977324
4396868f-64f7-4847-8443-4703685a0aef,hitori,435,1,2026-08-05T00:00:00+00:00,2026-08-12T00:00:00+00:00,1,24,18,0,1,ok,1.3333333333333333,normal,80.72562358276643
1606bc69-b662-43ff-a5a6-cb3667b1175f,qw1ck,436,1,2026-08-05T00:00:00+00:00,2026-08-12T00:00:00+00:00,80,1334,1214,0,80,ok,1.098846787479407,normal,34.467120181405896
f20f58ba-b7f6-455e-9267-5700584798a7,resqz,437,1,2026-08-05T00:00:00+00:00,2026-08-12T00:00:00+00:00,30,472,430,0,30,ok,1.0976744186046512,normal,34.01360544217687
c1302426-7b94-464e-8074-934bd584a311,latayo,438,1,2026-08-05T00:00:00+00:00,2026-08-12T00:00:00+00:00,71,1270,1158,0,71,ok,1.0967184801381693,normal,33.78684807256236
47444e4a-3a2e-4952-a6d8-eb535f3f9c82,Something,439,1,2026-08-05T00:00:00+00:00,2026-08-12T00:00:00+00:00,46,798,718,0,46,ok,1.1114206128133706,normal,37.188208616780045
bea77fb4-1e11-43bf-aae7-1ce463bc0a21,nukleos143,440,1,2026-08-05T00:00:00+00:00,2026-08-12T00:00:00+00:00,37,587,542,0,37,ok,1.0830258302583027,normal,30.158730158730158
5d950322-1f67-41fe-a8d7-3831ef236504,xz4yrix_-,441,1,2026-08-05T00:00:00+00:00,2026-08-12T00:00:00+00:00,0,0,0,0,0,sem_partidas,,sem_partidas,
b88c11ce-6c1c-4caf-826c-a3781f5ef95f,r3td,442,1,2026-08-05T00:00:00+00:00,2026-08-12T00:00:00+00:00,67,1230,1037,0,67,ok,1.1861137897782064,normal,54.87528344671202
a890369c-f360-430b-bb2b-07320647239f,Sami,443,1,2026-08-05T00:00:00+00:00,2026-08-12T00:00:00+00:00,12,179,189,0,12,ok,0.9470899470899471,normal,6.802721088435375
41e2d7e1-a224-46b4-8565-cc04e4a9d1ea,crazed-_-,444,1,2026-08-05T00:00:00+00:00,2026-08-12T00:00:00+00:00,0,0,0,0,0,sem_partidas,,sem_partidas,
37032643-d56f-417e-b165-f058646f8076,wakash1ma666,445,1,2026-08-05T00:00:00+00:00,2026-08-12T00:00:00+00:00,19,380,266,0,19,ok,1.4285714285714286,normal,89.56916099773242
63bbf570-f8f3-4502-9c27-4b2d767bfeb8,newt,446,1,2026-08-05T00:00:00+00:00,2026-08-12T00:00:00+00:00,21,349,315,0,21,ok,1.107936507936508,normal,36.507936507936506
5b8d259e-503e-4afe-b621-0dc202d46e43,Buzz,447,1,2026-08-05T00:00:00+00:00,2026-08-12T00:00:00+00:00,0,0,0,0,0,sem_partidas,,sem_partidas,
ec933b68-6007-408c-818d-10cc284b6838,-mortal666,448,1,2026-08-05T00:00:00+00:00,2026-08-12T00:00:00+00:00,28,413,434,0,28,ok,0.9516129032258065,normal,7.2562358276643995
1e004a7b-a857-49ed-ad46-a3f8549d5b7e,Jaex-,449,1,2026-08-05T00:00:00+00:00,2026-08-12T00:00:00+00:00,16,256,229,0,16,ok,1.1179039301310043,normal,39.229024943310655
ea125fed-a8af-4d17-91b9-4e05dc51a0ba,shalfey111,450,1,2026-08-05T00:00:00+00:00,2026-08-12T00:00:00+00:00,13,175,179,0,13,ok,0.9776536312849162,normal,10.204081632653061
c03e59a1-785d-4821-8300-e84d2a30a99c,fez,451,1,2026-08-05T00:00:00+00:00,2026-08-12T00:00:00+00:00,22,436,305,0,22,ok,1.4295081967213115,normal,89.79591836734694
888098d7-ca11-498a-9d76-aa9bc8636708,-Aldikon,452,1,2026-08-05T00:00:00+00:00,2026-08-12T00:00:00+00:00,0,0,0,0,0,sem_partidas,,sem_partidas,
9af7e56b-2661-4235-a853-788f9d07d7c5,safraleine33,453,1,2026-08-05T00:00:00+00:00,2026-08-12T00:00:00+00:00,0,0,0,0,0,sem_partidas,,sem_partidas,
1fc5d089-ed6d-42bc-9014-b7bd8024a5ce,wouri,454,1,2026-08-05T00:00:00+00:00,2026-08-12T00:00:00+00:00,21,324,315,0,21,ok,1.0285714285714285,normal,18.140589569160998
94f48ada-f249-4fd3-92cd-d7e1454bbeb3,percoshk3t,455,1,2026-08-05T00:00:00+00:00,2026-08-12T00:00:00+00:00,39,682,539,0,39,ok,1.2653061224489797,normal,70.06802721088435
835047fa-11b8-44df-aff2-df367bacc016,domin0o_,456,1,2026-08-05T00:00:00+00:00,2026-08-12T00:00:00+00:00,57,949,839,0,57,ok,1.1311084624553038,normal,42.857142857142854
9b60b444-681f-4075-9bb2-5b8a1e6c8c0c,zendirege,457,1,2026-08-05T00:00:00+00:00,2026-08-12T00:00:00+00:00,77,1080,1208,0,77,ok,0.8940397350993378,normal,3.4013605442176873
45a216c4-0a48-4475-9e16-4548a1ab8a63,-guty,458,1,2026-08-05T00:00:00+00:00,2026-08-12T00:00:00+00:00,3,47,52,0,3,ok,0.9038461538461539,normal,4.081632653061225
24d172ce-17ac-4473-9bbf-604230499642,kaneko999,459,1,2026-08-05T00:00:00+00:00,2026-08-12T00:00:00+00:00,25,505,448,0,25,ok,1.1272321428571428,normal,41.723356009070294
766e6891-f43c-4caa-9069-6ff948384229,foidslayer--,460,1,2026-08-05T00:00:00+00:00,2026-08-12T00:00:00+00:00,0,0,0,0,0,sem_partidas,,sem_partidas,
6226a775-1377-48c3-bac5-3a772af824fb,inwayz-_-,461,1,2026-08-05T00:00:00+00:00,2026-08-12T00:00:00+00:00,0,0,0,0,0,sem_partidas,,sem_partidas,
31344471-a809-45c0-9190-fd6420769871,hallzerk,462,1,2026-08-05T00:00:00+00:00,2026-08-12T00:00:00+00:00,0,0,0,0,0,sem_partidas,,sem_partidas,
07590cf0-6f1c-4a5c-b349-5af955627f30,kRaSnaI,463,1,2026-08-05T00:00:00+00:00,2026-08-12T00:00:00+00:00,2,32,34,0,2,ok,0.9411764705882353,normal,6.575963718820861
7620a1ae-c74b-4677-80c1-3e551c8c3fb7,PYREXX-,464,1,2026-08-05T00:00:00+00:00,2026-08-12T00:00:00+00:00,18,272,283,0,18,ok,0.9611307420494699,normal,8.390022675736962
2148ed19-15a3-4d2f-973e-4b7d6a29af6b,AI-Bagheera,465,1,2026-08-05T00:00:00+00:00,2026-08-12T00:00:00+00:00,17,262,266,0,17,ok,0.9849624060150376,normal,11.564625850340136
a20678de-0c2d-4a9f-bf8e-3c856bceab45,b1t,466,1,2026-08-05T00:00:00+00:00,2026-08-12T00:00:00+00:00,10,172,127,0,10,ok,1.3543307086614174,normal,83.90022675736961
57bf2171-049e-46e6-8e16-131dcb92a415,avid-,467,1,2026-08-05T00:00:00+00:00,2026-08-12T00:00:00+00:00,2,29,37,0,2,ok,0.7837837837837838,normal,1.1337868480725624
43e675a8-d54e-42c4-b055-c0d2062bbf7e,YumsaN,468,1,2026-08-05T00:00:00+00:00,2026-08-12T00:00:00+00:00,20,376,249,0,20,ok,1.5100401606425702,normal,94.5578231292517
b0ee1f18-598b-4f15-89d5-99b614cc93b0,Malkiss,469,1,2026-08-05T00:00:00+00:00,2026-08-12T00:00:00+00:00,0,0,0,0,0,sem_partidas,,sem_partidas,
8a4b1c1b-7957-4b83-a18c-1dee110c4cfc,1nki7331,470,1,2026-08-05T00:00:00+00:00,2026-08-12T00:00:00+00:00,0,0,0,0,0,sem_partidas,,sem_partidas,
d9981652-0143-4c1f-9de5-7fed7f2315f5,k1ssly-,471,1,2026-08-05T00:00:00+00:00,2026-08-12T00:00:00+00:00,0,0,0,0,0,sem_partidas,,sem_partidas,
d6537a7f-eb98-449d-9f31-cada1d6b910d,wswavdghfwd,472,1,2026-08-05T00:00:00+00:00,2026-08-12T00:00:00+00:00,45,753,677,0,45,ok,1.1122599704579026,normal,37.868480725623584
2d83d2dc-abfd-490e-b05e-0019887cf33c,731MusorDrop,473,1,2026-08-05T00:00:00+00:00,2026-08-12T00:00:00+00:00,47,829,715,0,47,ok,1.1594405594405595,normal,48.07256235827664
da235764-ca50-4d23-b071-38e9bf44a39b,jv2k,474,1,2026-08-05T00:00:00+00:00,2026-08-12T00:00:00+00:00,5,54,79,0,5,ok,0.6835443037974683,outlier_negativo,0.22675736961451248
f91a0186-c110-4c26-b82b-b77f885510a4,cheaterhs,475,1,2026-08-05T00:00:00+00:00,2026-08-12T00:00:00+00:00,1,25,19,0,1,ok,1.3157894736842106,normal,78.00453514739229
eda41a31-6cf9-49f9-9870-7b12bb0d9150,CASEKAICEDO,476,1,2026-08-05T00:00:00+00:00,2026-08-12T00:00:00+00:00,25,443,377,0,25,ok,1.1750663129973475,normal,52.60770975056689
d3f24072-38c0-44ac-9d8b-5dba72c47569,danil_potoke,477,1,2026-08-05T00:00:00+00:00,2026-08-12T00:00:00+00:00,34,641,486,0,34,ok,1.3189300411522633,normal,78.91156462585033
772edefc-9b9d-4e5b-b33e-2958eb6c38a7,H1jgnsh-_-,478,1,2026-08-05T00:00:00+00:00,2026-08-12T00:00:00+00:00,8,140,101,0,8,ok,1.386138613861386,normal,87.52834467120182
1495e67c-8aa5-4e8a-9e24-7f17e5ea3049,PUPA-9,479,1,2026-08-05T00:00:00+00:00,2026-08-12T00:00:00+00:00,26,459,440,0,26,ok,1.0431818181818182,normal,21.768707482993197
ee612218-4533-4dbc-a8db-21192d8217b8,epeaj666,480,1,2026-08-05T00:00:00+00:00,2026-08-12T00:00:00+00:00,19,282,268,0,19,ok,1.0522388059701493,normal,23.12925170068027
15371e7d-a30d-4b6a-80d8-d8ca1b8cbc43,stavnmagi,481,1,2026-08-05T00:00:00+00:00,2026-08-12T00:00:00+00:00,7,123,98,0,7,ok,1.2551020408163265,normal,68.48072562358276
fed5173b-cc64-4d2a-914f-84273a4eb392,deliciousSs,482,1,2026-08-05T00:00:00+00:00,2026-08-12T00:00:00+00:00,20,302,301,0,20,ok,1.0033222591362125,normal,14.285714285714285
f140177f-6dec-4903-9bb6-598f1049e97f,her1tage111,483,1,2026-08-05T00:00:00+00:00,2026-08-12T00:00:00+00:00,11,212,175,0,11,ok,1.2114285714285715,normal,60.544217687074834
e35850f7-8043-4e71-9d3a-3748cb6dfdd7,Shoota-_-,484,1,2026-08-05T00:00:00+00:00,2026-08-12T00:00:00+00:00,36,576,546,0,36,ok,1.054945054945055,normal,23.356009070294785
c46fe7d1-7623-4014-a63b-2e8bc3cbac62,262,485,1,2026-08-05T00:00:00+00:00,2026-08-12T00:00:00+00:00,54,966,791,0,54,ok,1.2212389380530972,normal,61.224489795918366
defccfc4-ddf1-4aee-b441-51adf7306f37,m4d4ra666,486,1,2026-08-05T00:00:00+00:00,2026-08-12T00:00:00+00:00,44,798,688,0,44,ok,1.1598837209302326,normal,48.29931972789115
24a3d250-e64e-4212-9872-2f37997e3e5f,l4uvmaria,487,1,2026-08-05T00:00:00+00:00,2026-08-12T00:00:00+00:00,2,42,34,0,2,ok,1.2352941176470589,normal,64.39909297052154
c6ab629f-9142-4edb-9cb9-a88d5b6ac7ef,Chr1zN,488,1,2026-08-05T00:00:00+00:00,2026-08-12T00:00:00+00:00,8,159,121,0,8,ok,1.3140495867768596,normal,77.77777777777779
30d65106-6fb6-4f84-8a7a-66c10df34b72,--SanDy,489,1,2026-08-05T00:00:00+00:00,2026-08-12T00:00:00+00:00,16,290,210,0,16,ok,1.380952380952381,normal,87.3015873015873
f02fe0de-fda4-490e-8048-a33cd7a47b54,Jayy2s,490,1,2026-08-05T00:00:00+00:00,2026-08-12T00:00:00+00:00,10,163,140,0,10,ok,1.1642857142857144,normal,49.2063492063492
a29dccc8-5ea9-49be-a884-09b80706b010,fdghnsfdgb,491,1,2026-08-05T00:00:00+00:00,2026-08-12T00:00:00+00:00,26,401,389,0,26,ok,1.0308483290488433,normal,19.501133786848072
75c35b01-719b-4d98-b110-e99a0369097a,whyalive999,492,1,2026-08-05T00:00:00+00:00,2026-08-12T00:00:00+00:00,21,387,323,0,21,ok,1.1981424148606812,normal,57.14285714285714
cab2a609-de2f-4023-a9c7-af89d5292c96,D0cC,493,1,2026-08-05T00:00:00+00:00,2026-08-12T00:00:00+00:00,23,470,328,0,23,ok,1.4329268292682926,normal,90.47619047619048
c8a2d8f4-c3d9-46dd-b779-e20940697c76,emiii-,494,1,2026-08-05T00:00:00+00:00,2026-08-12T00:00:00+00:00,31,473,461,0,31,ok,1.0260303687635575,normal,17.913832199546487
3783cdb7-ad5b-4c10-ba0e-ba14df7f8403,-Blam1e,495,1,2026-08-05T00:00:00+00:00,2026-08-12T00:00:00+00:00,16,316,253,0,16,ok,1.2490118577075098,normal,66.89342403628117
f60f128f-693b-4be2-8d37-d8bf0ad519ec,faydett,496,1,2026-08-05T00:00:00+00:00,2026-08-12T00:00:00+00:00,14,233,238,0,14,ok,0.9789915966386554,normal,10.430839002267573
1bce43de-6944-4533-8402-4631f989c56c,kagiriiii,497,1,2026-08-05T00:00:00+00:00,2026-08-12T00:00:00+00:00,28,533,434,0,28,ok,1.228110599078341,normal,62.585034013605444
fa49d188-261a-4200-b10d-1c632dfeb87a,solb7,498,1,2026-08-05T00:00:00+00:00,2026-08-12T00:00:00+00:00,22,436,348,0,22,ok,1.2528735632183907,normal,68.02721088435374
cc4540db-0be4-43d7-869d-0a10573e8902,PleaseF1xMe,499,1,2026-08-05T00:00:00+00:00,2026-08-12T00:00:00+00:00,57,1007,872,0,57,ok,1.1548165137614679,normal,47.61904761904761
b89b63c3-72b3-4f94-ad9f-8f1cede7e874,edgyS,500,1,2026-08-05T00:00:00+00:00,2026-08-12T00:00:00+00:00,27,445,371,0,27,ok,1.1994609164420484,normal,57.36961451247166
e5e8e2a6-d716-4493-b949-e16965f41654,donk666,1,2,2026-08-12T00:00:00+00:00,2026-08-19T00:00:00+00:00,7,147,89,0,7,ok,1.651685393258427,normal,97.18614718614718
33c4e3c7-5428-46f2-bc0f-3fbdce907873,abiraju,2,2,2026-08-12T00:00:00+00:00,2026-08-19T00:00:00+00:00,15,247,195,0,15,ok,1.2666666666666666,normal,63.85281385281385
74df0e6b-5b41-42d7-93b4-05dc78b9a699,dem0nnnnnnnn,3,2,2026-08-12T00:00:00+00:00,2026-08-19T00:00:00+00:00,20,379,293,0,20,ok,1.2935153583617747,normal,67.74891774891775
5c96af4a-20e7-40dc-b91b-551803b6170a,1prince1,4,2,2026-08-12T00:00:00+00:00,2026-08-19T00:00:00+00:00,29,675,472,0,29,ok,1.430084745762712,normal,87.66233766233766
e5b855bd-3dbc-4928-a216-241d615b431b,nipl,5,2,2026-08-12T00:00:00+00:00,2026-08-19T00:00:00+00:00,49,1031,688,0,49,ok,1.498546511627907,normal,91.55844155844156
34f9fcd0-4f1f-4693-bd96-c2e29df992e5,bluewh1te,6,2,2026-08-12T00:00:00+00:00,2026-08-19T00:00:00+00:00,2,31,32,0,2,ok,0.96875,normal,8.874458874458876
64000660-f2d2-4c9b-8e29-6ad5ec2b49cf,CEMEN_BAKIN,7,2,2026-08-12T00:00:00+00:00,2026-08-19T00:00:00+00:00,24,540,381,0,24,ok,1.4173228346456692,normal,85.71428571428571
463b9403-9b63-4408-a962-d9452385af4d,z1Nny,8,2,2026-08-12T00:00:00+00:00,2026-08-19T00:00:00+00:00,0,0,0,0,0,sem_partidas,,sem_partidas,
be994de3-89c8-4d40-9286-c14035208743,-SYPH0,9,2,2026-08-12T00:00:00+00:00,2026-08-19T00:00:00+00:00,14,254,191,0,14,ok,1.3298429319371727,normal,74.24242424242425
2f5f6b1e-9705-45e8-9065-233680b8f4b8,synyx--,10,2,2026-08-12T00:00:00+00:00,2026-08-19T00:00:00+00:00,14,276,194,0,14,ok,1.422680412371134,normal,86.14718614718615
ae86bf74-eeda-444f-8db4-a4703a74fc95,1769-,11,2,2026-08-12T00:00:00+00:00,2026-08-19T00:00:00+00:00,25,535,387,0,25,ok,1.3824289405684755,normal,82.68398268398268
10b5e974-6308-46ba-8968-0d8b2f5e5c04,U10m3k,12,2,2026-08-12T00:00:00+00:00,2026-08-19T00:00:00+00:00,12,203,190,0,12,ok,1.068421052631579,normal,20.77922077922078
7034bcab-8503-4615-b216-ba9f05c0ae13,adamb1,13,2,2026-08-12T00:00:00+00:00,2026-08-19T00:00:00+00:00,25,484,344,0,25,ok,1.4069767441860466,normal,84.84848484848484
ca1a7e52-32d3-4330-9c4d-c6d91c7e1eca,kumao,14,2,2026-08-12T00:00:00+00:00,2026-08-19T00:00:00+00:00,18,329,278,0,18,ok,1.183453237410072,normal,46.53679653679654
ba9547a0-c1de-40d7-92be-17dc224c2aec,Ex1st---,15,2,2026-08-12T00:00:00+00:00,2026-08-19T00:00:00+00:00,19,365,305,0,19,ok,1.1967213114754098,normal,49.35064935064935
300012ab-d5be-4271-96be-e2ac66a8f4d4,tried,16,2,2026-08-12T00:00:00+00:00,2026-08-19T00:00:00+00:00,44,901,624,0,44,ok,1.4439102564102564,normal,88.96103896103897
b0bf2cc2-198a-4a78-988d-2e7ff7ee6815,Magnojezzz,17,2,2026-08-12T00:00:00+00:00,2026-08-19T00:00:00+00:00,6,126,81,0,6,ok,1.5555555555555556,normal,93.72294372294373
a1d1b853-0d85-437f-9e21-2e9dea4976f5,kRaSnaL,18,2,2026-08-12T00:00:00+00:00,2026-08-19T00:00:00+00:00,103,1826,1660,0,103,ok,1.1,normal,27.056277056277057
2ee20933-e330-4879-8eed-0eda12f63b60,Ryujin,19,2,2026-08-12T00:00:00+00:00,2026-08-19T00:00:00+00:00,54,1039,817,0,54,ok,1.2717258261933904,normal,64.71861471861472
7cfd2312-1ff0-434c-a4b1-be10b033636f,xKacpersky,20,2,2026-08-12T00:00:00+00:00,2026-08-19T00:00:00+00:00,27,543,415,0,27,ok,1.308433734939759,normal,71.64502164502164
dfe2650b-74ec-419f-8308-cbedfba7eae5,D9D9VOLODYA,21,2,2026-08-12T00:00:00+00:00,2026-08-19T00:00:00+00:00,55,1106,845,0,55,ok,1.3088757396449704,normal,71.86147186147186
512e4ffc-1edf-4f6b-819c-8d15498267b1,tronic,22,2,2026-08-12T00:00:00+00:00,2026-08-19T00:00:00+00:00,8,123,116,0,8,ok,1.0603448275862069,normal,20.12987012987013
f0b0bbdb-af3d-4ad2-a509-9d75e472a558,sakha,23,2,2026-08-12T00:00:00+00:00,2026-08-19T00:00:00+00:00,62,997,860,0,62,ok,1.1593023255813955,normal,41.125541125541126
d3b48a63-5d9d-4db7-ab3f-1dc325b0fc34,mazay,24,2,2026-08-12T00:00:00+00:00,2026-08-19T00:00:00+00:00,11,220,176,0,11,ok,1.25,normal,61.25541125541125
2ce03e2d-72bd-45d8-872c-dfdefd172e72,nbl-,25,2,2026-08-12T00:00:00+00:00,2026-08-19T00:00:00+00:00,23,493,320,0,23,ok,1.540625,normal,93.07359307359307
14ade289-8e06-4e85-be76-7ffc51426cae,SquEzxc,26,2,2026-08-12T00:00:00+00:00,2026-08-19T00:00:00+00:00,11,194,169,0,11,ok,1.1479289940828403,normal,39.39393939393939
3b04032f-fa9d-4f8d-9cb5-a2481c51d4bd,Kopol9HEybuT,27,2,2026-08-12T00:00:00+00:00,2026-08-19T00:00:00+00:00,13,245,191,0,13,ok,1.2827225130890052,normal,65.5844155844156
ac784f9e-2975-4e9d-b3bc-f2b4a2e8c83b,trd73,28,2,2026-08-12T00:00:00+00:00,2026-08-19T00:00:00+00:00,20,408,292,0,20,ok,1.3972602739726028,normal,83.76623376623377
ac852ba6-6bcd-48f4-a216-1fbe64aeb6a5,mag1k3Y,29,2,2026-08-12T00:00:00+00:00,2026-08-19T00:00:00+00:00,16,330,245,0,16,ok,1.346938775510204,normal,78.35497835497836
58dabfcf-c6d3-4a31-bb0e-9c95ff9c891b,whyhurt,30,2,2026-08-12T00:00:00+00:00,2026-08-19T00:00:00+00:00,49,901,695,0,49,ok,1.2964028776978418,normal,68.3982683982684
3f31fb51-5179-4d2a-871f-831c46d51e5b,rifler,31,2,2026-08-12T00:00:00+00:00,2026-08-19T00:00:00+00:00,26,365,339,0,26,ok,1.0766961651917404,normal,22.294372294372295
821d2f75-a314-48d7-8a90-5d2f152e761a,em0k1d,32,2,2026-08-12T00:00:00+00:00,2026-08-19T00:00:00+00:00,23,405,284,0,23,ok,1.426056338028169,normal,87.01298701298701
8f151c97-d096-40f1-b3ae-3afaaca644bb,hARNgAdd--,33,2,2026-08-12T00:00:00+00:00,2026-08-19T00:00:00+00:00,32,651,489,0,32,ok,1.3312883435582823,normal,74.45887445887446
e942341f-24df-45d9-ac6d-9817cfa6ad0b,frontales,34,2,2026-08-12T00:00:00+00:00,2026-08-19T00:00:00+00:00,3,60,51,0,3,ok,1.1764705882352942,normal,44.8051948051948
09013eac-138e-47ca-a38f-2ba9021c975f,flouzer,35,2,2026-08-12T00:00:00+00:00,2026-08-19T00:00:00+00:00,2,37,41,0,2,ok,0.9024390243902439,normal,5.194805194805195
f7320c44-0f99-4c4c-a56c-f83efb346eb8,fudzhy,36,2,2026-08-12T00:00:00+00:00,2026-08-19T00:00:00+00:00,24,435,332,0,24,ok,1.3102409638554218,normal,72.2943722943723
5f766d86-a43a-463c-8673-b4b3d8889631,tokyoshi,37,2,2026-08-12T00:00:00+00:00,2026-08-19T00:00:00+00:00,30,530,473,0,30,ok,1.120507399577167,normal,32.467532467532465
89aee03d-1762-4b48-99b9-61ff5827dd3f,KAD1M,38,2,2026-08-12T00:00:00+00:00,2026-08-19T00:00:00+00:00,25,544,370,0,25,ok,1.4702702702702704,normal,90.47619047619048
16535c6a-fbce-4485-b5b8-fab4340b707e,b1st-,39,2,2026-08-12T00:00:00+00:00,2026-08-19T00:00:00+00:00,8,181,102,0,8,ok,1.7745098039215685,outlier_positivo,98.7012987012987
3ecdb88c-0a97-457f-a130-d0782176f94d,FenomeN--,40,2,2026-08-12T00:00:00+00:00,2026-08-19T00:00:00+00:00,0,0,0,0,0,sem_partidas,,sem_partidas,
31cf2b21-6afc-4bac-a36f-40cebaa6f862,cartilag,41,2,2026-08-12T00:00:00+00:00,2026-08-19T00:00:00+00:00,19,414,283,0,19,ok,1.4628975265017667,normal,90.25974025974025
7c15da7f-39d6-4f8d-b237-ddcc58d0751b,hey666,42,2,2026-08-12T00:00:00+00:00,2026-08-19T00:00:00+00:00,64,1157,1032,0,64,ok,1.121124031007752,normal,33.116883116883116
4b6a67fe-50fb-462d-9940-568d8ebd3f83,0SAMAS,43,2,2026-08-12T00:00:00+00:00,2026-08-19T00:00:00+00:00,15,273,219,0,15,ok,1.2465753424657535,normal,60.60606060606061
18842687-3e2e-45fc-a146-0cc8d4d398e9,ayuki222,44,2,2026-08-12T00:00:00+00:00,2026-08-19T00:00:00+00:00,9,166,127,0,9,ok,1.3070866141732282,normal,70.77922077922078
e1c59162-b1e7-48c6-9831-eff3170045af,Tri-Borgg1,45,2,2026-08-12T00:00:00+00:00,2026-08-19T00:00:00+00:00,12,218,175,0,12,ok,1.2457142857142858,normal,60.17316017316018
24f68939-d90a-4e47-8e43-7e5137c86f48,stressarN,46,2,2026-08-12T00:00:00+00:00,2026-08-19T00:00:00+00:00,16,306,216,0,16,ok,1.4166666666666667,normal,85.4978354978355
bf4c5d97-d8c0-4d0f-bdf3-26066898a7b9,777thienlao,47,2,2026-08-12T00:00:00+00:00,2026-08-19T00:00:00+00:00,50,993,753,0,50,ok,1.3187250996015936,normal,73.16017316017316
4df4d439-0a99-470c-9c36-83b9405a2640,Pump-,48,2,2026-08-12T00:00:00+00:00,2026-08-19T00:00:00+00:00,0,0,0,0,0,sem_partidas,,sem_partidas,
2d2af39e-de80-4670-91da-3a5f7c4a6d32,alkarenn56,49,2,2026-08-12T00:00:00+00:00,2026-08-19T00:00:00+00:00,8,169,133,0,8,ok,1.2706766917293233,normal,64.28571428571429
898780b2-bf70-4c28-8e0d-b9600be8397e,zweih1221,50,2,2026-08-12T00:00:00+00:00,2026-08-19T00:00:00+00:00,20,365,279,0,20,ok,1.3082437275985663,normal,71.21212121212122
009623b1-dd6e-4551-959e-990a21657f93,Mzinho,51,2,2026-08-12T00:00:00+00:00,2026-08-19T00:00:00+00:00,0,0,0,0,0,sem_partidas,,sem_partidas,
ee98a960-c028-4fc6-a62f-af6244e6226e,SiKO-_,52,2,2026-08-12T00:00:00+00:00,2026-08-19T00:00:00+00:00,15,247,210,0,15,ok,1.1761904761904762,normal,44.58874458874459
a280ed8a-3e2b-4305-8e71-fb4c9cc7fa98,kl1m--,53,2,2026-08-12T00:00:00+00:00,2026-08-19T00:00:00+00:00,22,505,334,0,22,ok,1.5119760479041917,normal,92.42424242424242
d9e2a538-9722-4d1c-9925-958f849de1ea,NertZ,54,2,2026-08-12T00:00:00+00:00,2026-08-19T00:00:00+00:00,25,466,359,0,25,ok,1.298050139275766,normal,68.83116883116884
553eaffc-58b4-4534-8310-cc19b37f72de,lattykk,55,2,2026-08-12T00:00:00+00:00,2026-08-19T00:00:00+00:00,0,0,0,0,0,sem_partidas,,sem_partidas,
c5c1fd40-16a4-4a4f-81ff-b21839a9353b,-FpSSSSSSSSS,56,2,2026-08-12T00:00:00+00:00,2026-08-19T00:00:00+00:00,26,442,400,0,26,ok,1.105,normal,27.92207792207792
840ac5b1-cf1e-4e54-aa54-fbb11bffd146,Kingway0,57,2,2026-08-12T00:00:00+00:00,2026-08-19T00:00:00+00:00,41,712,672,0,41,ok,1.0595238095238095,normal,19.696969696969695
dbba8660-90d5-432e-8eda-5e766ae13d23,top1sacer,58,2,2026-08-12T00:00:00+00:00,2026-08-19T00:00:00+00:00,90,1502,1417,0,90,ok,1.059985885673959,normal,19.913419913419915
2864bdaf-21ab-4757-bab6-3262bec18ec5,ooh,59,2,2026-08-12T00:00:00+00:00,2026-08-19T00:00:00+00:00,35,681,609,0,35,ok,1.1182266009852218,normal,31.38528138528138
b9124784-0b46-4279-b95a-9e6c0a3701c6,rokilan,60,2,2026-08-12T00:00:00+00:00,2026-08-19T00:00:00+00:00,12,194,179,0,12,ok,1.0837988826815643,normal,23.160173160173162
d5f8380b-673c-4d53-8bbb-d537131ae2cf,Keksimage,61,2,2026-08-12T00:00:00+00:00,2026-08-19T00:00:00+00:00,35,568,562,0,35,ok,1.01067615658363,normal,13.852813852813853
7657e31e-7356-4b24-9930-140c13afda49,Donii,62,2,2026-08-12T00:00:00+00:00,2026-08-19T00:00:00+00:00,34,645,495,0,34,ok,1.303030303030303,normal,70.12987012987013
86ff5145-8f7f-49f2-b971-c9945f696e71,rendysky,63,2,2026-08-12T00:00:00+00:00,2026-08-19T00:00:00+00:00,6,103,74,0,6,ok,1.3918918918918919,normal,83.54978354978356
39bcd70b-01c9-439a-b1ef-029c92ec42ce,M1key-,64,2,2026-08-12T00:00:00+00:00,2026-08-19T00:00:00+00:00,17,318,237,0,17,ok,1.3417721518987342,normal,76.83982683982684
b3df676a-ce32-4229-8144-9329bb7a247b,dement3r-,65,2,2026-08-12T00:00:00+00:00,2026-08-19T00:00:00+00:00,3,64,52,0,3,ok,1.2307692307692308,normal,56.709956709956714
0372e659-5677-4481-aff7-496d2596e5cf,m3wsu,66,2,2026-08-12T00:00:00+00:00,2026-08-19T00:00:00+00:00,36,692,532,0,36,ok,1.300751879699248,normal,69.6969696969697
e767b78c-8a2d-4bee-b65c-766dd8bab560,gooddeph-7-,67,2,2026-08-12T00:00:00+00:00,2026-08-19T00:00:00+00:00,5,67,71,0,5,ok,0.9436619718309859,normal,6.926406926406926
c93012d6-5e6e-4b84-b39f-b7d4cadfa75c,OGbrigada77,68,2,2026-08-12T00:00:00+00:00,2026-08-19T00:00:00+00:00,16,299,241,0,16,ok,1.2406639004149378,normal,59.09090909090909
b5ecf6b6-0ad9-4976-9f6a-92470ea1c92d,FAZERY,69,2,2026-08-12T00:00:00+00:00,2026-08-19T00:00:00+00:00,4,78,48,0,4,ok,1.625,normal,96.32034632034632
4513b098-01b1-4bb5-aa89-8bfaa5ad92d1,k0gaSs,70,2,2026-08-12T00:00:00+00:00,2026-08-19T00:00:00+00:00,23,526,398,0,23,ok,1.321608040201005,normal,73.59307359307358
75d9c4f8-7cef-4f19-9dd5-500ef0a5b9f0,thecursed-,71,2,2026-08-12T00:00:00+00:00,2026-08-19T00:00:00+00:00,38,669,600,0,38,ok,1.115,normal,30.519480519480517
e64f169f-cf2f-47f1-aa84-0b04a9566c53,sqw--,72,2,2026-08-12T00:00:00+00:00,2026-08-19T00:00:00+00:00,26,451,405,0,26,ok,1.1135802469135803,normal,30.303030303030305
c11367d0-bbdd-4398-9a32-858ac23bf950,Maarkoos,73,2,2026-08-12T00:00:00+00:00,2026-08-19T00:00:00+00:00,37,668,503,0,37,ok,1.3280318091451293,normal,73.80952380952381
f2dea182-d1b6-42eb-a95c-909604817c12,idifuxa,74,2,2026-08-12T00:00:00+00:00,2026-08-19T00:00:00+00:00,1,21,10,0,1,ok,2.1,outlier_positivo,99.78354978354979
10735fa0-ab32-4b53-9725-f2f6ce9090de,youka,75,2,2026-08-12T00:00:00+00:00,2026-08-19T00:00:00+00:00,17,348,212,0,17,ok,1.6415094339622642,normal,96.96969696969697
b3eca94a-e203-49b3-beeb-d994f6a4df63,--Mokuj1n,76,2,2026-08-12T00:00:00+00:00,2026-08-19T00:00:00+00:00,19,424,277,0,19,ok,1.5306859205776173,normal,92.64069264069265
3ae0a945-fef4-4738-b6b9-7b3b5db7f249,PR--,77,2,2026-08-12T00:00:00+00:00,2026-08-19T00:00:00+00:00,8,167,97,0,8,ok,1.7216494845360826,outlier_positivo,97.83549783549783
e8d95f8f-ecb3-4bd2-9dd0-28da03c253f0,brutmonster,78,2,2026-08-12T00:00:00+00:00,2026-08-19T00:00:00+00:00,26,497,410,0,26,ok,1.2121951219512195,normal,53.246753246753244
560a0af8-5fcd-46fb-ace8-7a89ce987b27,dezl3bio,79,2,2026-08-12T00:00:00+00:00,2026-08-19T00:00:00+00:00,17,316,283,0,17,ok,1.11660777385159,normal,30.952380952380953
93306681-bce6-4369-8c41-e0bdba2597ed,m0NESY,80,2,2026-08-12T00:00:00+00:00,2026-08-19T00:00:00+00:00,5,99,54,0,5,ok,1.8333333333333333,outlier_positivo,99.13419913419914
cb38b461-9ead-4683-9406-237263c331db,slaxejezzz,81,2,2026-08-12T00:00:00+00:00,2026-08-19T00:00:00+00:00,21,385,341,0,21,ok,1.1290322580645162,normal,35.28138528138528
f45986f7-7618-485e-a9ff-ee3e629589cc,MaSvAl,82,2,2026-08-12T00:00:00+00:00,2026-08-19T00:00:00+00:00,3,47,43,0,3,ok,1.0930232558139534,normal,25.541125541125542
860eb93d-a963-418c-9e2c-69d39f270eb3,Krabeni,83,2,2026-08-12T00:00:00+00:00,2026-08-19T00:00:00+00:00,25,498,368,0,25,ok,1.3532608695652173,normal,79.22077922077922
657680fd-36af-4fa3-a506-8e1f6e64a1ff,kensizor,84,2,2026-08-12T00:00:00+00:00,2026-08-19T00:00:00+00:00,22,428,333,0,22,ok,1.2852852852852852,normal,66.45021645021644
00beb86f-d29e-4f4f-ad7c-580d9b1434b4,es0r7,85,2,2026-08-12T00:00:00+00:00,2026-08-19T00:00:00+00:00,31,547,451,0,31,ok,1.212860310421286,normal,53.46320346320347
70afdb5a-9362-4aa9-bfcd-2e10e6447293,heavensent,86,2,2026-08-12T00:00:00+00:00,2026-08-19T00:00:00+00:00,50,883,763,0,50,ok,1.1572739187418086,normal,40.476190476190474
1a4ed498-cee4-44e7-8fee-ce1ecba7647c,executor,87,2,2026-08-12T00:00:00+00:00,2026-08-19T00:00:00+00:00,0,0,0,0,0,sem_partidas,,sem_partidas,
ff5a0714-0b89-4646-a6b3-34fc571913ff,Dyshbert,88,2,2026-08-12T00:00:00+00:00,2026-08-19T00:00:00+00:00,34,542,545,0,34,ok,0.9944954128440368,normal,11.904761904761903
f2ed130e-93c9-46c9-8f93-377b18a43007,m4tthiXD,89,2,2026-08-12T00:00:00+00:00,2026-08-19T00:00:00+00:00,16,299,230,0,16,ok,1.3,normal,69.26406926406926
f2fe1b0a-5106-4943-a66e-61e9dad480e4,shen,90,2,2026-08-12T00:00:00+00:00,2026-08-19T00:00:00+00:00,38,739,629,0,38,ok,1.1748807631160572,normal,43.93939393939394
2d746c13-16de-48bf-a8a2-b7a0341aa66d,day0sTV,91,2,2026-08-12T00:00:00+00:00,2026-08-19T00:00:00+00:00,3,75,60,0,3,ok,1.25,normal,61.25541125541125
9ba15dee-7a51-4524-a502-5161dbf1a604,Kiryasoo,92,2,2026-08-12T00:00:00+00:00,2026-08-19T00:00:00+00:00,31,621,450,0,31,ok,1.38,normal,82.03463203463204
981a95bd-ff59-4ead-80ca-55cd3a3034ba,bl1x1,93,2,2026-08-12T00:00:00+00:00,2026-08-19T00:00:00+00:00,21,361,274,0,21,ok,1.3175182481751824,normal,72.94372294372295
07a67e4b-d42c-4352-802c-56f3d8a0c357,skept1K,94,2,2026-08-12T00:00:00+00:00,2026-08-19T00:00:00+00:00,8,132,109,0,8,ok,1.2110091743119267,normal,52.81385281385281
fb1af1d5-eee3-46e3-9939-01df9420b9d6,xelex,95,2,2026-08-12T00:00:00+00:00,2026-08-19T00:00:00+00:00,11,199,141,0,11,ok,1.4113475177304964,normal,85.28138528138528
f021a295-77ea-4eb4-a86d-f5de0fbae819,-k9ppy,96,2,2026-08-12T00:00:00+00:00,2026-08-19T00:00:00+00:00,36,655,575,0,36,ok,1.1391304347826088,normal,37.22943722943723
3debc071-8e59-4823-86ab-ed3996ecc200,aMPYLS0N,97,2,2026-08-12T00:00:00+00:00,2026-08-19T00:00:00+00:00,48,850,775,0,48,ok,1.096774193548387,normal,25.757575757575758
7dbf107a-1199-4932-823e-e38ccc46288e,MaiL09,98,2,2026-08-12T00:00:00+00:00,2026-08-19T00:00:00+00:00,27,461,394,0,27,ok,1.1700507614213198,normal,42.64069264069264
bd0c2058-84d7-42a7-9e52-d42caa1bcc47,Djon8,99,2,2026-08-12T00:00:00+00:00,2026-08-19T00:00:00+00:00,4,62,54,0,4,ok,1.1481481481481481,normal,39.61038961038961
72e06938-b0cd-43d3-90d7-7db513dcfa0f,la3euka,100,2,2026-08-12T00:00:00+00:00,2026-08-19T00:00:00+00:00,19,309,301,0,19,ok,1.026578073089701,normal,14.935064935064934
9fd59dc3-fcff-4a13-a40b-52fe7391020b,headmashin1e,101,2,2026-08-12T00:00:00+00:00,2026-08-19T00:00:00+00:00,31,539,402,0,31,ok,1.3407960199004976,normal,76.62337662337663
df7166cf-725c-4438-94a8-069e6df31a56,adex_-,102,2,2026-08-12T00:00:00+00:00,2026-08-19T00:00:00+00:00,11,243,176,0,11,ok,1.3806818181818181,normal,82.25108225108225
ad239f19-d904-4771-8e6b-5a6c071bb94c,tO0RO,103,2,2026-08-12T00:00:00+00:00,2026-08-19T00:00:00+00:00,2,48,23,0,2,ok,2.0869565217391304,outlier_positivo,99.56709956709958
b16878a2-01c6-4d99-8a2e-7a9bc32a83a5,t3ns1on,104,2,2026-08-12T00:00:00+00:00,2026-08-19T00:00:00+00:00,29,543,381,0,29,ok,1.4251968503937007,normal,86.58008658008657
d649f36b-8ea1-4f0b-b326-a631f8508938,-Kunai,105,2,2026-08-12T00:00:00+00:00,2026-08-19T00:00:00+00:00,25,508,396,0,25,ok,1.2828282828282829,normal,65.80086580086581
dca638b9-fd2d-40eb-b7c6-c853242618d0,iRV1NG,106,2,2026-08-12T00:00:00+00:00,2026-08-19T00:00:00+00:00,12,262,171,0,12,ok,1.5321637426900585,normal,92.85714285714286
d413e287-2af5-49cc-a95c-8825702fa233,seximanjak,107,2,2026-08-12T00:00:00+00:00,2026-08-19T00:00:00+00:00,7,117,116,0,7,ok,1.0086206896551724,normal,13.203463203463203
1e01229f-b0d8-4cb1-82f0-6fd7dc362990,Qlocuu,108,2,2026-08-12T00:00:00+00:00,2026-08-19T00:00:00+00:00,31,576,466,0,31,ok,1.2360515021459229,normal,57.7922077922078
e8efe2d2-a8a7-428f-87b3-d2b3c29e0e5f,Anlelele,109,2,2026-08-12T00:00:00+00:00,2026-08-19T00:00:00+00:00,26,496,373,0,26,ok,1.3297587131367292,normal,74.02597402597402
5ef454c3-1ff3-4a9d-a2df-097cbcb911a3,ayanokojii,110,2,2026-08-12T00:00:00+00:00,2026-08-19T00:00:00+00:00,27,496,389,0,27,ok,1.275064267352185,normal,65.15151515151516
329c6a46-4acf-404a-8a29-fd391e6a88de,-kRyTouS,111,2,2026-08-12T00:00:00+00:00,2026-08-19T00:00:00+00:00,14,233,211,0,14,ok,1.1042654028436019,normal,27.48917748917749
2f96ef6e-c6f9-4c55-bee9-c49798801fd4,puuha,112,2,2026-08-12T00:00:00+00:00,2026-08-19T00:00:00+00:00,10,159,154,0,10,ok,1.0324675324675325,normal,15.584415584415584
085e0f56-1417-48df-b9f8-2279c8756854,musordrop853,113,2,2026-08-12T00:00:00+00:00,2026-08-19T00:00:00+00:00,5,107,90,0,5,ok,1.1888888888888889,normal,47.83549783549784
dcc5bb48-c74c-413e-9773-20d3294dcbb0,MoDo,114,2,2026-08-12T00:00:00+00:00,2026-08-19T00:00:00+00:00,16,337,216,0,16,ok,1.5601851851851851,normal,94.58874458874459
c84f9dbb-69e3-4d31-a283-21516bfe9a3d,Cliqq,115,2,2026-08-12T00:00:00+00:00,2026-08-19T00:00:00+00:00,20,326,316,0,20,ok,1.0316455696202531,normal,15.367965367965366
559a164d-93d6-4197-a902-f9cd92ee65ff,ketsuo,116,2,2026-08-12T00:00:00+00:00,2026-08-19T00:00:00+00:00,22,397,341,0,22,ok,1.1642228739002933,normal,41.99134199134199
7ea66ae5-c99f-4846-8fc2-cd6e03a5559f,kurosa,117,2,2026-08-12T00:00:00+00:00,2026-08-19T00:00:00+00:00,19,363,346,0,19,ok,1.0491329479768785,normal,18.181818181818183
b6daa950-11e5-4f51-b58e-b4e01e112500,sirah,118,2,2026-08-12T00:00:00+00:00,2026-08-19T00:00:00+00:00,2,38,29,0,2,ok,1.3103448275862069,normal,72.51082251082252
64696280-3883-4ef0-ad27-4b5748dd0985,ICY--,119,2,2026-08-12T00:00:00+00:00,2026-08-19T00:00:00+00:00,24,451,316,0,24,ok,1.4272151898734178,normal,87.22943722943724
55c8eb63-6051-4e71-a95a-711a47b5cef0,Beccie,120,2,2026-08-12T00:00:00+00:00,2026-08-19T00:00:00+00:00,34,647,517,0,34,ok,1.251450676982592,normal,61.68831168831169
60aa5adc-ce7d-488c-a52b-20d69663177f,bleedmagneto,121,2,2026-08-12T00:00:00+00:00,2026-08-19T00:00:00+00:00,14,280,225,0,14,ok,1.2444444444444445,normal,59.74025974025974
74f9240e-fe24-4aac-aa37-53b2b5e804d8,-Staehr-,122,2,2026-08-12T00:00:00+00:00,2026-08-19T00:00:00+00:00,12,227,167,0,12,ok,1.3592814371257484,normal,80.3030303030303
21046047-4026-4689-8f01-dc5d6588f120,halfjix,123,2,2026-08-12T00:00:00+00:00,2026-08-19T00:00:00+00:00,11,191,172,0,11,ok,1.1104651162790697,normal,29.87012987012987
39056d07-cdc5-4613-906d-e900a1f781a2,-xTRAVIS,124,2,2026-08-12T00:00:00+00:00,2026-08-19T00:00:00+00:00,0,0,0,0,0,sem_partidas,,sem_partidas,
790ce1ad-38e3-4a45-b44a-5d33658102e6,qw1nk1,125,2,2026-08-12T00:00:00+00:00,2026-08-19T00:00:00+00:00,5,95,61,0,5,ok,1.5573770491803278,normal,94.15584415584416
cd6867e2-cc11-4456-a649-ca87609f56eb,bodygu4rdd,126,2,2026-08-12T00:00:00+00:00,2026-08-19T00:00:00+00:00,15,233,208,0,15,ok,1.1201923076923077,normal,32.25108225108225
4d6756dc-387a-499c-89ad-d7bc558c4c95,bobeksde,127,2,2026-08-12T00:00:00+00:00,2026-08-19T00:00:00+00:00,31,611,559,0,31,ok,1.0930232558139534,normal,25.541125541125542
414273a0-38f0-4680-9f85-204aa8649c3a,premtroll,128,2,2026-08-12T00:00:00+00:00,2026-08-19T00:00:00+00:00,4,68,54,0,4,ok,1.2592592592592593,normal,62.98701298701299
3f6dc8a5-1881-4955-b78c-573f57f3646f,h21f,129,2,2026-08-12T00:00:00+00:00,2026-08-19T00:00:00+00:00,12,273,144,0,12,ok,1.8958333333333333,outlier_positivo,99.35064935064936
3af5d1af-75db-4cc2-aa8b-76b1f1b76af8,xEternaLxx,130,2,2026-08-12T00:00:00+00:00,2026-08-19T00:00:00+00:00,14,287,253,0,14,ok,1.134387351778656,normal,36.14718614718615
c71b99ef-1147-4529-b0df-ebe1d743c04b,amaterasu27,131,2,2026-08-12T00:00:00+00:00,2026-08-19T00:00:00+00:00,32,535,449,0,32,ok,1.1915367483296213,normal,48.268398268398265
4af7ce32-5534-4bca-9a8e-1d3b3ecb9585,Netrix,132,2,2026-08-12T00:00:00+00:00,2026-08-19T00:00:00+00:00,7,150,124,0,7,ok,1.2096774193548387,normal,51.94805194805194
74331d2e-c318-43aa-9b4d-106b209412ac,91914,133,2,2026-08-12T00:00:00+00:00,2026-08-19T00:00:00+00:00,10,186,161,0,10,ok,1.15527950310559,normal,40.25974025974026
f67e6116-a332-4414-be60-fb4cc06da41c,11chigiri,134,2,2026-08-12T00:00:00+00:00,2026-08-19T00:00:00+00:00,56,1227,839,0,56,ok,1.462455303933254,normal,90.04329004329004
ab74ab79-36ce-4c44-a09d-453006dcf9e1,awks,135,2,2026-08-12T00:00:00+00:00,2026-08-19T00:00:00+00:00,72,1278,1123,0,72,ok,1.1380231522707034,normal,37.01298701298701
0c938952-475b-4689-ad04-60100e76ef81,r1pa4-,136,2,2026-08-12T00:00:00+00:00,2026-08-19T00:00:00+00:00,11,180,194,0,11,ok,0.9278350515463918,normal,6.0606060606060606
be2af9a3-ef6d-428c-b8f4-6921d6275638,wetfy,137,2,2026-08-12T00:00:00+00:00,2026-08-19T00:00:00+00:00,11,201,171,0,11,ok,1.1754385964912282,normal,44.15584415584416
826a8c4b-9b0f-403e-8bc8-11295ff894ff,28ddeiv,138,2,2026-08-12T00:00:00+00:00,2026-08-19T00:00:00+00:00,0,0,0,0,0,sem_partidas,,sem_partidas,
33268a14-c768-41f4-819e-cec913a99b82,seberya,139,2,2026-08-12T00:00:00+00:00,2026-08-19T00:00:00+00:00,44,853,629,0,44,ok,1.356120826709062,normal,79.43722943722943
36f96e7b-6bf3-48b1-8f1a-cd35aee83702,sSen,140,2,2026-08-12T00:00:00+00:00,2026-08-19T00:00:00+00:00,10,197,142,0,10,ok,1.3873239436619718,normal,83.11688311688312
d9168434-7466-43ed-9a8c-f883d953d77d,SnexLy,141,2,2026-08-12T00:00:00+00:00,2026-08-19T00:00:00+00:00,29,572,442,0,29,ok,1.2941176470588236,normal,67.96536796536796
ee99d9a7-d14b-4642-9731-0890b63be81e,1suzu,142,2,2026-08-12T00:00:00+00:00,2026-08-19T00:00:00+00:00,10,225,173,0,10,ok,1.300578034682081,normal,69.48051948051948
bae31a43-7767-4d7a-be80-429992f78ec0,cronuss,143,2,2026-08-12T00:00:00+00:00,2026-08-19T00:00:00+00:00,11,229,179,0,11,ok,1.2793296089385475,normal,65.36796536796537
e326eb2d-4e3e-4ebe-a34d-4a07def33893,adamS,144,2,2026-08-12T00:00:00+00:00,2026-08-19T00:00:00+00:00,13,224,176,0,13,ok,1.2727272727272727,normal,64.93506493506493
f858b6d9-5717-4335-8d4d-166a9fc305bc,Mride,145,2,2026-08-12T00:00:00+00:00,2026-08-19T00:00:00+00:00,24,371,387,0,24,ok,0.958656330749354,normal,7.792207792207792
591e26a3-eb86-4d4c-afa8-b5754455dc03,w0nderful,146,2,2026-08-12T00:00:00+00:00,2026-08-19T00:00:00+00:00,4,86,64,0,4,ok,1.34375,normal,77.92207792207793
b0f7ff0c-5051-4826-9dd4-b7e0219de821,fakerealityy,147,2,2026-08-12T00:00:00+00:00,2026-08-19T00:00:00+00:00,44,732,663,0,44,ok,1.1040723981900453,normal,27.27272727272727
7a51f50f-6fdd-4fe8-9c30-455cd3b8d694,yasxozhysyma,148,2,2026-08-12T00:00:00+00:00,2026-08-19T00:00:00+00:00,8,158,143,0,8,ok,1.1048951048951048,normal,27.705627705627705
5ffc6439-29f3-47a6-aebb-f73ef591827c,soerrr,149,2,2026-08-12T00:00:00+00:00,2026-08-19T00:00:00+00:00,17,278,262,0,17,ok,1.0610687022900764,normal,20.346320346320347
4c3a4a59-0cdb-4477-b90b-1109a1d0cf13,BOROS,150,2,2026-08-12T00:00:00+00:00,2026-08-19T00:00:00+00:00,30,664,533,0,30,ok,1.2457786116322702,normal,60.3896103896104
df5ba290-c6a6-4481-8e9e-d16ceb4dbc6b,KaiR0N-993,151,2,2026-08-12T00:00:00+00:00,2026-08-19T00:00:00+00:00,7,122,99,0,7,ok,1.2323232323232323,normal,57.35930735930735
793ea9e5-fef6-4571-9b30-7c5d9f323215,darui,152,2,2026-08-12T00:00:00+00:00,2026-08-19T00:00:00+00:00,20,408,285,0,20,ok,1.431578947368421,normal,87.87878787878788
a99dd5a7-45a6-4019-8bc6-0f30fd554ef5,aidKiT,153,2,2026-08-12T00:00:00+00:00,2026-08-19T00:00:00+00:00,8,149,132,0,8,ok,1.128787878787879,normal,35.064935064935064
0965c421-4957-4e48-86e2-2c3966abae3f,cairne-,154,2,2026-08-12T00:00:00+00:00,2026-08-19T00:00:00+00:00,10,213,133,0,10,ok,1.6015037593984962,normal,95.88744588744589
4cabcf3b-8baa-4c71-a1d3-cf98d581e971,Toshiikk,155,2,2026-08-12T00:00:00+00:00,2026-08-19T00:00:00+00:00,17,260,257,0,17,ok,1.0116731517509727,normal,14.06926406926407
cb0cc456-8ae0-438f-bf8b-4e000e4e0476,s4rsen-,156,2,2026-08-12T00:00:00+00:00,2026-08-19T00:00:00+00:00,59,1136,852,0,59,ok,1.3333333333333333,normal,75.10822510822511
24636d00-25cc-4ab7-9cbd-67c633c08d0c,topo-,157,2,2026-08-12T00:00:00+00:00,2026-08-19T00:00:00+00:00,2,27,33,0,2,ok,0.8181818181818182,normal,2.380952380952381
d15e9f85-12c3-4ad9-a174-6d0248d6393d,Nosik,158,2,2026-08-12T00:00:00+00:00,2026-08-19T00:00:00+00:00,5,105,85,0,5,ok,1.2352941176470589,normal,57.57575757575758
c41561a6-a5f4-459c-8a5c-bde5f8eac911,Muk0s,159,2,2026-08-12T00:00:00+00:00,2026-08-19T00:00:00+00:00,33,530,545,0,33,ok,0.9724770642201835,normal,9.307359307359308
8b3dcf0e-1a09-409e-b4a9-51002dc2079f,WaSdyy,160,2,2026-08-12T00:00:00+00:00,2026-08-19T00:00:00+00:00,28,455,414,0,28,ok,1.0990338164251208,normal,26.623376623376622
d700efb0-363a-468d-88cd-f22c3567bcd6,rose88,161,2,2026-08-12T00:00:00+00:00,2026-08-19T00:00:00+00:00,22,393,324,0,22,ok,1.212962962962963,normal,53.67965367965368
67345c91-57b6-42dc-b49c-330b091da3a6,chronic111,162,2,2026-08-12T00:00:00+00:00,2026-08-19T00:00:00+00:00,19,356,288,0,19,ok,1.2361111111111112,normal,58.00865800865801
08eb0b0f-b360-4b61-94ad-c949afd665ea,Krimbo,163,2,2026-08-12T00:00:00+00:00,2026-08-19T00:00:00+00:00,23,393,317,0,23,ok,1.2397476340694007,normal,58.658008658008654
ae6f1503-1de9-4b9b-9a29-f1b9de916870,jabbi,164,2,2026-08-12T00:00:00+00:00,2026-08-19T00:00:00+00:00,11,194,145,0,11,ok,1.3379310344827586,normal,75.54112554112554
43857419-1f5a-4b9d-aba7-011092133de3,KENNY-_,165,2,2026-08-12T00:00:00+00:00,2026-08-19T00:00:00+00:00,9,127,130,0,9,ok,0.9769230769230769,normal,10.173160173160174
5e18dd12-2e40-48c4-a66f-886108f095ed,HeavyGod,166,2,2026-08-12T00:00:00+00:00,2026-08-19T00:00:00+00:00,21,432,275,0,21,ok,1.5709090909090908,normal,95.02164502164501
4c27b599-0a56-4f3e-80cb-6ef83b6df2cf,Slaxx-,167,2,2026-08-12T00:00:00+00:00,2026-08-19T00:00:00+00:00,1,14,10,0,1,ok,1.4,normal,83.98268398268398
f3fef601-52ca-4bd2-8ec6-9e9f532a6c6b,nikusharain,168,2,2026-08-12T00:00:00+00:00,2026-08-19T00:00:00+00:00,29,550,421,0,29,ok,1.3064133016627077,normal,70.56277056277057
c519d8f3-0c93-4476-af3e-38395ee7c297,teses,169,2,2026-08-12T00:00:00+00:00,2026-08-19T00:00:00+00:00,8,113,104,0,8,ok,1.0865384615384615,normal,24.025974025974026
a699663a-e65d-4c93-9a92-fd5a91955cc4,cadnyx,170,2,2026-08-12T00:00:00+00:00,2026-08-19T00:00:00+00:00,6,116,114,0,6,ok,1.0175438596491229,normal,14.285714285714285
078ff0df-ebb9-4352-b7ee-dc2044dd676f,-finW,171,2,2026-08-12T00:00:00+00:00,2026-08-19T00:00:00+00:00,0,0,0,0,0,sem_partidas,,sem_partidas,
84f4489d-e23e-4a8a-b3c5-dccf57610195,-rim3,172,2,2026-08-12T00:00:00+00:00,2026-08-19T00:00:00+00:00,5,89,70,0,5,ok,1.2714285714285714,normal,64.5021645021645
6dc1d190-e2e0-4762-9fbe-5f3d40ea1522,Br4tkO,173,2,2026-08-12T00:00:00+00:00,2026-08-19T00:00:00+00:00,26,521,371,0,26,ok,1.4043126684636118,normal,84.63203463203463
b030ed65-9170-4668-9bfa-ac6c2e53954c,St0m4k,174,2,2026-08-12T00:00:00+00:00,2026-08-19T00:00:00+00:00,31,576,444,0,31,ok,1.2972972972972974,normal,68.61471861471861
36577e6e-2c58-4812-bc6a-6b110ce00e56,nesh66,175,2,2026-08-12T00:00:00+00:00,2026-08-19T00:00:00+00:00,56,1024,874,0,56,ok,1.17162471395881,normal,43.073593073593074
bc74e768-9ee4-4472-bb10-6280b47fb94b,mak1se,176,2,2026-08-12T00:00:00+00:00,2026-08-19T00:00:00+00:00,5,102,68,0,5,ok,1.5,normal,91.991341991342
d5fa1a5b-9fde-4996-bd1e-bab0aa9bb0d2,ryu777,177,2,2026-08-12T00:00:00+00:00,2026-08-19T00:00:00+00:00,4,86,58,0,4,ok,1.4827586206896552,normal,90.9090909090909
8d345deb-661c-4286-b663-96679d9bcda7,DEBABA,178,2,2026-08-12T00:00:00+00:00,2026-08-19T00:00:00+00:00,33,523,541,0,33,ok,0.966728280961183,normal,8.225108225108226
41867c48-0982-4608-af44-d9749c2b5b6a,MoNaTy,179,2,2026-08-12T00:00:00+00:00,2026-08-19T00:00:00+00:00,1,10,7,0,1,ok,1.4285714285714286,normal,87.44588744588745
1e1d8f20-c572-4e53-bf37-4590a5512687,--DeDe,180,2,2026-08-12T00:00:00+00:00,2026-08-19T00:00:00+00:00,33,619,530,0,33,ok,1.1679245283018869,normal,42.2077922077922
2e65b3ea-fdb0-466c-9aca-89e170c67b61,depact,181,2,2026-08-12T00:00:00+00:00,2026-08-19T00:00:00+00:00,61,1000,1029,0,61,ok,0.9718172983479106,normal,9.090909090909092
ab2bf7fd-7997-4a7a-9c94-6b7d52ffd200,yxngstxr,182,2,2026-08-12T00:00:00+00:00,2026-08-19T00:00:00+00:00,23,427,360,0,23,ok,1.1861111111111111,normal,46.96969696969697
5be133c1-38b6-4dde-9107-b64c7458452e,notineki,183,2,2026-08-12T00:00:00+00:00,2026-08-19T00:00:00+00:00,21,383,320,0,21,ok,1.196875,normal,49.56709956709957
a258abc5-326b-4824-a9ad-b3fa2855b712,kalymbs1,184,2,2026-08-12T00:00:00+00:00,2026-08-19T00:00:00+00:00,13,258,181,0,13,ok,1.425414364640884,normal,86.7965367965368
02b26fe9-49d1-47e7-afa0-1b5c562ca4e2,KatzRead,185,2,2026-08-12T00:00:00+00:00,2026-08-19T00:00:00+00:00,46,791,625,0,46,ok,1.2656,normal,63.63636363636363
194afbb1-cb96-4fc8-8bd6-5f932b3fcfa3,susp,186,2,2026-08-12T00:00:00+00:00,2026-08-19T00:00:00+00:00,15,336,242,0,15,ok,1.3884297520661157,normal,83.33333333333334
95adb33f-5e6f-4c6d-be25-f2e8b1d9c628,Amarogo,187,2,2026-08-12T00:00:00+00:00,2026-08-19T00:00:00+00:00,10,167,122,0,10,ok,1.3688524590163935,normal,81.6017316017316
32c49d7e-20fc-4fb5-a54a-c99f90262311,emiIio-,188,2,2026-08-12T00:00:00+00:00,2026-08-19T00:00:00+00:00,47,737,748,0,47,ok,0.9852941176470589,normal,10.606060606060606
2060bf4b-cf44-41ad-92ca-2492bc95f88d,2016wasfun,189,2,2026-08-12T00:00:00+00:00,2026-08-19T00:00:00+00:00,33,422,522,0,33,ok,0.8084291187739464,normal,1.948051948051948
504ca567-8911-45dd-a680-a617dff2c00c,swetsi_1win,190,2,2026-08-12T00:00:00+00:00,2026-08-19T00:00:00+00:00,70,1416,1187,0,70,ok,1.1929233361415332,normal,48.484848484848484
b27101a3-c6e1-44c8-b83d-19dab54cb7ac,sl3nd-,191,2,2026-08-12T00:00:00+00:00,2026-08-19T00:00:00+00:00,20,406,280,0,20,ok,1.45,normal,89.39393939393939
472386e2-8e2b-43ab-bd00-5ea49d71d33b,7MusorDrop67,192,2,2026-08-12T00:00:00+00:00,2026-08-19T00:00:00+00:00,25,420,333,0,25,ok,1.2612612612612613,normal,63.41991341991342
931f1364-a519-43c6-ab02-a73e8416481a,Saax_,193,2,2026-08-12T00:00:00+00:00,2026-08-19T00:00:00+00:00,42,741,628,0,42,ok,1.179936305732484,normal,45.45454545454545
967b6309-c289-4900-8459-0e33ce488b1c,L00m1,194,2,2026-08-12T00:00:00+00:00,2026-08-19T00:00:00+00:00,3,36,56,0,3,ok,0.6428571428571429,outlier_negativo,0.4329004329004329
b8c3743e-a4c3-4168-ad0f-348a37a77a72,GrandLove,195,2,2026-08-12T00:00:00+00:00,2026-08-19T00:00:00+00:00,60,1032,1023,0,60,ok,1.0087976539589443,normal,13.41991341991342
dfc49048-07fd-4d4e-825d-f2d7f155c4bb,somehxw,196,2,2026-08-12T00:00:00+00:00,2026-08-19T00:00:00+00:00,14,255,245,0,14,ok,1.0408163265306123,normal,16.883116883116884
3e7ed0d7-2105-4d2d-929a-f6befe6d8cc0,ayalkasi,197,2,2026-08-12T00:00:00+00:00,2026-08-19T00:00:00+00:00,11,203,180,0,11,ok,1.1277777777777778,normal,34.63203463203463
18911949-a23d-4b42-bd0b-7a970b51824c,frozen_-,198,2,2026-08-12T00:00:00+00:00,2026-08-19T00:00:00+00:00,0,0,0,0,0,sem_partidas,,sem_partidas,
720fc287-1f03-46ff-a6e2-4c9bede77262,-yummy,199,2,2026-08-12T00:00:00+00:00,2026-08-19T00:00:00+00:00,19,342,266,0,19,ok,1.2857142857142858,normal,66.66666666666666
964410bb-394d-4633-87fd-501ec0fbb914,ritchiE,200,2,2026-08-12T00:00:00+00:00,2026-08-19T00:00:00+00:00,14,249,211,0,14,ok,1.180094786729858,normal,45.67099567099567
6ac4baef-7bbb-4bc5-9f2b-aa95176bd8ab,YEKINDAR_,201,2,2026-08-12T00:00:00+00:00,2026-08-19T00:00:00+00:00,10,157,170,0,10,ok,0.9235294117647059,normal,5.844155844155844
78407773-ed65-456a-a507-ca50cbd78e17,SEMSY,202,2,2026-08-12T00:00:00+00:00,2026-08-19T00:00:00+00:00,44,849,697,0,44,ok,1.218077474892396,normal,54.32900432900433
4e841b14-b668-476d-b7db-774f68aa4ed4,Patsi-,203,2,2026-08-12T00:00:00+00:00,2026-08-19T00:00:00+00:00,12,195,174,0,12,ok,1.1206896551724137,normal,32.900432900432904
b58c8c5c-41da-4388-9864-0f3f72ca13db,datet-_-,204,2,2026-08-12T00:00:00+00:00,2026-08-19T00:00:00+00:00,18,351,302,0,18,ok,1.1622516556291391,normal,41.34199134199134
86383974-b132-48a2-a66f-cf9d3a3d68fd,tENZY,205,2,2026-08-12T00:00:00+00:00,2026-08-19T00:00:00+00:00,0,0,0,0,0,sem_partidas,,sem_partidas,
075ed300-7ed3-4377-88ba-9572f9ea8e3d,n0rb3r7,206,2,2026-08-12T00:00:00+00:00,2026-08-19T00:00:00+00:00,4,62,60,0,4,ok,1.0333333333333334,normal,16.017316017316016
a8570791-3e92-4b4d-9e45-8c2f8da95fb6,kwaren11,207,2,2026-08-12T00:00:00+00:00,2026-08-19T00:00:00+00:00,26,414,418,0,26,ok,0.9904306220095693,normal,11.255411255411255
21ee0d80-64f6-4277-80b9-c734d92a2880,torzsi,208,2,2026-08-12T00:00:00+00:00,2026-08-19T00:00:00+00:00,8,193,128,0,8,ok,1.5078125,normal,92.20779220779221
4c5c2a03-15b4-48e1-8791-d54d6a2b3668,Altekz,209,2,2026-08-12T00:00:00+00:00,2026-08-19T00:00:00+00:00,10,211,129,0,10,ok,1.6356589147286822,normal,96.75324675324676
254dbfc8-0e3d-4e8b-95a4-88e19fec565a,jekuya,210,2,2026-08-12T00:00:00+00:00,2026-08-19T00:00:00+00:00,27,404,390,0,27,ok,1.035897435897436,normal,16.233766233766232
d682a62e-43f5-49be-b8c9-de923adcf564,SunPayus,211,2,2026-08-12T00:00:00+00:00,2026-08-19T00:00:00+00:00,16,308,191,0,16,ok,1.612565445026178,normal,96.1038961038961
6a5abce7-952f-4434-9db5-160392ec356d,miwo,212,2,2026-08-12T00:00:00+00:00,2026-08-19T00:00:00+00:00,12,166,201,0,12,ok,0.8258706467661692,normal,2.5974025974025974
ebc37641-39d0-4692-bde6-c7a11ac1e90e,mara5m,213,2,2026-08-12T00:00:00+00:00,2026-08-19T00:00:00+00:00,23,490,368,0,23,ok,1.3315217391304348,normal,74.67532467532467
13222ab8-3b38-4beb-993f-a585df257ea3,EgorK,214,2,2026-08-12T00:00:00+00:00,2026-08-19T00:00:00+00:00,38,551,602,0,38,ok,0.915282392026578,normal,5.411255411255411
9aad1747-b65d-4a0f-9a14-2ef947fe92b5,Sowalio,215,2,2026-08-12T00:00:00+00:00,2026-08-19T00:00:00+00:00,42,720,578,0,42,ok,1.245674740484429,normal,59.95670995670995
520ada08-ad17-4b3b-a373-8c8534154e2a,TOKYOPEEK,216,2,2026-08-12T00:00:00+00:00,2026-08-19T00:00:00+00:00,11,154,159,0,11,ok,0.9685534591194969,normal,8.658008658008658
6b692694-71cf-4a80-ae97-57c3f2f7425c,blissfuIperc,217,2,2026-08-12T00:00:00+00:00,2026-08-19T00:00:00+00:00,8,145,117,0,8,ok,1.2393162393162394,normal,58.44155844155844
43febbb3-7f82-47c0-88fa-e2f122d5f20e,Rex1111,218,2,2026-08-12T00:00:00+00:00,2026-08-19T00:00:00+00:00,42,633,669,0,42,ok,0.9461883408071748,normal,7.142857142857142
1ad1b7ff-b644-4431-9ac4-a5cf09855910,1ader,219,2,2026-08-12T00:00:00+00:00,2026-08-19T00:00:00+00:00,10,141,136,0,10,ok,1.036764705882353,normal,16.450216450216452
f1174c0a-fa42-4a2f-8160-b870b8879ef5,KOT_XAMEP,220,2,2026-08-12T00:00:00+00:00,2026-08-19T00:00:00+00:00,38,662,547,0,38,ok,1.210237659963437,normal,52.16450216450217
656ffaa4-415b-4896-8a19-931366de23c8,ich1zoku,221,2,2026-08-12T00:00:00+00:00,2026-08-19T00:00:00+00:00,32,603,536,0,32,ok,1.125,normal,34.1991341991342
3939bd47-6a42-43f0-936c-eb53bc5f16e5,kaioriii,222,2,2026-08-12T00:00:00+00:00,2026-08-19T00:00:00+00:00,20,359,302,0,20,ok,1.1887417218543046,normal,47.61904761904761
fb2e77e7-ec1d-40fa-83a1-c01646167651,Z1W0W666,223,2,2026-08-12T00:00:00+00:00,2026-08-19T00:00:00+00:00,0,0,0,0,0,sem_partidas,,sem_partidas,
c39663f6-8e91-483c-8319-503449563713,Lewis,224,2,2026-08-12T00:00:00+00:00,2026-08-19T00:00:00+00:00,30,557,434,0,30,ok,1.2834101382488479,normal,66.01731601731602
32cf4622-150d-4362-83d5-de543ed16262,regele,225,2,2026-08-12T00:00:00+00:00,2026-08-19T00:00:00+00:00,55,926,828,0,55,ok,1.1183574879227054,normal,31.601731601731604
8e59e230-0935-4309-b335-a16211617ed7,SBolt-,226,2,2026-08-12T00:00:00+00:00,2026-08-19T00:00:00+00:00,9,169,144,0,9,ok,1.1736111111111112,normal,43.722943722943725
88cb74cd-d98e-408c-85c2-b39e55004658,billz,227,2,2026-08-12T00:00:00+00:00,2026-08-19T00:00:00+00:00,24,459,319,0,24,ok,1.438871473354232,normal,88.52813852813853
220685cd-1a18-4402-a9a9-ac240313cabd,xeedo,228,2,2026-08-12T00:00:00+00:00,2026-08-19T00:00:00+00:00,0,0,0,0,0,sem_partidas,,sem_partidas,
4c2a6018-4aaf-4294-8449-777ccfad144b,goddrain,229,2,2026-08-12T00:00:00+00:00,2026-08-19T00:00:00+00:00,38,717,625,0,38,ok,1.1472,normal,39.17748917748918
b87eadad-7829-4f17-a85a-281ff569829a,ForesterONE,230,2,2026-08-12T00:00:00+00:00,2026-08-19T00:00:00+00:00,0,0,0,0,0,sem_partidas,,sem_partidas,
6db5e566-77ae-4c30-852d-4fa54c4445aa,Alv68,231,2,2026-08-12T00:00:00+00:00,2026-08-19T00:00:00+00:00,1,27,12,0,1,ok,2.25,outlier_positivo,100.0
a4c4fb77-1996-47bd-b5e1-c14d86cf9997,444rainy,232,2,2026-08-12T00:00:00+00:00,2026-08-19T00:00:00+00:00,27,453,401,0,27,ok,1.1296758104738154,normal,35.714285714285715
9e36e2b1-c0e0-4d77-a442-d5947ec19225,bajmano,233,2,2026-08-12T00:00:00+00:00,2026-08-19T00:00:00+00:00,17,267,283,0,17,ok,0.9434628975265018,normal,6.70995670995671
892ca5ae-5720-4d5d-8a98-33dc117041aa,narkoman812,234,2,2026-08-12T00:00:00+00:00,2026-08-19T00:00:00+00:00,23,416,350,0,23,ok,1.1885714285714286,normal,47.4025974025974
34aaf94c-d15a-4a1b-977d-82810a025407,tommy10,235,2,2026-08-12T00:00:00+00:00,2026-08-19T00:00:00+00:00,36,710,529,0,36,ok,1.3421550094517958,normal,77.05627705627705
98f1d2a1-6302-4d93-bf38-cc25f6b25256,gr1ks,236,2,2026-08-12T00:00:00+00:00,2026-08-19T00:00:00+00:00,11,251,143,0,11,ok,1.7552447552447552,outlier_positivo,98.26839826839827
f3f50c96-9d1b-4642-9074-477a07e54507,-khaN,237,2,2026-08-12T00:00:00+00:00,2026-08-19T00:00:00+00:00,5,71,80,0,5,ok,0.8875,normal,4.545454545454546
522ecdd7-5fe2-4bd5-9806-4c015b9a1f8a,dwushka,238,2,2026-08-12T00:00:00+00:00,2026-08-19T00:00:00+00:00,4,75,69,0,4,ok,1.0869565217391304,normal,24.458874458874458
fd16a07c-5735-4148-8859-3369feb41275,stefienson,239,2,2026-08-12T00:00:00+00:00,2026-08-19T00:00:00+00:00,24,357,329,0,24,ok,1.0851063829787233,normal,23.376623376623375
507c6778-89e2-45cc-8f8f-cf04615df6c8,Frip,240,2,2026-08-12T00:00:00+00:00,2026-08-19T00:00:00+00:00,23,437,361,0,23,ok,1.2105263157894737,normal,52.38095238095239
0b2a4c62-2071-4582-be3e-50fbe6f53544,Eldarqwe-,241,2,2026-08-12T00:00:00+00:00,2026-08-19T00:00:00+00:00,0,0,0,0,0,sem_partidas,,sem_partidas,
6dce33f7-ba07-401a-bfe7-af51cc597a76,Woro2k,242,2,2026-08-12T00:00:00+00:00,2026-08-19T00:00:00+00:00,71,1303,996,0,71,ok,1.3082329317269077,normal,70.995670995671
3429651a-5020-4d07-85ef-34049adff713,starmie666,243,2,2026-08-12T00:00:00+00:00,2026-08-19T00:00:00+00:00,6,101,89,0,6,ok,1.1348314606741574,normal,36.36363636363637
c44f1259-0651-4942-8543-af0f03e62ac5,SELLTER,244,2,2026-08-12T00:00:00+00:00,2026-08-19T00:00:00+00:00,3,66,47,0,3,ok,1.4042553191489362,normal,84.4155844155844
2a82893f-3a7e-4458-9141-0b19673fa049,kashl1d,245,2,2026-08-12T00:00:00+00:00,2026-08-19T00:00:00+00:00,4,64,47,0,4,ok,1.3617021276595744,normal,80.51948051948052
c85a67d7-2635-42c3-991b-4c1f0b93c5cb,999_,246,2,2026-08-12T00:00:00+00:00,2026-08-19T00:00:00+00:00,18,355,299,0,18,ok,1.1872909698996656,normal,47.18614718614719
9cafe8f3-0b6b-4802-9cbb-806b5b751517,Enfeebled17,247,2,2026-08-12T00:00:00+00:00,2026-08-19T00:00:00+00:00,10,183,163,0,10,ok,1.1226993865030674,normal,33.76623376623377
6d8adf92-798f-414c-9d29-2896ceb5ad72,smooya,248,2,2026-08-12T00:00:00+00:00,2026-08-19T00:00:00+00:00,15,341,206,0,15,ok,1.6553398058252426,normal,97.40259740259741
eba3dd73-7d26-46ad-b766-85c5ae0d9273,hyp3else66,249,2,2026-08-12T00:00:00+00:00,2026-08-19T00:00:00+00:00,19,345,262,0,19,ok,1.316793893129771,normal,72.72727272727273
bae30b49-8c07-4f3e-922e-fa23b7ac0953,rafaxF-,250,2,2026-08-12T00:00:00+00:00,2026-08-19T00:00:00+00:00,21,392,292,0,21,ok,1.3424657534246576,normal,77.7056277056277
c90b35e3-defd-41b1-b29d-d9cf1c46fc32,azukay367,251,2,2026-08-12T00:00:00+00:00,2026-08-19T00:00:00+00:00,42,840,642,0,42,ok,1.308411214953271,normal,71.42857142857143
1e8bd26b-d7f9-4fbf-bed2-d12ed800eee2,Smaley,252,2,2026-08-12T00:00:00+00:00,2026-08-19T00:00:00+00:00,26,468,384,0,26,ok,1.21875,normal,54.54545454545454
52829e07-aa5c-42af-b8a1-e4fe6247cd48,Skrimo,253,2,2026-08-12T00:00:00+00:00,2026-08-19T00:00:00+00:00,23,443,352,0,23,ok,1.2585227272727273,normal,62.77056277056276
ddd3c081-0602-4e45-bb4f-d5c5e00b65c3,cPuTu,254,2,2026-08-12T00:00:00+00:00,2026-08-19T00:00:00+00:00,2,24,32,0,2,ok,0.75,normal,1.2987012987012987
28da77e2-bcfd-4458-a91d-e4d59a1f38be,nopzy,255,2,2026-08-12T00:00:00+00:00,2026-08-19T00:00:00+00:00,26,460,410,0,26,ok,1.1219512195121952,normal,33.33333333333333
e64b6d73-6313-4527-b313-a852e6368cf2,redCS-,256,2,2026-08-12T00:00:00+00:00,2026-08-19T00:00:00+00:00,20,345,257,0,20,ok,1.3424124513618676,normal,77.48917748917748
dce1d644-6bf1-449a-85ff-6b399e4269dc,Botpa1,257,2,2026-08-12T00:00:00+00:00,2026-08-19T00:00:00+00:00,17,347,267,0,17,ok,1.299625468164794,normal,69.04761904761905
a387ff16-4062-4f6c-a1f6-c65650ff993e,-Kiyotakaaa,258,2,2026-08-12T00:00:00+00:00,2026-08-19T00:00:00+00:00,12,164,178,0,12,ok,0.9213483146067416,normal,5.627705627705628
13d0fd67-997f-4255-9f25-a410b4fad2d0,stratefIy,259,2,2026-08-12T00:00:00+00:00,2026-08-19T00:00:00+00:00,33,642,556,0,33,ok,1.1546762589928057,normal,40.04329004329004
a6ad9a5b-6575-447f-8f67-346bb4033189,dep999,260,2,2026-08-12T00:00:00+00:00,2026-08-19T00:00:00+00:00,17,359,246,0,17,ok,1.4593495934959348,normal,89.82683982683982
1d92f104-8d0a-4866-bb6e-5c11196bfca6,MusorDropXD,261,2,2026-08-12T00:00:00+00:00,2026-08-19T00:00:00+00:00,0,0,0,0,0,sem_partidas,,sem_partidas,
7def4124-36c7-4035-acb5-427ffa531be3,Dawy,262,2,2026-08-12T00:00:00+00:00,2026-08-19T00:00:00+00:00,13,254,207,0,13,ok,1.2270531400966183,normal,56.27705627705628
c5cb1b85-4421-4436-9390-49fa05ce45e3,-Kaide,263,2,2026-08-12T00:00:00+00:00,2026-08-19T00:00:00+00:00,12,251,174,0,12,ok,1.4425287356321839,normal,88.74458874458875
a4a6fdca-b125-4d3b-8d35-3ad098b6a1fe,KursySSJ4,264,2,2026-08-12T00:00:00+00:00,2026-08-19T00:00:00+00:00,8,194,119,0,8,ok,1.6302521008403361,normal,96.53679653679653
14015a66-b368-4b90-994d-bcf6fa504f44,--_-_--_---_,265,2,2026-08-12T00:00:00+00:00,2026-08-19T00:00:00+00:00,10,158,144,0,10,ok,1.0972222222222223,normal,25.97402597402597
0bf80a9b-cead-4a3e-a245-ca145dc2ab3c,-0scar,266,2,2026-08-12T00:00:00+00:00,2026-08-19T00:00:00+00:00,28,446,397,0,28,ok,1.1234256926952142,normal,33.98268398268398
05dd1de4-82dd-4b55-be77-c30c4551d0d6,gothdespair,267,2,2026-08-12T00:00:00+00:00,2026-08-19T00:00:00+00:00,19,352,263,0,19,ok,1.338403041825095,normal,75.75757575757575
04ab709e-2f70-4651-8e0c-c7bffd037a07,shantarO,268,2,2026-08-12T00:00:00+00:00,2026-08-19T00:00:00+00:00,29,560,467,0,29,ok,1.1991434689507494,normal,49.78354978354979
3dad5d84-2a16-4044-8a27-d473f0f6e353,herkulesz,269,2,2026-08-12T00:00:00+00:00,2026-08-19T00:00:00+00:00,40,684,611,0,40,ok,1.1194762684124386,normal,32.03463203463203
d5ff6f9f-c95d-4f7d-93b7-d9ba0cb19dab,Aliot,270,2,2026-08-12T00:00:00+00:00,2026-08-19T00:00:00+00:00,34,551,523,0,34,ok,1.0535372848948374,normal,18.614718614718615
bd70d269-6c10-4140-b03b-8e09fdf9ca35,fedko14,271,2,2026-08-12T00:00:00+00:00,2026-08-19T00:00:00+00:00,22,372,375,0,22,ok,0.992,normal,11.688311688311687
8edcd93a-e63f-45ea-8c77-bf9aa1820a47,shg-,272,2,2026-08-12T00:00:00+00:00,2026-08-19T00:00:00+00:00,17,260,243,0,17,ok,1.0699588477366255,normal,20.995670995670995
b9dbab41-8e55-497a-b311-bb0514777fd7,ves111,273,2,2026-08-12T00:00:00+00:00,2026-08-19T00:00:00+00:00,49,1017,820,0,49,ok,1.2402439024390244,normal,58.87445887445888
326a3d6a-13ca-40b3-a56d-a47c27b6f2af,gehji,274,2,2026-08-12T00:00:00+00:00,2026-08-19T00:00:00+00:00,17,315,235,0,17,ok,1.3404255319148937,normal,76.40692640692642
e5c779f9-eaf5-4113-b095-e284d1e44748,X345,275,2,2026-08-12T00:00:00+00:00,2026-08-19T00:00:00+00:00,34,624,522,0,34,ok,1.1954022988505748,normal,49.134199134199136
d428b36e-7c8a-4510-8262-9cda26a3ff85,-qw1zera,276,2,2026-08-12T00:00:00+00:00,2026-08-19T00:00:00+00:00,65,1080,993,0,65,ok,1.0876132930513596,normal,24.675324675324674
f3988f23-6685-41a8-91c6-f336b98c5195,z0nger,277,2,2026-08-12T00:00:00+00:00,2026-08-19T00:00:00+00:00,15,296,251,0,15,ok,1.1792828685258965,normal,45.02164502164502
eb4f52d2-5b8f-4401-8c72-138c995358d4,-tasman,278,2,2026-08-12T00:00:00+00:00,2026-08-19T00:00:00+00:00,18,339,251,0,18,ok,1.350597609561753,normal,79.004329004329
e1bcffdd-7eeb-4744-b8d6-a582dcfb1670,Krad,279,2,2026-08-12T00:00:00+00:00,2026-08-19T00:00:00+00:00,5,88,81,0,5,ok,1.0864197530864197,normal,23.809523809523807
5ce742a9-a319-4e89-8164-4f4ca528c4cc,wh1teout,280,2,2026-08-12T00:00:00+00:00,2026-08-19T00:00:00+00:00,18,326,253,0,18,ok,1.2885375494071147,normal,67.09956709956711
40846b8f-7a3f-4f9f-af8b-85d118c2774a,myltsi,281,2,2026-08-12T00:00:00+00:00,2026-08-19T00:00:00+00:00,22,369,315,0,22,ok,1.1714285714285715,normal,42.857142857142854
4d1d7bb1-64b7-4e34-97e7-6ee7bba48259,-relaxbtw-,282,2,2026-08-12T00:00:00+00:00,2026-08-19T00:00:00+00:00,14,222,218,0,14,ok,1.018348623853211,normal,14.502164502164502
daf44626-2073-4878-b7fd-4776b8a2c93b,Pelle-,283,2,2026-08-12T00:00:00+00:00,2026-08-19T00:00:00+00:00,26,449,429,0,26,ok,1.0466200466200466,normal,17.316017316017316
dddfd33a-cc0c-483c-b2c4-950de24e0c1c,z0t,284,2,2026-08-12T00:00:00+00:00,2026-08-19T00:00:00+00:00,22,450,289,0,22,ok,1.5570934256055364,normal,93.93939393939394
7c6afa87-48a4-4e7c-a5d4-33d4d48c603f,0MusorDrop,285,2,2026-08-12T00:00:00+00:00,2026-08-19T00:00:00+00:00,40,686,604,0,40,ok,1.1357615894039734,normal,36.58008658008658
08a4aed5-fb8a-402a-8119-ae428666c195,aimy,286,2,2026-08-12T00:00:00+00:00,2026-08-19T00:00:00+00:00,11,231,170,0,11,ok,1.3588235294117648,normal,79.87012987012987
209c88dc-d2e5-4dfd-a7b9-38900bb10a61,dod02k-,287,2,2026-08-12T00:00:00+00:00,2026-08-19T00:00:00+00:00,42,714,675,0,42,ok,1.0577777777777777,normal,19.047619047619047
dc49b288-2a75-485a-91b1-ee81ce2f25de,dziugss,288,2,2026-08-12T00:00:00+00:00,2026-08-19T00:00:00+00:00,14,315,214,0,14,ok,1.47196261682243,normal,90.6926406926407
b255e1b5-0b6b-4c57-a7ce-ad53b5521d33,CoCuCbKu,289,2,2026-08-12T00:00:00+00:00,2026-08-19T00:00:00+00:00,10,177,164,0,10,ok,1.079268292682927,normal,22.727272727272727
6f01bc34-897d-43d5-9b43-c6e49e408dd5,Twist,290,2,2026-08-12T00:00:00+00:00,2026-08-19T00:00:00+00:00,19,321,303,0,19,ok,1.0594059405940595,normal,19.480519480519483
024d5042-e159-416f-bf84-cf69b8d5ac03,oopee,291,2,2026-08-12T00:00:00+00:00,2026-08-19T00:00:00+00:00,8,143,114,0,8,ok,1.2543859649122806,normal,62.121212121212125
b63c3037-b9f3-471e-9065-5e33ebc28b6e,s1reN7,292,2,2026-08-12T00:00:00+00:00,2026-08-19T00:00:00+00:00,2,31,31,0,2,ok,1.0,normal,12.554112554112553
06b0f344-d2e8-4951-ab93-23e9470ce95e,REDS7AR,293,2,2026-08-12T00:00:00+00:00,2026-08-19T00:00:00+00:00,0,0,0,0,0,sem_partidas,,sem_partidas,
322dfefd-d0aa-4e24-a4ce-509e4c5ed28a,toshas-,294,2,2026-08-12T00:00:00+00:00,2026-08-19T00:00:00+00:00,9,143,135,0,9,ok,1.0592592592592593,normal,19.264069264069263
fddc57f3-b5f8-4e63-99e7-b1fa798e849e,pavlebo,295,2,2026-08-12T00:00:00+00:00,2026-08-19T00:00:00+00:00,11,159,148,0,11,ok,1.0743243243243243,normal,22.07792207792208
b00eff15-ebaf-4805-aa15-b33bc18406b7,YUR0KY,296,2,2026-08-12T00:00:00+00:00,2026-08-19T00:00:00+00:00,37,647,548,0,37,ok,1.1806569343065694,normal,46.103896103896105
9d4d4f31-8168-4894-8574-0d6b9458fb8c,77nightlovel,297,2,2026-08-12T00:00:00+00:00,2026-08-19T00:00:00+00:00,28,564,418,0,28,ok,1.3492822966507176,normal,78.57142857142857
1ba6cea9-0e2d-4f6e-b1cc-0f93cf9d2dcd,KEiiiii,298,2,2026-08-12T00:00:00+00:00,2026-08-19T00:00:00+00:00,21,364,289,0,21,ok,1.259515570934256,normal,63.20346320346321
41acaa8c-cc55-4dca-a85d-897af2c1f275,k99y,299,2,2026-08-12T00:00:00+00:00,2026-08-19T00:00:00+00:00,22,431,378,0,22,ok,1.1402116402116402,normal,37.44588744588744
3ad4eec5-fc86-438a-9730-e5d092821180,redzedsei,300,2,2026-08-12T00:00:00+00:00,2026-08-19T00:00:00+00:00,6,106,78,0,6,ok,1.358974358974359,normal,80.08658008658008
159069e0-7e7c-4e3e-989e-d9f723689e3a,-Dis1-,301,2,2026-08-12T00:00:00+00:00,2026-08-19T00:00:00+00:00,13,214,193,0,13,ok,1.1088082901554404,normal,29.22077922077922
086df609-d086-4b83-9474-4347714e1f76,Fessor,302,2,2026-08-12T00:00:00+00:00,2026-08-19T00:00:00+00:00,15,317,221,0,15,ok,1.4343891402714932,normal,88.09523809523809
3fa04793-fb47-46ee-be6f-c44cacd77099,h0sster,303,2,2026-08-12T00:00:00+00:00,2026-08-19T00:00:00+00:00,23,427,364,0,23,ok,1.1730769230769231,normal,43.506493506493506
de8546e3-f76c-4118-8671-2f0bed373ff4,Porya-,304,2,2026-08-12T00:00:00+00:00,2026-08-19T00:00:00+00:00,13,197,195,0,13,ok,1.0102564102564102,normal,13.636363636363635
9132c4ea-8c7f-4865-a55c-9d20aa2efe89,ronkyeee,305,2,2026-08-12T00:00:00+00:00,2026-08-19T00:00:00+00:00,27,494,447,0,27,ok,1.1051454138702461,normal,28.13852813852814
f7ade297-4f13-4e91-b103-cacdfc3e5ba5,VLDN,306,2,2026-08-12T00:00:00+00:00,2026-08-19T00:00:00+00:00,6,99,76,0,6,ok,1.3026315789473684,normal,69.91341991341992
48623ecb-e657-4292-8aa6-9389b4701b10,s1zzi,307,2,2026-08-12T00:00:00+00:00,2026-08-19T00:00:00+00:00,31,695,495,0,31,ok,1.404040404040404,normal,84.19913419913419
c14998db-c745-4904-8316-429d46510e49,NonAmEeEeR,308,2,2026-08-12T00:00:00+00:00,2026-08-19T00:00:00+00:00,45,759,720,0,45,ok,1.0541666666666667,normal,18.83116883116883
0b71822e-4e5a-4c96-9b2c-be44ff7f7e86,DrammaGod,309,2,2026-08-12T00:00:00+00:00,2026-08-19T00:00:00+00:00,0,0,0,0,0,sem_partidas,,sem_partidas,
1a5c4cff-75d4-489f-91a2-970af1eda8eb,Sobol,310,2,2026-08-12T00:00:00+00:00,2026-08-19T00:00:00+00:00,9,152,156,0,9,ok,0.9743589743589743,normal,9.740259740259742
d0bad1c0-551e-40cb-8535-137ea7104ff6,Zerk1s-,311,2,2026-08-12T00:00:00+00:00,2026-08-19T00:00:00+00:00,104,2220,1481,0,104,ok,1.49898717083052,normal,91.77489177489177
9b9ee020-9f73-4a4b-a68f-f6132bfb0377,Caleyy,312,2,2026-08-12T00:00:00+00:00,2026-08-19T00:00:00+00:00,10,191,177,0,10,ok,1.07909604519774,normal,22.51082251082251
f0f989d2-bbeb-4bdf-bb3e-9a92b9039c27,w1sely,313,2,2026-08-12T00:00:00+00:00,2026-08-19T00:00:00+00:00,5,74,69,0,5,ok,1.0724637681159421,normal,21.428571428571427
c4bf8035-0124-44bb-974b-2860cb41ab5a,aparcik,314,2,2026-08-12T00:00:00+00:00,2026-08-19T00:00:00+00:00,16,228,263,0,16,ok,0.8669201520912547,normal,3.67965367965368
74407bd7-b090-4cd9-8797-c4e3af17ae50,turcinskis,315,2,2026-08-12T00:00:00+00:00,2026-08-19T00:00:00+00:00,0,0,0,0,0,sem_partidas,,sem_partidas,
a7d9d607-a5ac-4aa1-ae41-4834085715c2,f0lkfan111,316,2,2026-08-12T00:00:00+00:00,2026-08-19T00:00:00+00:00,0,0,0,0,0,sem_partidas,,sem_partidas,
9d76e440-f676-4ad0-a04a-a8c87f7c21fb,arbnorz-,317,2,2026-08-12T00:00:00+00:00,2026-08-19T00:00:00+00:00,41,648,691,0,41,ok,0.9377713458755427,normal,6.493506493506493
92224fbc-fb31-4362-850b-735a0c1d6c8a,kidofpain,318,2,2026-08-12T00:00:00+00:00,2026-08-19T00:00:00+00:00,18,357,262,0,18,ok,1.3625954198473282,normal,80.95238095238095
fbb6f5b8-c8ce-415d-b29f-374d6b543716,MrTrelog,319,2,2026-08-12T00:00:00+00:00,2026-08-19T00:00:00+00:00,19,343,290,0,19,ok,1.1827586206896552,normal,46.320346320346324
83270bc6-74aa-4ca3-942b-f28a3d704b6d,OneUn1que,320,2,2026-08-12T00:00:00+00:00,2026-08-19T00:00:00+00:00,22,374,311,0,22,ok,1.202572347266881,normal,50.43290043290043
fddf0596-7573-4792-8012-79966c93689e,Licale,321,2,2026-08-12T00:00:00+00:00,2026-08-19T00:00:00+00:00,51,869,834,0,51,ok,1.0419664268585132,normal,17.0995670995671
975adbfb-f21e-4b09-92a4-704ab60c8542,ulqu1ora,322,2,2026-08-12T00:00:00+00:00,2026-08-19T00:00:00+00:00,25,374,384,0,25,ok,0.9739583333333334,normal,9.523809523809524
bdf798c9-0041-4a81-b581-28c52fede922,chedzik,323,2,2026-08-12T00:00:00+00:00,2026-08-19T00:00:00+00:00,0,0,0,0,0,sem_partidas,,sem_partidas,
798302b0-e3b3-40e7-b051-95c43766dabb,PhoeniXLUV,324,2,2026-08-12T00:00:00+00:00,2026-08-19T00:00:00+00:00,9,165,107,0,9,ok,1.5420560747663552,normal,93.5064935064935
5c60c1c4-653a-478d-90a4-441d1436a28e,-k0s,325,2,2026-08-12T00:00:00+00:00,2026-08-19T00:00:00+00:00,0,0,0,0,0,sem_partidas,,sem_partidas,
e76908f9-d95c-4022-b419-786ad4cb8d4e,torox,326,2,2026-08-12T00:00:00+00:00,2026-08-19T00:00:00+00:00,44,796,546,0,44,ok,1.4578754578754578,normal,89.6103896103896
37a13cea-9f8b-45d3-9886-40faf2506d69,m1QUSE272,327,2,2026-08-12T00:00:00+00:00,2026-08-19T00:00:00+00:00,10,170,132,0,10,ok,1.2878787878787878,normal,66.88311688311688
2f215405-df5f-4348-8b16-d07bb82b8f66,lockstocky,328,2,2026-08-12T00:00:00+00:00,2026-08-19T00:00:00+00:00,49,850,754,0,49,ok,1.1273209549071619,normal,34.41558441558442
25694913-c7e9-4a6f-9279-8fb932b04a4c,EBLANKANKA67,329,2,2026-08-12T00:00:00+00:00,2026-08-19T00:00:00+00:00,61,1213,926,0,61,ok,1.3099352051835853,normal,72.07792207792207
0c482002-4ad9-4eb7-bbf4-c36f786cdbd8,ms2180,330,2,2026-08-12T00:00:00+00:00,2026-08-19T00:00:00+00:00,9,163,118,0,9,ok,1.38135593220339,normal,82.46753246753246
42afba06-399e-4c2d-aaff-77595526ad70,cmtry64,331,2,2026-08-12T00:00:00+00:00,2026-08-19T00:00:00+00:00,6,140,89,0,6,ok,1.5730337078651686,normal,95.45454545454545
3b6a98b3-fd37-42ec-9d14-3ca58a1e54ef,sh4shlick,332,2,2026-08-12T00:00:00+00:00,2026-08-19T00:00:00+00:00,4,49,68,0,4,ok,0.7205882352941176,outlier_negativo,0.6493506493506493
e6970427-7853-42d5-960a-3b125aa3fe98,xseveN,333,2,2026-08-12T00:00:00+00:00,2026-08-19T00:00:00+00:00,4,50,60,0,4,ok,0.8333333333333334,normal,2.813852813852814
0be6bdd3-7448-4711-84d6-79cfbbe86f71,musordrop983,334,2,2026-08-12T00:00:00+00:00,2026-08-19T00:00:00+00:00,68,1241,1030,0,68,ok,1.2048543689320388,normal,51.082251082251084
6d612c68-1dd3-427a-bf4c-e5e8029c4450,mASKEDo,335,2,2026-08-12T00:00:00+00:00,2026-08-19T00:00:00+00:00,12,218,208,0,12,ok,1.0480769230769231,normal,17.74891774891775
dd00574a-37b8-4c5e-87fa-b0569f624546,tamefear,336,2,2026-08-12T00:00:00+00:00,2026-08-19T00:00:00+00:00,24,434,392,0,24,ok,1.1071428571428572,normal,28.57142857142857
8fc05816-4e4c-4df0-b6ab-4059965f95a5,feat-,337,2,2026-08-12T00:00:00+00:00,2026-08-19T00:00:00+00:00,0,0,0,0,0,sem_partidas,,sem_partidas,
1efdfeb4-7237-4a34-837a-9b4657295a48,svemyy,338,2,2026-08-12T00:00:00+00:00,2026-08-19T00:00:00+00:00,6,98,82,0,6,ok,1.1951219512195121,normal,48.917748917748916
2fd44fff-097a-44ca-9bf2-6badf3282398,Muciek,339,2,2026-08-12T00:00:00+00:00,2026-08-19T00:00:00+00:00,23,388,357,0,23,ok,1.0868347338935573,normal,24.242424242424242
dafc9a8d-9a0b-47c3-a703-e0919211b635,L0fer,340,2,2026-08-12T00:00:00+00:00,2026-08-19T00:00:00+00:00,28,536,432,0,28,ok,1.2407407407407407,normal,59.307359307359306
400661b5-8cc7-4c40-9dcc-d1695b2047f6,Jisoo,341,2,2026-08-12T00:00:00+00:00,2026-08-19T00:00:00+00:00,65,1212,980,0,65,ok,1.236734693877551,normal,58.22510822510822
36b19d20-ddac-466d-9868-b73f0212c3ad,BRIAN-_-HIZZ,342,2,2026-08-12T00:00:00+00:00,2026-08-19T00:00:00+00:00,29,506,532,0,29,ok,0.9511278195488722,normal,7.575757575757576
c0216481-6d6f-4a69-b480-e1f3c4f0c36a,LECY89,343,2,2026-08-12T00:00:00+00:00,2026-08-19T00:00:00+00:00,9,176,127,0,9,ok,1.3858267716535433,normal,82.90043290043289
1983b3f0-bd89-4fe6-a110-42664904443a,w4rdeN-,344,2,2026-08-12T00:00:00+00:00,2026-08-19T00:00:00+00:00,14,218,217,0,14,ok,1.0046082949308757,normal,12.987012987012985
5e91d235-cef6-42c6-9b86-35560cc19e57,deeN--,345,2,2026-08-12T00:00:00+00:00,2026-08-19T00:00:00+00:00,17,284,273,0,17,ok,1.0402930402930404,normal,16.666666666666664
4527302e-9120-4a42-a465-5e383580386c,kobz0n,346,2,2026-08-12T00:00:00+00:00,2026-08-19T00:00:00+00:00,19,348,271,0,19,ok,1.2841328413284132,normal,66.23376623376623
242f97b1-a39e-40e5-aca0-153d7a76828f,saizius,347,2,2026-08-12T00:00:00+00:00,2026-08-19T00:00:00+00:00,27,532,399,0,27,ok,1.3333333333333333,normal,75.10822510822511
9866bf07-6fc9-47b0-966e-e4302ecc93fb,rv1den,348,2,2026-08-12T00:00:00+00:00,2026-08-19T00:00:00+00:00,20,371,238,0,20,ok,1.5588235294117647,normal,94.37229437229438
7c38b5ca-b385-4cf2-942b-d7252521d266,ne1l,349,2,2026-08-12T00:00:00+00:00,2026-08-19T00:00:00+00:00,16,282,229,0,16,ok,1.2314410480349345,normal,56.926406926406926
a8efc434-5950-4621-8b51-72538fe6347d,dazzy-,350,2,2026-08-12T00:00:00+00:00,2026-08-19T00:00:00+00:00,9,162,103,0,9,ok,1.5728155339805825,normal,95.23809523809523
9b79818c-8be6-40cc-b090-b92878f5baac,5swiz,351,2,2026-08-12T00:00:00+00:00,2026-08-19T00:00:00+00:00,38,708,627,0,38,ok,1.1291866028708133,normal,35.4978354978355
58f68286-29eb-4108-97e5-2d8d96c65e05,mezii--,352,2,2026-08-12T00:00:00+00:00,2026-08-19T00:00:00+00:00,13,276,166,0,13,ok,1.6626506024096386,normal,97.61904761904762
dfa35d4d-f284-4ad2-9a7d-c3f0468b1e69,wignfan,353,2,2026-08-12T00:00:00+00:00,2026-08-19T00:00:00+00:00,30,498,453,0,30,ok,1.099337748344371,normal,26.83982683982684
a3e05af2-cb94-4de5-b56c-e5b30bde9f0c,S3NSEYZjE,354,2,2026-08-12T00:00:00+00:00,2026-08-19T00:00:00+00:00,44,725,677,0,44,ok,1.0709010339734122,normal,21.21212121212121
5d834b85-5d4f-441a-a0e2-a88713818bc8,ottob,355,2,2026-08-12T00:00:00+00:00,2026-08-19T00:00:00+00:00,4,71,56,0,4,ok,1.2678571428571428,normal,64.06926406926407
3e96ad48-d280-40fe-b432-743bc6166e6a,bibu_,356,2,2026-08-12T00:00:00+00:00,2026-08-19T00:00:00+00:00,9,111,125,0,9,ok,0.888,normal,4.761904761904762
2fe13779-4813-4886-975b-a23d66c22b50,rec1se,357,2,2026-08-12T00:00:00+00:00,2026-08-19T00:00:00+00:00,28,543,421,0,28,ok,1.2897862232779098,normal,67.53246753246754
6111a58f-ec43-4a35-ac5f-6a27d4a8442d,kade0,358,2,2026-08-12T00:00:00+00:00,2026-08-19T00:00:00+00:00,0,0,0,0,0,sem_partidas,,sem_partidas,
08d5e3fa-ef86-447a-a441-7d61c106305c,nukkye,359,2,2026-08-12T00:00:00+00:00,2026-08-19T00:00:00+00:00,28,499,421,0,28,ok,1.185273159144893,normal,46.75324675324675
88aba0ad-9f4f-43f8-8691-78bd5935bb26,MAJ1X,360,2,2026-08-12T00:00:00+00:00,2026-08-19T00:00:00+00:00,0,0,0,0,0,sem_partidas,,sem_partidas,
75b7d8c4-e346-492c-adef-a91fffeb3886,z1k4-,361,2,2026-08-12T00:00:00+00:00,2026-08-19T00:00:00+00:00,10,149,111,0,10,ok,1.3423423423423424,normal,77.27272727272727
1050ef15-3e72-45b8-a255-ba1c69f9ae03,karass28,362,2,2026-08-12T00:00:00+00:00,2026-08-19T00:00:00+00:00,43,679,648,0,43,ok,1.0478395061728396,normal,17.532467532467532
b5ad53bf-7ef2-4e7f-b902-2218997c60f0,KATLEDICI7,363,2,2026-08-12T00:00:00+00:00,2026-08-19T00:00:00+00:00,43,756,704,0,43,ok,1.0738636363636365,normal,21.645021645021643
6b52e429-611a-4cff-a329-79640d71dcf9,serrakura111,364,2,2026-08-12T00:00:00+00:00,2026-08-19T00:00:00+00:00,12,230,160,0,12,ok,1.4375,normal,88.31168831168831
d4241a7e-40ed-428c-824b-186191cc1186,kkx-,365,2,2026-08-12T00:00:00+00:00,2026-08-19T00:00:00+00:00,2,27,30,0,2,ok,0.9,normal,4.978354978354979
b0e6d782-b60b-464b-b825-0551219d184c,Botman,366,2,2026-08-12T00:00:00+00:00,2026-08-19T00:00:00+00:00,16,266,220,0,16,ok,1.209090909090909,normal,51.73160173160173
43edb54f-28ed-41fb-9996-c53c1602b32a,taouser,367,2,2026-08-12T00:00:00+00:00,2026-08-19T00:00:00+00:00,3,45,26,0,3,ok,1.7307692307692308,outlier_positivo,98.05194805194806
bf53ac48-b4ac-4b17-9174-4018772ad411,Griller1221,368,2,2026-08-12T00:00:00+00:00,2026-08-19T00:00:00+00:00,21,395,323,0,21,ok,1.2229102167182662,normal,55.1948051948052
6051a477-a1fb-410a-bca9-5eb8e848a515,grekuwu,369,2,2026-08-12T00:00:00+00:00,2026-08-19T00:00:00+00:00,17,304,265,0,17,ok,1.1471698113207547,normal,38.961038961038966
32181c2b-b743-4bcd-abd1-1a76378beacf,zs0lt1-,370,2,2026-08-12T00:00:00+00:00,2026-08-19T00:00:00+00:00,0,0,0,0,0,sem_partidas,,sem_partidas,
35c42621-9863-49d8-a9d3-98cd2ebd3695,Sdaim,371,2,2026-08-12T00:00:00+00:00,2026-08-19T00:00:00+00:00,6,75,94,0,6,ok,0.7978723404255319,normal,1.7316017316017316
23b6ffbb-86ec-47ab-acaa-9c76bed0af66,jL-,372,2,2026-08-12T00:00:00+00:00,2026-08-19T00:00:00+00:00,18,362,257,0,18,ok,1.4085603112840468,normal,85.06493506493507
abe4d53f-ed16-49fc-8d86-3d1abac2d5ef,yanni-_-,373,2,2026-08-12T00:00:00+00:00,2026-08-19T00:00:00+00:00,49,859,786,0,49,ok,1.0928753180661577,normal,25.108225108225106
9dd05297-26eb-4cb4-a2e2-544b242f0a08,DAN9ARMATURA,374,2,2026-08-12T00:00:00+00:00,2026-08-19T00:00:00+00:00,33,573,501,0,33,ok,1.1437125748502994,normal,38.52813852813853
0cf9c7b8-2003-404d-97d4-fa9b5fae1878,Jimpphat,375,2,2026-08-12T00:00:00+00:00,2026-08-19T00:00:00+00:00,13,251,169,0,13,ok,1.485207100591716,normal,91.12554112554112
a6b1e85a-0d17-4fa3-9c08-900211bf7692,mattloo,376,2,2026-08-12T00:00:00+00:00,2026-08-19T00:00:00+00:00,26,461,377,0,26,ok,1.2228116710875332,normal,54.97835497835498
c328112e-d19e-4dc2-b0d9-e95372a362e7,Hrdina1452,377,2,2026-08-12T00:00:00+00:00,2026-08-19T00:00:00+00:00,31,576,515,0,31,ok,1.1184466019417476,normal,31.818181818181817
6f65cd76-e51e-480e-b0f4-d8ca78c3ec63,VILBy,378,2,2026-08-12T00:00:00+00:00,2026-08-19T00:00:00+00:00,4,67,50,0,4,ok,1.34,normal,75.97402597402598
40ca7ec3-ca11-4e1b-a3b3-3989c1aaf13f,baz,379,2,2026-08-12T00:00:00+00:00,2026-08-19T00:00:00+00:00,13,232,185,0,13,ok,1.2540540540540541,normal,61.904761904761905
08b00737-a7bf-46c2-b501-052c101f3e6e,siz-,380,2,2026-08-12T00:00:00+00:00,2026-08-19T00:00:00+00:00,0,0,0,0,0,sem_partidas,,sem_partidas,
a86a13ca-a850-4e31-9e46-76026f25a8df,flawly,381,2,2026-08-12T00:00:00+00:00,2026-08-19T00:00:00+00:00,14,266,245,0,14,ok,1.0857142857142856,normal,23.593073593073594
95371621-2dc2-4ae2-8633-e70c1f754d25,kiy0o,382,2,2026-08-12T00:00:00+00:00,2026-08-19T00:00:00+00:00,26,411,410,0,26,ok,1.002439024390244,normal,12.770562770562771
fa304d5e-0d2e-4b7c-a802-a9ee2989d6d7,musordrop01R,383,2,2026-08-12T00:00:00+00:00,2026-08-19T00:00:00+00:00,7,97,132,0,7,ok,0.7348484848484849,normal,1.0822510822510822
e15c799e-2f9b-42fb-9233-db6908126b26,LunaticYF,384,2,2026-08-12T00:00:00+00:00,2026-08-19T00:00:00+00:00,31,558,488,0,31,ok,1.1434426229508197,normal,38.095238095238095
57d0ffa1-44d3-4271-9360-f09bfb7e3466,Ayri21,385,2,2026-08-12T00:00:00+00:00,2026-08-19T00:00:00+00:00,19,345,289,0,19,ok,1.193771626297578,normal,48.701298701298704
ba3282ae-21a1-4a9d-a2e4-e579a67f2472,ToM223,386,2,2026-08-12T00:00:00+00:00,2026-08-19T00:00:00+00:00,12,204,176,0,12,ok,1.1590909090909092,normal,40.909090909090914
99726d5a-04d8-4b74-a12d-b5e012ae745c,anttzz,387,2,2026-08-12T00:00:00+00:00,2026-08-19T00:00:00+00:00,75,1380,1143,0,75,ok,1.2073490813648293,normal,51.298701298701296
803bd4ab-3891-4686-8301-aea69a426477,PsychoDoctor,388,2,2026-08-12T00:00:00+00:00,2026-08-19T00:00:00+00:00,0,0,0,0,0,sem_partidas,,sem_partidas,
7dfc0c4c-28a0-4126-8b97-349ba09bc314,neptun59,389,2,2026-08-12T00:00:00+00:00,2026-08-19T00:00:00+00:00,22,453,365,0,22,ok,1.2410958904109588,normal,59.523809523809526
3bd30889-be3f-49cf-817f-1399c887f2d9,zeRRoFIX,390,2,2026-08-12T00:00:00+00:00,2026-08-19T00:00:00+00:00,21,463,340,0,21,ok,1.361764705882353,normal,80.73593073593074
651597b1-03b4-4c74-8848-dd688599cffa,sk1tt,391,2,2026-08-12T00:00:00+00:00,2026-08-19T00:00:00+00:00,10,133,158,0,10,ok,0.8417721518987342,normal,3.0303030303030303
bffdd912-57c0-4c48-9735-3d36059236b3,SatoruGojo_,392,2,2026-08-12T00:00:00+00:00,2026-08-19T00:00:00+00:00,22,372,375,0,22,ok,0.992,normal,11.688311688311687
9b9355f1-870d-4d85-bb37-9b71d591d779,608-,393,2,2026-08-12T00:00:00+00:00,2026-08-19T00:00:00+00:00,30,474,423,0,30,ok,1.1205673758865249,normal,32.683982683982684
79df73cc-00b8-40c2-9089-d20e81b91614,Nivera-,394,2,2026-08-12T00:00:00+00:00,2026-08-19T00:00:00+00:00,15,319,207,0,15,ok,1.541062801932367,normal,93.29004329004329
e5806414-a8b4-4f7e-b13d-e16066e3984a,suisha,395,2,2026-08-12T00:00:00+00:00,2026-08-19T00:00:00+00:00,7,131,98,0,7,ok,1.336734693877551,normal,75.32467532467533
675b5450-f00f-4009-92b8-10d17524959a,Proinya,396,2,2026-08-12T00:00:00+00:00,2026-08-19T00:00:00+00:00,20,401,333,0,20,ok,1.2042042042042043,normal,50.649350649350644
a9147ac0-cd1b-4ab8-a634-a3562d29dc13,W0nderL4nd,397,2,2026-08-12T00:00:00+00:00,2026-08-19T00:00:00+00:00,12,199,163,0,12,ok,1.2208588957055215,normal,54.761904761904766
41e80191-23a9-40af-a3f5-b0452d31b7a5,xm1nd337,398,2,2026-08-12T00:00:00+00:00,2026-08-19T00:00:00+00:00,13,227,204,0,13,ok,1.1127450980392157,normal,30.08658008658009
381f4aa9-921e-498b-8548-af3a61a95f45,fall1ngxd,399,2,2026-08-12T00:00:00+00:00,2026-08-19T00:00:00+00:00,24,362,381,0,24,ok,0.9501312335958005,normal,7.35930735930736
0bd8a37f-2bf9-4a2a-8c4d-4ec60249c758,Kovvat,400,2,2026-08-12T00:00:00+00:00,2026-08-19T00:00:00+00:00,36,533,571,0,36,ok,0.9334500875656743,normal,6.277056277056277
a5f7f49b-13f4-406b-9868-99503a228d4c,Myggis,401,2,2026-08-12T00:00:00+00:00,2026-08-19T00:00:00+00:00,50,848,772,0,50,ok,1.0984455958549222,normal,26.406926406926406
96675589-94d3-4a3f-942e-75e876c5407d,amanek,402,2,2026-08-12T00:00:00+00:00,2026-08-19T00:00:00+00:00,15,193,220,0,15,ok,0.8772727272727273,normal,3.896103896103896
8f97a4ca-0315-4386-a97d-4ec6b74a432a,F0R3VER-,403,2,2026-08-12T00:00:00+00:00,2026-08-19T00:00:00+00:00,23,401,362,0,23,ok,1.1077348066298343,normal,28.78787878787879
3c1ca83f-5c0b-48c9-9efb-86e02999bad4,CoolezW,404,2,2026-08-12T00:00:00+00:00,2026-08-19T00:00:00+00:00,17,285,276,0,17,ok,1.0326086956521738,normal,15.800865800865802
f77f8060-0918-4c9c-84eb-4b871a0d0430,Farab1,405,2,2026-08-12T00:00:00+00:00,2026-08-19T00:00:00+00:00,52,837,785,0,52,ok,1.0662420382165605,normal,20.562770562770563
f317884c-2d70-4cb9-8f03-418064e114ed,markovich666,406,2,2026-08-12T00:00:00+00:00,2026-08-19T00:00:00+00:00,24,470,348,0,24,ok,1.3505747126436782,normal,78.78787878787878
cd355df3-21b0-4677-8e79-6d823aa6ebac,takanashi,407,2,2026-08-12T00:00:00+00:00,2026-08-19T00:00:00+00:00,21,436,319,0,21,ok,1.3667711598746082,normal,81.38528138528139
a421bf0b-db37-4194-8d57-59aa2cab64a0,NaYz,408,2,2026-08-12T00:00:00+00:00,2026-08-19T00:00:00+00:00,6,115,94,0,6,ok,1.2234042553191489,normal,55.41125541125541
14bf6f49-e335-4cca-b270-2bff1bc95485,whisperr23,409,2,2026-08-12T00:00:00+00:00,2026-08-19T00:00:00+00:00,4,64,74,0,4,ok,0.8648648648648649,normal,3.463203463203463
f0d7de73-a6e4-4fd8-961e-d4f5f283e931,kenjezz,410,2,2026-08-12T00:00:00+00:00,2026-08-19T00:00:00+00:00,22,338,329,0,22,ok,1.027355623100304,normal,15.151515151515152
e5b77795-ddbc-418b-a72a-e8e8e2787d54,eNs,411,2,2026-08-12T00:00:00+00:00,2026-08-19T00:00:00+00:00,0,0,0,0,0,sem_partidas,,sem_partidas,
917a60fe-0a2f-4cf8-b93e-8d8242e2aa87,Bl4zE333,412,2,2026-08-12T00:00:00+00:00,2026-08-19T00:00:00+00:00,30,499,439,0,30,ok,1.1366742596810935,normal,36.79653679653679
7b6558ed-94e8-4344-a805-788cb226d03e,oz1k,413,2,2026-08-12T00:00:00+00:00,2026-08-19T00:00:00+00:00,0,0,0,0,0,sem_partidas,,sem_partidas,
31a278ea-2af3-4101-baad-2bff533b5c01,Blytz_,414,2,2026-08-12T00:00:00+00:00,2026-08-19T00:00:00+00:00,4,79,61,0,4,ok,1.2950819672131149,normal,68.18181818181817
13a07227-30a0-4590-9b66-e8e5841b7a8b,H4SAN4TOR,415,2,2026-08-12T00:00:00+00:00,2026-08-19T00:00:00+00:00,30,488,431,0,30,ok,1.1322505800464038,normal,35.93073593073593
0afea8e8-c7e2-4ad7-a20e-ec4ba4ce80ff,3BL0S7R3L,416,2,2026-08-12T00:00:00+00:00,2026-08-19T00:00:00+00:00,51,918,745,0,51,ok,1.2322147651006712,normal,57.14285714285714
b65ca382-cb8c-42a2-aeb7-822fb72cb9a7,iffo,417,2,2026-08-12T00:00:00+00:00,2026-08-19T00:00:00+00:00,14,256,217,0,14,ok,1.1797235023041475,normal,45.23809523809524
685163c9-a0d4-41b9-8373-d0d2f26ab42b,kL1o,418,2,2026-08-12T00:00:00+00:00,2026-08-19T00:00:00+00:00,20,319,272,0,20,ok,1.1727941176470589,normal,43.290043290043286
1ace868a-d60c-46b8-a61e-f51d40d0305b,lilpeepfan-,419,2,2026-08-12T00:00:00+00:00,2026-08-19T00:00:00+00:00,5,91,69,0,5,ok,1.318840579710145,normal,73.37662337662337
6e9625a5-9d91-4b07-9858-0042f5a53f6a,paz-,420,2,2026-08-12T00:00:00+00:00,2026-08-19T00:00:00+00:00,0,0,0,0,0,sem_partidas,,sem_partidas,
f34926cc-3857-4d91-bc5a-316ec071263a,djgor1lla,421,2,2026-08-12T00:00:00+00:00,2026-08-19T00:00:00+00:00,16,320,238,0,16,ok,1.3445378151260505,normal,78.13852813852814
f2e856bd-3ee0-4c05-85da-0f26ecdfcd69,Jhniewolkjer,422,2,2026-08-12T00:00:00+00:00,2026-08-19T00:00:00+00:00,31,434,439,0,31,ok,0.9886104783599089,normal,11.03896103896104
cd978277-44fe-46ef-85e9-c916be624bee,Maiser,423,2,2026-08-12T00:00:00+00:00,2026-08-19T00:00:00+00:00,23,351,314,0,23,ok,1.1178343949044587,normal,31.16883116883117
8dd252bc-7bed-4b80-a8af-08292429f90c,shaiK,424,2,2026-08-12T00:00:00+00:00,2026-08-19T00:00:00+00:00,0,0,0,0,0,sem_partidas,,sem_partidas,
01b56a15-1e5d-43ea-9173-8d2b812bc1c6,strixxxzz,425,2,2026-08-12T00:00:00+00:00,2026-08-19T00:00:00+00:00,21,423,298,0,21,ok,1.419463087248322,normal,85.93073593073593
92e63ac2-a228-4a2c-8db5-93e4a0b35e6f,SILNYI4EL,426,2,2026-08-12T00:00:00+00:00,2026-08-19T00:00:00+00:00,27,443,397,0,27,ok,1.1158690176322419,normal,30.735930735930733
80396ca7-9e6b-440d-bea6-99c20a78758c,MadLife516,427,2,2026-08-12T00:00:00+00:00,2026-08-19T00:00:00+00:00,17,295,271,0,17,ok,1.088560885608856,normal,24.891774891774894
53771794-0678-4e00-b12b-605404c711f0,icntflmfce,428,2,2026-08-12T00:00:00+00:00,2026-08-19T00:00:00+00:00,1,11,21,0,1,ok,0.5238095238095238,outlier_negativo,0.21645021645021645
43cddbf7-48c8-402d-8ab5-2d7b35c519c2,Tired5,429,2,2026-08-12T00:00:00+00:00,2026-08-19T00:00:00+00:00,51,747,747,0,51,ok,1.0,normal,12.554112554112553
f054b0fb-9841-45b9-b832-d3d38f3c948e,iNSANE-0_o,430,2,2026-08-12T00:00:00+00:00,2026-08-19T00:00:00+00:00,21,392,326,0,21,ok,1.2024539877300613,normal,50.21645021645021
6a8c42f1-b66d-49d3-a89a-d0fd7c11d544,CHANKY-,431,2,2026-08-12T00:00:00+00:00,2026-08-19T00:00:00+00:00,8,172,140,0,8,ok,1.2285714285714286,normal,56.493506493506494
0e5e5804-66dc-47fc-abf8-78fbabb2e486,x1nk1n,432,2,2026-08-12T00:00:00+00:00,2026-08-19T00:00:00+00:00,14,207,212,0,14,ok,0.9764150943396226,normal,9.956709956709958
fddec513-3b2c-46c2-8223-5baf9d7c44e1,qw3zy,433,2,2026-08-12T00:00:00+00:00,2026-08-19T00:00:00+00:00,14,153,173,0,14,ok,0.884393063583815,normal,4.329004329004329
7755ecad-986d-418d-932e-2250132bee75,newnickname7,434,2,2026-08-12T00:00:00+00:00,2026-08-19T00:00:00+00:00,30,495,458,0,30,ok,1.0807860262008733,normal,22.943722943722943
4396868f-64f7-4847-8443-4703685a0aef,hitori,435,2,2026-08-12T00:00:00+00:00,2026-08-19T00:00:00+00:00,8,142,116,0,8,ok,1.2241379310344827,normal,55.62770562770562
1606bc69-b662-43ff-a5a6-cb3667b1175f,qw1ck,436,2,2026-08-12T00:00:00+00:00,2026-08-19T00:00:00+00:00,66,1191,1023,0,66,ok,1.1642228739002933,normal,41.99134199134199
f20f58ba-b7f6-455e-9267-5700584798a7,resqz,437,2,2026-08-12T00:00:00+00:00,2026-08-19T00:00:00+00:00,20,297,307,0,20,ok,0.9674267100977199,normal,8.441558441558442
c1302426-7b94-464e-8074-934bd584a311,latayo,438,2,2026-08-12T00:00:00+00:00,2026-08-19T00:00:00+00:00,67,1187,1038,0,67,ok,1.1435452793834298,normal,38.311688311688314
47444e4a-3a2e-4952-a6d8-eb535f3f9c82,Something,439,2,2026-08-12T00:00:00+00:00,2026-08-19T00:00:00+00:00,8,151,144,0,8,ok,1.0486111111111112,normal,17.965367965367964
bea77fb4-1e11-43bf-aae7-1ce463bc0a21,nukleos143,440,2,2026-08-12T00:00:00+00:00,2026-08-19T00:00:00+00:00,27,474,398,0,27,ok,1.1909547738693467,normal,48.05194805194805
5d950322-1f67-41fe-a8d7-3831ef236504,xz4yrix_-,441,2,2026-08-12T00:00:00+00:00,2026-08-19T00:00:00+00:00,0,0,0,0,0,sem_partidas,,sem_partidas,
b88c11ce-6c1c-4caf-826c-a3781f5ef95f,r3td,442,2,2026-08-12T00:00:00+00:00,2026-08-19T00:00:00+00:00,66,1259,1040,0,66,ok,1.210576923076923,normal,52.5974025974026
a890369c-f360-430b-bb2b-07320647239f,Sami,443,2,2026-08-12T00:00:00+00:00,2026-08-19T00:00:00+00:00,5,58,54,0,5,ok,1.0740740740740742,normal,21.861471861471863
41e2d7e1-a224-46b4-8565-cc04e4a9d1ea,crazed-_-,444,2,2026-08-12T00:00:00+00:00,2026-08-19T00:00:00+00:00,0,0,0,0,0,sem_partidas,,sem_partidas,
37032643-d56f-417e-b165-f058646f8076,wakash1ma666,445,2,2026-08-12T00:00:00+00:00,2026-08-19T00:00:00+00:00,15,333,242,0,15,ok,1.3760330578512396,normal,81.81818181818183
63bbf570-f8f3-4502-9c27-4b2d767bfeb8,newt,446,2,2026-08-12T00:00:00+00:00,2026-08-19T00:00:00+00:00,12,217,196,0,12,ok,1.1071428571428572,normal,28.57142857142857
5b8d259e-503e-4afe-b621-0dc202d46e43,Buzz,447,2,2026-08-12T00:00:00+00:00,2026-08-19T00:00:00+00:00,20,412,330,0,20,ok,1.2484848484848485,normal,60.82251082251082
ec933b68-6007-408c-818d-10cc284b6838,-mortal666,448,2,2026-08-12T00:00:00+00:00,2026-08-19T00:00:00+00:00,34,537,557,0,34,ok,0.9640933572710951,normal,8.008658008658008
1e004a7b-a857-49ed-ad46-a3f8549d5b7e,Jaex-,449,2,2026-08-12T00:00:00+00:00,2026-08-19T00:00:00+00:00,19,335,267,0,19,ok,1.2546816479400749,normal,62.33766233766234
ea125fed-a8af-4d17-91b9-4e05dc51a0ba,shalfey111,450,2,2026-08-12T00:00:00+00:00,2026-08-19T00:00:00+00:00,11,198,133,0,11,ok,1.4887218045112782,normal,91.34199134199135
c03e59a1-785d-4821-8300-e84d2a30a99c,fez,451,2,2026-08-12T00:00:00+00:00,2026-08-19T00:00:00+00:00,7,134,117,0,7,ok,1.1452991452991452,normal,38.74458874458874
888098d7-ca11-498a-9d76-aa9bc8636708,-Aldikon,452,2,2026-08-12T00:00:00+00:00,2026-08-19T00:00:00+00:00,0,0,0,0,0,sem_partidas,,sem_partidas,
9af7e56b-2661-4235-a853-788f9d07d7c5,safraleine33,453,2,2026-08-12T00:00:00+00:00,2026-08-19T00:00:00+00:00,0,0,0,0,0,sem_partidas,,sem_partidas,
1fc5d089-ed6d-42bc-9014-b7bd8024a5ce,wouri,454,2,2026-08-12T00:00:00+00:00,2026-08-19T00:00:00+00:00,4,48,66,0,4,ok,0.7272727272727273,outlier_negativo,0.8658008658008658
94f48ada-f249-4fd3-92cd-d7e1454bbeb3,percoshk3t,455,2,2026-08-12T00:00:00+00:00,2026-08-19T00:00:00+00:00,36,627,571,0,36,ok,1.0980735551663747,normal,26.190476190476193
835047fa-11b8-44df-aff2-df367bacc016,domin0o_,456,2,2026-08-12T00:00:00+00:00,2026-08-19T00:00:00+00:00,26,468,382,0,26,ok,1.225130890052356,normal,56.060606060606055
9b60b444-681f-4075-9bb2-5b8a1e6c8c0c,zendirege,457,2,2026-08-12T00:00:00+00:00,2026-08-19T00:00:00+00:00,65,1123,1094,0,65,ok,1.0265082266910421,normal,14.71861471861472
45a216c4-0a48-4475-9e16-4548a1ab8a63,-guty,458,2,2026-08-12T00:00:00+00:00,2026-08-19T00:00:00+00:00,17,284,256,0,17,ok,1.109375,normal,29.43722943722944
24d172ce-17ac-4473-9bbf-604230499642,kaneko999,459,2,2026-08-12T00:00:00+00:00,2026-08-19T00:00:00+00:00,30,523,418,0,30,ok,1.2511961722488039,normal,61.471861471861466
766e6891-f43c-4caa-9069-6ff948384229,foidslayer--,460,2,2026-08-12T00:00:00+00:00,2026-08-19T00:00:00+00:00,19,343,309,0,19,ok,1.110032362459547,normal,29.653679653679653
6226a775-1377-48c3-bac5-3a772af824fb,inwayz-_-,461,2,2026-08-12T00:00:00+00:00,2026-08-19T00:00:00+00:00,0,0,0,0,0,sem_partidas,,sem_partidas,
31344471-a809-45c0-9190-fd6420769871,hallzerk,462,2,2026-08-12T00:00:00+00:00,2026-08-19T00:00:00+00:00,10,189,141,0,10,ok,1.3404255319148937,normal,76.40692640692642
07590cf0-6f1c-4a5c-b349-5af955627f30,kRaSnaI,463,2,2026-08-12T00:00:00+00:00,2026-08-19T00:00:00+00:00,22,453,376,0,22,ok,1.2047872340425532,normal,50.86580086580087
7620a1ae-c74b-4677-80c1-3e551c8c3fb7,PYREXX-,464,2,2026-08-12T00:00:00+00:00,2026-08-19T00:00:00+00:00,12,200,227,0,12,ok,0.8810572687224669,normal,4.112554112554113
2148ed19-15a3-4d2f-973e-4b7d6a29af6b,AI-Bagheera,465,2,2026-08-12T00:00:00+00:00,2026-08-19T00:00:00+00:00,8,90,111,0,8,ok,0.8108108108108109,normal,2.1645021645021645
a20678de-0c2d-4a9f-bf8e-3c856bceab45,b1t,466,2,2026-08-12T00:00:00+00:00,2026-08-19T00:00:00+00:00,4,66,57,0,4,ok,1.1578947368421053,normal,40.692640692640694
57bf2171-049e-46e6-8e16-131dcb92a415,avid-,467,2,2026-08-12T00:00:00+00:00,2026-08-19T00:00:00+00:00,11,222,190,0,11,ok,1.168421052631579,normal,42.42424242424242
43e675a8-d54e-42c4-b055-c0d2062bbf7e,YumsaN,468,2,2026-08-12T00:00:00+00:00,2026-08-19T00:00:00+00:00,3,54,47,0,3,ok,1.148936170212766,normal,39.82683982683983
b0ee1f18-598b-4f15-89d5-99b614cc93b0,Malkiss,469,2,2026-08-12T00:00:00+00:00,2026-08-19T00:00:00+00:00,3,44,25,0,3,ok,1.76,outlier_positivo,98.48484848484848
8a4b1c1b-7957-4b83-a18c-1dee110c4cfc,1nki7331,470,2,2026-08-12T00:00:00+00:00,2026-08-19T00:00:00+00:00,0,0,0,0,0,sem_partidas,,sem_partidas,
d9981652-0143-4c1f-9de5-7fed7f2315f5,k1ssly-,471,2,2026-08-12T00:00:00+00:00,2026-08-19T00:00:00+00:00,21,349,287,0,21,ok,1.21602787456446,normal,53.896103896103895
d6537a7f-eb98-449d-9f31-cada1d6b910d,wswavdghfwd,472,2,2026-08-12T00:00:00+00:00,2026-08-19T00:00:00+00:00,4,64,53,0,4,ok,1.2075471698113207,normal,51.515151515151516
2d83d2dc-abfd-490e-b05e-0019887cf33c,731MusorDrop,473,2,2026-08-12T00:00:00+00:00,2026-08-19T00:00:00+00:00,29,608,385,0,29,ok,1.5792207792207793,normal,95.67099567099568
da235764-ca50-4d23-b071-38e9bf44a39b,jv2k,474,2,2026-08-12T00:00:00+00:00,2026-08-19T00:00:00+00:00,9,149,132,0,9,ok,1.128787878787879,normal,35.064935064935064
f91a0186-c110-4c26-b82b-b77f885510a4,cheaterhs,475,2,2026-08-12T00:00:00+00:00,2026-08-19T00:00:00+00:00,14,184,217,0,14,ok,0.847926267281106,normal,3.2467532467532463
eda41a31-6cf9-49f9-9870-7b12bb0d9150,CASEKAICEDO,476,2,2026-08-12T00:00:00+00:00,2026-08-19T00:00:00+00:00,2,25,16,0,2,ok,1.5625,normal,94.8051948051948
d3f24072-38c0-44ac-9d8b-5dba72c47569,danil_potoke,477,2,2026-08-12T00:00:00+00:00,2026-08-19T00:00:00+00:00,22,397,291,0,22,ok,1.3642611683848798,normal,81.16883116883116
772edefc-9b9d-4e5b-b33e-2958eb6c38a7,H1jgnsh-_-,478,2,2026-08-12T00:00:00+00:00,2026-08-19T00:00:00+00:00,19,299,304,0,19,ok,0.9835526315789473,normal,10.38961038961039
1495e67c-8aa5-4e8a-9e24-7f17e5ea3049,PUPA-9,479,2,2026-08-12T00:00:00+00:00,2026-08-19T00:00:00+00:00,17,338,305,0,17,ok,1.1081967213114754,normal,29.004329004329005
ee612218-4533-4dbc-a8db-21192d8217b8,epeaj666,480,2,2026-08-12T00:00:00+00:00,2026-08-19T00:00:00+00:00,42,831,612,0,42,ok,1.357843137254902,normal,79.65367965367966
15371e7d-a30d-4b6a-80d8-d8ca1b8cbc43,stavnmagi,481,2,2026-08-12T00:00:00+00:00,2026-08-19T00:00:00+00:00,4,72,40,0,4,ok,1.8,outlier_positivo,98.91774891774891
fed5173b-cc64-4d2a-914f-84273a4eb392,deliciousSs,482,2,2026-08-12T00:00:00+00:00,2026-08-19T00:00:00+00:00,6,79,101,0,6,ok,0.7821782178217822,normal,1.5151515151515151
f140177f-6dec-4903-9bb6-598f1049e97f,her1tage111,483,2,2026-08-12T00:00:00+00:00,2026-08-19T00:00:00+00:00,7,158,111,0,7,ok,1.4234234234234233,normal,86.36363636363636
e35850f7-8043-4e71-9d3a-3748cb6dfdd7,Shoota-_-,484,2,2026-08-12T00:00:00+00:00,2026-08-19T00:00:00+00:00,25,429,376,0,25,ok,1.1409574468085106,normal,37.66233766233766
c46fe7d1-7623-4014-a63b-2e8bc3cbac62,262,485,2,2026-08-12T00:00:00+00:00,2026-08-19T00:00:00+00:00,60,1074,894,0,60,ok,1.2013422818791946,normal,50.0
defccfc4-ddf1-4aee-b441-51adf7306f37,m4d4ra666,486,2,2026-08-12T00:00:00+00:00,2026-08-19T00:00:00+00:00,52,817,777,0,52,ok,1.0514800514800515,normal,18.398268398268396
24a3d250-e64e-4212-9872-2f37997e3e5f,l4uvmaria,487,2,2026-08-12T00:00:00+00:00,2026-08-19T00:00:00+00:00,2,54,43,0,2,ok,1.255813953488372,normal,62.55411255411255
c6ab629f-9142-4edb-9cb9-a88d5b6ac7ef,Chr1zN,488,2,2026-08-12T00:00:00+00:00,2026-08-19T00:00:00+00:00,10,210,161,0,10,ok,1.3043478260869565,normal,70.34632034632034
30d65106-6fb6-4f84-8a7a-66c10df34b72,--SanDy,489,2,2026-08-12T00:00:00+00:00,2026-08-19T00:00:00+00:00,41,688,562,0,41,ok,1.2241992882562278,normal,55.84415584415584
f02fe0de-fda4-490e-8048-a33cd7a47b54,Jayy2s,490,2,2026-08-12T00:00:00+00:00,2026-08-19T00:00:00+00:00,23,404,360,0,23,ok,1.1222222222222222,normal,33.549783549783555
a29dccc8-5ea9-49be-a884-09b80706b010,fdghnsfdgb,491,2,2026-08-12T00:00:00+00:00,2026-08-19T00:00:00+00:00,13,222,191,0,13,ok,1.162303664921466,normal,41.55844155844156
75c35b01-719b-4d98-b110-e99a0369097a,whyalive999,492,2,2026-08-12T00:00:00+00:00,2026-08-19T00:00:00+00:00,3,52,36,0,3,ok,1.4444444444444444,normal,89.17748917748918
cab2a609-de2f-4023-a9c7-af89d5292c96,D0cC,493,2,2026-08-12T00:00:00+00:00,2026-08-19T00:00:00+00:00,17,320,263,0,17,ok,1.2167300380228137,normal,54.112554112554115
c8a2d8f4-c3d9-46dd-b779-e20940697c76,emiii-,494,2,2026-08-12T00:00:00+00:00,2026-08-19T00:00:00+00:00,31,469,469,0,31,ok,1.0,normal,12.554112554112553
3783cdb7-ad5b-4c10-ba0e-ba14df7f8403,-Blam1e,495,2,2026-08-12T00:00:00+00:00,2026-08-19T00:00:00+00:00,12,207,176,0,12,ok,1.1761363636363635,normal,44.37229437229438
f60f128f-693b-4be2-8d37-d8bf0ad519ec,faydett,496,2,2026-08-12T00:00:00+00:00,2026-08-19T00:00:00+00:00,9,157,133,0,9,ok,1.1804511278195489,normal,45.887445887445885
1bce43de-6944-4533-8402-4631f989c56c,kagiriiii,497,2,2026-08-12T00:00:00+00:00,2026-08-19T00:00:00+00:00,36,654,540,0,36,ok,1.211111111111111,normal,53.03030303030303
fa49d188-261a-4200-b10d-1c632dfeb87a,solb7,498,2,2026-08-12T00:00:00+00:00,2026-08-19T00:00:00+00:00,9,139,141,0,9,ok,0.9858156028368794,normal,10.822510822510822
cc4540db-0be4-43d7-869d-0a10573e8902,PleaseF1xMe,499,2,2026-08-12T00:00:00+00:00,2026-08-19T00:00:00+00:00,53,936,820,0,53,ok,1.1414634146341462,normal,37.878787878787875
b89b63c3-72b3-4f94-ad9f-8f1cede7e874,edgyS,500,2,2026-08-12T00:00:00+00:00,2026-08-19T00:00:00+00:00,13,245,190,0,13,ok,1.2894736842105263,normal,67.31601731601732
e5e8e2a6-d716-4493-b949-e16965f41654,donk666,1,3,2026-08-19T00:00:00+00:00,2026-08-26T00:00:00+00:00,5,103,89,0,5,ok,1.1573033707865168,normal,40.81196581196581
33c4e3c7-5428-46f2-bc0f-3fbdce907873,abiraju,2,3,2026-08-19T00:00:00+00:00,2026-08-26T00:00:00+00:00,6,102,95,0,6,ok,1.0736842105263158,normal,22.00854700854701
74df0e6b-5b41-42d7-93b4-05dc78b9a699,dem0nnnnnnnn,3,3,2026-08-19T00:00:00+00:00,2026-08-26T00:00:00+00:00,15,267,200,0,15,ok,1.335,normal,78.41880341880342
5c96af4a-20e7-40dc-b91b-551803b6170a,1prince1,4,3,2026-08-19T00:00:00+00:00,2026-08-26T00:00:00+00:00,36,708,507,0,36,ok,1.3964497041420119,normal,85.04273504273505
e5b855bd-3dbc-4928-a216-241d615b431b,nipl,5,3,2026-08-19T00:00:00+00:00,2026-08-26T00:00:00+00:00,37,739,550,0,37,ok,1.3436363636363637,normal,79.05982905982906
34f9fcd0-4f1f-4693-bd96-c2e29df992e5,bluewh1te,6,3,2026-08-19T00:00:00+00:00,2026-08-26T00:00:00+00:00,27,480,395,0,27,ok,1.2151898734177216,normal,54.27350427350427
64000660-f2d2-4c9b-8e29-6ad5ec2b49cf,CEMEN_BAKIN,7,3,2026-08-19T00:00:00+00:00,2026-08-26T00:00:00+00:00,24,600,382,0,24,ok,1.5706806282722514,normal,96.15384615384616
463b9403-9b63-4408-a962-d9452385af4d,z1Nny,8,3,2026-08-19T00:00:00+00:00,2026-08-26T00:00:00+00:00,11,195,134,0,11,ok,1.455223880597015,normal,89.95726495726495
be994de3-89c8-4d40-9286-c14035208743,-SYPH0,9,3,2026-08-19T00:00:00+00:00,2026-08-26T00:00:00+00:00,18,358,293,0,18,ok,1.2218430034129693,normal,55.55555555555556
2f5f6b1e-9705-45e8-9065-233680b8f4b8,synyx--,10,3,2026-08-19T00:00:00+00:00,2026-08-26T00:00:00+00:00,14,247,216,0,14,ok,1.1435185185185186,normal,37.82051282051282
ae86bf74-eeda-444f-8db4-a4703a74fc95,1769-,11,3,2026-08-19T00:00:00+00:00,2026-08-26T00:00:00+00:00,42,876,581,0,42,ok,1.5077452667814113,normal,92.94871794871796
10b5e974-6308-46ba-8968-0d8b2f5e5c04,U10m3k,12,3,2026-08-19T00:00:00+00:00,2026-08-26T00:00:00+00:00,10,192,157,0,10,ok,1.2229299363057324,normal,55.98290598290598
7034bcab-8503-4615-b216-ba9f05c0ae13,adamb1,13,3,2026-08-19T00:00:00+00:00,2026-08-26T00:00:00+00:00,19,398,313,0,19,ok,1.2715654952076678,normal,67.94871794871796
ca1a7e52-32d3-4330-9c4d-c6d91c7e1eca,kumao,14,3,2026-08-19T00:00:00+00:00,2026-08-26T00:00:00+00:00,30,516,425,0,30,ok,1.2141176470588235,normal,53.84615384615385
ba9547a0-c1de-40d7-92be-17dc224c2aec,Ex1st---,15,3,2026-08-19T00:00:00+00:00,2026-08-26T00:00:00+00:00,22,417,360,0,22,ok,1.1583333333333334,normal,41.02564102564102
300012ab-d5be-4271-96be-e2ac66a8f4d4,tried,16,3,2026-08-19T00:00:00+00:00,2026-08-26T00:00:00+00:00,31,645,458,0,31,ok,1.408296943231441,normal,86.32478632478633
b0bf2cc2-198a-4a78-988d-2e7ff7ee6815,Magnojezzz,17,3,2026-08-19T00:00:00+00:00,2026-08-26T00:00:00+00:00,19,320,263,0,19,ok,1.2167300380228137,normal,54.700854700854705
a1d1b853-0d85-437f-9e21-2e9dea4976f5,kRaSnaL,18,3,2026-08-19T00:00:00+00:00,2026-08-26T00:00:00+00:00,76,1407,1320,0,76,ok,1.065909090909091,normal,21.581196581196583
2ee20933-e330-4879-8eed-0eda12f63b60,Ryujin,19,3,2026-08-19T00:00:00+00:00,2026-08-26T00:00:00+00:00,40,756,588,0,40,ok,1.2857142857142858,normal,69.23076923076923
7cfd2312-1ff0-434c-a4b1-be10b033636f,xKacpersky,20,3,2026-08-19T00:00:00+00:00,2026-08-26T00:00:00+00:00,27,497,429,0,27,ok,1.1585081585081585,normal,41.23931623931624
dfe2650b-74ec-419f-8308-cbedfba7eae5,D9D9VOLODYA,21,3,2026-08-19T00:00:00+00:00,2026-08-26T00:00:00+00:00,40,746,594,0,40,ok,1.2558922558922558,normal,64.74358974358975
512e4ffc-1edf-4f6b-819c-8d15498267b1,tronic,22,3,2026-08-19T00:00:00+00:00,2026-08-26T00:00:00+00:00,17,358,245,0,17,ok,1.4612244897959183,normal,90.5982905982906
f0b0bbdb-af3d-4ad2-a509-9d75e472a558,sakha,23,3,2026-08-19T00:00:00+00:00,2026-08-26T00:00:00+00:00,55,963,805,0,55,ok,1.196273291925466,normal,50.0
d3b48a63-5d9d-4db7-ab3f-1dc325b0fc34,mazay,24,3,2026-08-19T00:00:00+00:00,2026-08-26T00:00:00+00:00,9,141,134,0,9,ok,1.0522388059701493,normal,20.51282051282051
2ce03e2d-72bd-45d8-872c-dfdefd172e72,nbl-,25,3,2026-08-19T00:00:00+00:00,2026-08-26T00:00:00+00:00,26,509,375,0,26,ok,1.3573333333333333,normal,80.55555555555556
14ade289-8e06-4e85-be76-7ffc51426cae,SquEzxc,26,3,2026-08-19T00:00:00+00:00,2026-08-26T00:00:00+00:00,7,148,107,0,7,ok,1.3831775700934579,normal,83.11965811965813
3b04032f-fa9d-4f8d-9cb5-a2481c51d4bd,Kopol9HEybuT,27,3,2026-08-19T00:00:00+00:00,2026-08-26T00:00:00+00:00,14,247,159,0,14,ok,1.5534591194968554,normal,95.51282051282051
ac784f9e-2975-4e9d-b3bc-f2b4a2e8c83b,trd73,28,3,2026-08-19T00:00:00+00:00,2026-08-26T00:00:00+00:00,26,486,428,0,26,ok,1.1355140186915889,normal,35.04273504273504
ac852ba6-6bcd-48f4-a216-1fbe64aeb6a5,mag1k3Y,29,3,2026-08-19T00:00:00+00:00,2026-08-26T00:00:00+00:00,21,371,332,0,21,ok,1.1174698795180722,normal,30.555555555555557
58dabfcf-c6d3-4a31-bb0e-9c95ff9c891b,whyhurt,30,3,2026-08-19T00:00:00+00:00,2026-08-26T00:00:00+00:00,25,454,394,0,25,ok,1.1522842639593909,normal,39.52991452991453
3f31fb51-5179-4d2a-871f-831c46d51e5b,rifler,31,3,2026-08-19T00:00:00+00:00,2026-08-26T00:00:00+00:00,11,175,151,0,11,ok,1.1589403973509933,normal,41.452991452991455
821d2f75-a314-48d7-8a90-5d2f152e761a,em0k1d,32,3,2026-08-19T00:00:00+00:00,2026-08-26T00:00:00+00:00,14,227,185,0,14,ok,1.227027027027027,normal,56.41025641025641
8f151c97-d096-40f1-b3ae-3afaaca644bb,hARNgAdd--,33,3,2026-08-19T00:00:00+00:00,2026-08-26T00:00:00+00:00,42,783,604,0,42,ok,1.2963576158940397,normal,71.58119658119658
e942341f-24df-45d9-ac6d-9817cfa6ad0b,frontales,34,3,2026-08-19T00:00:00+00:00,2026-08-26T00:00:00+00:00,5,93,57,0,5,ok,1.631578947368421,normal,97.00854700854701
09013eac-138e-47ca-a38f-2ba9021c975f,flouzer,35,3,2026-08-19T00:00:00+00:00,2026-08-26T00:00:00+00:00,30,586,475,1,31,dados_incompletos,,dados_incompletos,
f7320c44-0f99-4c4c-a56c-f83efb346eb8,fudzhy,36,3,2026-08-19T00:00:00+00:00,2026-08-26T00:00:00+00:00,21,441,343,0,21,ok,1.2857142857142858,normal,69.23076923076923
5f766d86-a43a-463c-8673-b4b3d8889631,tokyoshi,37,3,2026-08-19T00:00:00+00:00,2026-08-26T00:00:00+00:00,40,682,551,0,40,ok,1.2377495462794919,normal,59.61538461538461
89aee03d-1762-4b48-99b9-61ff5827dd3f,KAD1M,38,3,2026-08-19T00:00:00+00:00,2026-08-26T00:00:00+00:00,16,319,225,0,16,ok,1.4177777777777778,normal,87.6068376068376
16535c6a-fbce-4485-b5b8-fab4340b707e,b1st-,39,3,2026-08-19T00:00:00+00:00,2026-08-26T00:00:00+00:00,24,429,344,0,24,ok,1.247093023255814,normal,62.39316239316239
3ecdb88c-0a97-457f-a130-d0782176f94d,FenomeN--,40,3,2026-08-19T00:00:00+00:00,2026-08-26T00:00:00+00:00,4,94,56,0,4,ok,1.6785714285714286,outlier_positivo,98.07692307692307
31cf2b21-6afc-4bac-a36f-40cebaa6f862,cartilag,41,3,2026-08-19T00:00:00+00:00,2026-08-26T00:00:00+00:00,13,293,208,0,13,ok,1.4086538461538463,normal,86.53846153846155
7c15da7f-39d6-4f8d-b237-ddcc58d0751b,hey666,42,3,2026-08-19T00:00:00+00:00,2026-08-26T00:00:00+00:00,46,865,712,0,46,ok,1.2148876404494382,normal,54.059829059829056
4b6a67fe-50fb-462d-9940-568d8ebd3f83,0SAMAS,43,3,2026-08-19T00:00:00+00:00,2026-08-26T00:00:00+00:00,14,296,209,0,14,ok,1.4162679425837321,normal,87.17948717948718
18842687-3e2e-45fc-a146-0cc8d4d398e9,ayuki222,44,3,2026-08-19T00:00:00+00:00,2026-08-26T00:00:00+00:00,4,97,62,0,4,ok,1.564516129032258,normal,95.94017094017094
e1c59162-b1e7-48c6-9831-eff3170045af,Tri-Borgg1,45,3,2026-08-19T00:00:00+00:00,2026-08-26T00:00:00+00:00,39,679,582,0,39,ok,1.1666666666666667,normal,42.94871794871795
24f68939-d90a-4e47-8e43-7e5137c86f48,stressarN,46,3,2026-08-19T00:00:00+00:00,2026-08-26T00:00:00+00:00,20,370,312,0,20,ok,1.185897435897436,normal,48.29059829059829
bf4c5d97-d8c0-4d0f-bdf3-26066898a7b9,777thienlao,47,3,2026-08-19T00:00:00+00:00,2026-08-26T00:00:00+00:00,30,523,466,0,30,ok,1.1223175965665235,normal,31.196581196581196
4df4d439-0a99-470c-9c36-83b9405a2640,Pump-,48,3,2026-08-19T00:00:00+00:00,2026-08-26T00:00:00+00:00,8,159,117,0,8,ok,1.358974358974359,normal,80.76923076923077
2d2af39e-de80-4670-91da-3a5f7c4a6d32,alkarenn56,49,3,2026-08-19T00:00:00+00:00,2026-08-26T00:00:00+00:00,4,70,57,0,4,ok,1.2280701754385965,normal,57.05128205128205
898780b2-bf70-4c28-8e0d-b9600be8397e,zweih1221,50,3,2026-08-19T00:00:00+00:00,2026-08-26T00:00:00+00:00,21,388,289,0,21,ok,1.342560553633218,normal,78.84615384615384
009623b1-dd6e-4551-959e-990a21657f93,Mzinho,51,3,2026-08-19T00:00:00+00:00,2026-08-26T00:00:00+00:00,26,479,389,0,26,ok,1.231362467866324,normal,58.333333333333336
ee98a960-c028-4fc6-a62f-af6244e6226e,SiKO-_,52,3,2026-08-19T00:00:00+00:00,2026-08-26T00:00:00+00:00,4,65,46,0,4,ok,1.4130434782608696,normal,86.96581196581197
a280ed8a-3e2b-4305-8e71-fb4c9cc7fa98,kl1m--,53,3,2026-08-19T00:00:00+00:00,2026-08-26T00:00:00+00:00,30,600,412,0,30,ok,1.4563106796116505,normal,90.17094017094017
d9e2a538-9722-4d1c-9925-958f849de1ea,NertZ,54,3,2026-08-19T00:00:00+00:00,2026-08-26T00:00:00+00:00,25,522,385,0,25,ok,1.3558441558441559,normal,80.34188034188034
553eaffc-58b4-4534-8310-cc19b37f72de,lattykk,55,3,2026-08-19T00:00:00+00:00,2026-08-26T00:00:00+00:00,5,94,63,0,5,ok,1.492063492063492,normal,92.09401709401709
c5c1fd40-16a4-4a4f-81ff-b21839a9353b,-FpSSSSSSSSS,56,3,2026-08-19T00:00:00+00:00,2026-08-26T00:00:00+00:00,17,359,218,0,17,ok,1.646788990825688,normal,97.43589743589743
840ac5b1-cf1e-4e54-aa54-fbb11bffd146,Kingway0,57,3,2026-08-19T00:00:00+00:00,2026-08-26T00:00:00+00:00,34,617,561,0,34,ok,1.0998217468805704,normal,26.495726495726498
dbba8660-90d5-432e-8eda-5e766ae13d23,top1sacer,58,3,2026-08-19T00:00:00+00:00,2026-08-26T00:00:00+00:00,54,927,882,0,54,ok,1.0510204081632653,normal,19.871794871794872
2864bdaf-21ab-4757-bab6-3262bec18ec5,ooh,59,3,2026-08-19T00:00:00+00:00,2026-08-26T00:00:00+00:00,17,273,221,0,17,ok,1.2352941176470589,normal,58.97435897435898
b9124784-0b46-4279-b95a-9e6c0a3701c6,rokilan,60,3,2026-08-19T00:00:00+00:00,2026-08-26T00:00:00+00:00,42,732,596,0,42,ok,1.2281879194630871,normal,57.47863247863248
d5f8380b-673c-4d53-8bbb-d537131ae2cf,Keksimage,61,3,2026-08-19T00:00:00+00:00,2026-08-26T00:00:00+00:00,15,242,215,0,15,ok,1.1255813953488372,normal,32.26495726495727
7657e31e-7356-4b24-9930-140c13afda49,Donii,62,3,2026-08-19T00:00:00+00:00,2026-08-26T00:00:00+00:00,38,703,557,0,38,ok,1.2621184919210053,normal,65.38461538461539
86ff5145-8f7f-49f2-b971-c9945f696e71,rendysky,63,3,2026-08-19T00:00:00+00:00,2026-08-26T00:00:00+00:00,11,221,166,0,11,ok,1.3313253012048192,normal,77.13675213675214
39bcd70b-01c9-439a-b1ef-029c92ec42ce,M1key-,64,3,2026-08-19T00:00:00+00:00,2026-08-26T00:00:00+00:00,17,291,261,0,17,ok,1.1149425287356323,normal,29.700854700854702
b3df676a-ce32-4229-8144-9329bb7a247b,dement3r-,65,3,2026-08-19T00:00:00+00:00,2026-08-26T00:00:00+00:00,17,310,255,0,17,ok,1.2156862745098038,normal,54.48717948717948
0372e659-5677-4481-aff7-496d2596e5cf,m3wsu,66,3,2026-08-19T00:00:00+00:00,2026-08-26T00:00:00+00:00,26,492,362,0,26,ok,1.3591160220994476,normal,80.98290598290599
e767b78c-8a2d-4bee-b65c-766dd8bab560,gooddeph-7-,67,3,2026-08-19T00:00:00+00:00,2026-08-26T00:00:00+00:00,3,70,45,0,3,ok,1.5555555555555556,normal,95.72649572649573
c93012d6-5e6e-4b84-b39f-b7d4cadfa75c,OGbrigada77,68,3,2026-08-19T00:00:00+00:00,2026-08-26T00:00:00+00:00,13,268,191,0,13,ok,1.4031413612565444,normal,85.8974358974359
b5ecf6b6-0ad9-4976-9f6a-92470ea1c92d,FAZERY,69,3,2026-08-19T00:00:00+00:00,2026-08-26T00:00:00+00:00,21,358,322,0,21,ok,1.1118012422360248,normal,28.846153846153843
4513b098-01b1-4bb5-aa89-8bfaa5ad92d1,k0gaSs,70,3,2026-08-19T00:00:00+00:00,2026-08-26T00:00:00+00:00,30,556,473,0,30,ok,1.175475687103594,normal,45.2991452991453
75d9c4f8-7cef-4f19-9dd5-500ef0a5b9f0,thecursed-,71,3,2026-08-19T00:00:00+00:00,2026-08-26T00:00:00+00:00,16,308,263,0,16,ok,1.1711026615969582,normal,43.8034188034188
e64f169f-cf2f-47f1-aa84-0b04a9566c53,sqw--,72,3,2026-08-19T00:00:00+00:00,2026-08-26T00:00:00+00:00,15,233,265,0,15,ok,0.879245283018868,normal,2.3504273504273505
c11367d0-bbdd-4398-9a32-858ac23bf950,Maarkoos,73,3,2026-08-19T00:00:00+00:00,2026-08-26T00:00:00+00:00,35,638,536,0,35,ok,1.1902985074626866,normal,48.717948717948715
f2dea182-d1b6-42eb-a95c-909604817c12,idifuxa,74,3,2026-08-19T00:00:00+00:00,2026-08-26T00:00:00+00:00,1,15,17,0,1,ok,0.8823529411764706,normal,2.564102564102564
10735fa0-ab32-4b53-9725-f2f6ce9090de,youka,75,3,2026-08-19T00:00:00+00:00,2026-08-26T00:00:00+00:00,27,534,381,0,27,ok,1.4015748031496063,normal,85.68376068376068
b3eca94a-e203-49b3-beeb-d994f6a4df63,--Mokuj1n,76,3,2026-08-19T00:00:00+00:00,2026-08-26T00:00:00+00:00,12,214,169,0,12,ok,1.2662721893491125,normal,66.88034188034187
3ae0a945-fef4-4738-b6b9-7b3b5db7f249,PR--,77,3,2026-08-19T00:00:00+00:00,2026-08-26T00:00:00+00:00,5,90,62,0,5,ok,1.4516129032258065,normal,89.52991452991454
e8d95f8f-ecb3-4bd2-9dd0-28da03c253f0,brutmonster,78,3,2026-08-19T00:00:00+00:00,2026-08-26T00:00:00+00:00,22,379,302,0,22,ok,1.2549668874172186,normal,64.52991452991454
560a0af8-5fcd-46fb-ace8-7a89ce987b27,dezl3bio,79,3,2026-08-19T00:00:00+00:00,2026-08-26T00:00:00+00:00,22,472,332,0,22,ok,1.4216867469879517,normal,87.82051282051282
93306681-bce6-4369-8c41-e0bdba2597ed,m0NESY,80,3,2026-08-19T00:00:00+00:00,2026-08-26T00:00:00+00:00,5,114,75,0,5,ok,1.52,normal,93.58974358974359
cb38b461-9ead-4683-9406-237263c331db,slaxejezzz,81,3,2026-08-19T00:00:00+00:00,2026-08-26T00:00:00+00:00,4,97,57,0,4,ok,1.7017543859649122,outlier_positivo,98.29059829059828
f45986f7-7618-485e-a9ff-ee3e629589cc,MaSvAl,82,3,2026-08-19T00:00:00+00:00,2026-08-26T00:00:00+00:00,9,196,120,0,9,ok,1.6333333333333333,normal,97.22222222222221
860eb93d-a963-418c-9e2c-69d39f270eb3,Krabeni,83,3,2026-08-19T00:00:00+00:00,2026-08-26T00:00:00+00:00,12,206,217,0,12,ok,0.9493087557603687,normal,5.982905982905983
657680fd-36af-4fa3-a506-8e1f6e64a1ff,kensizor,84,3,2026-08-19T00:00:00+00:00,2026-08-26T00:00:00+00:00,21,439,329,0,21,ok,1.3343465045592706,normal,78.2051282051282
00beb86f-d29e-4f4f-ad7c-580d9b1434b4,es0r7,85,3,2026-08-19T00:00:00+00:00,2026-08-26T00:00:00+00:00,10,140,157,0,10,ok,0.89171974522293,normal,2.9914529914529915
70afdb5a-9362-4aa9-bfcd-2e10e6447293,heavensent,86,3,2026-08-19T00:00:00+00:00,2026-08-26T00:00:00+00:00,15,248,199,0,15,ok,1.2462311557788945,normal,62.17948717948718
1a4ed498-cee4-44e7-8fee-ce1ecba7647c,executor,87,3,2026-08-19T00:00:00+00:00,2026-08-26T00:00:00+00:00,9,191,119,0,9,ok,1.6050420168067228,normal,96.58119658119658
ff5a0714-0b89-4646-a6b3-34fc571913ff,Dyshbert,88,3,2026-08-19T00:00:00+00:00,2026-08-26T00:00:00+00:00,31,587,504,0,31,ok,1.1646825396825398,normal,42.30769230769231
f2ed130e-93c9-46c9-8f93-377b18a43007,m4tthiXD,89,3,2026-08-19T00:00:00+00:00,2026-08-26T00:00:00+00:00,22,438,328,0,22,ok,1.3353658536585367,normal,78.63247863247864
f2fe1b0a-5106-4943-a66e-61e9dad480e4,shen,90,3,2026-08-19T00:00:00+00:00,2026-08-26T00:00:00+00:00,25,377,364,0,25,ok,1.0357142857142858,normal,17.094017094017094
2d746c13-16de-48bf-a8a2-b7a0341aa66d,day0sTV,91,3,2026-08-19T00:00:00+00:00,2026-08-26T00:00:00+00:00,36,610,554,0,36,ok,1.1010830324909748,normal,27.350427350427353
9ba15dee-7a51-4524-a502-5161dbf1a604,Kiryasoo,92,3,2026-08-19T00:00:00+00:00,2026-08-26T00:00:00+00:00,32,664,458,0,32,ok,1.4497816593886463,normal,89.31623931623932
981a95bd-ff59-4ead-80ca-55cd3a3034ba,bl1x1,93,3,2026-08-19T00:00:00+00:00,2026-08-26T00:00:00+00:00,27,432,345,0,27,ok,1.2521739130434784,normal,64.1025641025641
07a67e4b-d42c-4352-802c-56f3d8a0c357,skept1K,94,3,2026-08-19T00:00:00+00:00,2026-08-26T00:00:00+00:00,10,179,141,0,10,ok,1.2695035460992907,normal,67.09401709401709
fb1af1d5-eee3-46e3-9939-01df9420b9d6,xelex,95,3,2026-08-19T00:00:00+00:00,2026-08-26T00:00:00+00:00,12,199,151,0,12,ok,1.3178807947019868,normal,75.64102564102564
f021a295-77ea-4eb4-a86d-f5de0fbae819,-k9ppy,96,3,2026-08-19T00:00:00+00:00,2026-08-26T00:00:00+00:00,40,803,623,0,40,ok,1.28892455858748,normal,69.87179487179486
3debc071-8e59-4823-86ab-ed3996ecc200,aMPYLS0N,97,3,2026-08-19T00:00:00+00:00,2026-08-26T00:00:00+00:00,37,602,629,0,37,ok,0.9570747217806042,normal,7.051282051282051
7dbf107a-1199-4932-823e-e38ccc46288e,MaiL09,98,3,2026-08-19T00:00:00+00:00,2026-08-26T00:00:00+00:00,23,379,307,0,23,ok,1.234527687296417,normal,58.54700854700855
bd0c2058-84d7-42a7-9e52-d42caa1bcc47,Djon8,99,3,2026-08-19T00:00:00+00:00,2026-08-26T00:00:00+00:00,2,52,34,0,2,ok,1.5294117647058822,normal,94.44444444444444
72e06938-b0cd-43d3-90d7-7db513dcfa0f,la3euka,100,3,2026-08-19T00:00:00+00:00,2026-08-26T00:00:00+00:00,39,696,556,0,39,ok,1.2517985611510791,normal,63.888888888888886
9fd59dc3-fcff-4a13-a40b-52fe7391020b,headmashin1e,101,3,2026-08-19T00:00:00+00:00,2026-08-26T00:00:00+00:00,17,288,249,0,17,ok,1.1566265060240963,normal,40.598290598290596
df7166cf-725c-4438-94a8-069e6df31a56,adex_-,102,3,2026-08-19T00:00:00+00:00,2026-08-26T00:00:00+00:00,25,511,393,0,25,ok,1.3002544529262086,normal,72.00854700854701
ad239f19-d904-4771-8e6b-5a6c071bb94c,tO0RO,103,3,2026-08-19T00:00:00+00:00,2026-08-26T00:00:00+00:00,17,256,233,0,17,ok,1.0987124463519313,normal,26.282051282051285
b16878a2-01c6-4d99-8a2e-7a9bc32a83a5,t3ns1on,104,3,2026-08-19T00:00:00+00:00,2026-08-26T00:00:00+00:00,32,667,449,0,32,ok,1.4855233853006682,normal,91.66666666666666
d649f36b-8ea1-4f0b-b326-a631f8508938,-Kunai,105,3,2026-08-19T00:00:00+00:00,2026-08-26T00:00:00+00:00,31,585,462,0,31,ok,1.2662337662337662,normal,66.66666666666666
dca638b9-fd2d-40eb-b7c6-c853242618d0,iRV1NG,106,3,2026-08-19T00:00:00+00:00,2026-08-26T00:00:00+00:00,15,298,246,0,15,ok,1.2113821138211383,normal,52.991452991452995
d413e287-2af5-49cc-a95c-8825702fa233,seximanjak,107,3,2026-08-19T00:00:00+00:00,2026-08-26T00:00:00+00:00,28,557,427,0,28,ok,1.3044496487119437,normal,72.86324786324786
1e01229f-b0d8-4cb1-82f0-6fd7dc362990,Qlocuu,108,3,2026-08-19T00:00:00+00:00,2026-08-26T00:00:00+00:00,11,218,169,0,11,ok,1.2899408284023668,normal,70.51282051282051
e8efe2d2-a8a7-428f-87b3-d2b3c29e0e5f,Anlelele,109,3,2026-08-19T00:00:00+00:00,2026-08-26T00:00:00+00:00,15,243,212,0,15,ok,1.1462264150943395,normal,38.46153846153847
5ef454c3-1ff3-4a9d-a2df-097cbcb911a3,ayanokojii,110,3,2026-08-19T00:00:00+00:00,2026-08-26T00:00:00+00:00,45,853,648,0,45,ok,1.316358024691358,normal,75.21367521367522
329c6a46-4acf-404a-8a29-fd391e6a88de,-kRyTouS,111,3,2026-08-19T00:00:00+00:00,2026-08-26T00:00:00+00:00,8,156,121,0,8,ok,1.2892561983471074,normal,70.2991452991453
2f96ef6e-c6f9-4c55-bee9-c49798801fd4,puuha,112,3,2026-08-19T00:00:00+00:00,2026-08-26T00:00:00+00:00,23,402,352,0,23,ok,1.1420454545454546,normal,37.17948717948718
085e0f56-1417-48df-b9f8-2279c8756854,musordrop853,113,3,2026-08-19T00:00:00+00:00,2026-08-26T00:00:00+00:00,20,352,340,0,20,ok,1.035294117647059,normal,16.666666666666664
dcc5bb48-c74c-413e-9773-20d3294dcbb0,MoDo,114,3,2026-08-19T00:00:00+00:00,2026-08-26T00:00:00+00:00,15,289,208,0,15,ok,1.3894230769230769,normal,83.76068376068376
c84f9dbb-69e3-4d31-a283-21516bfe9a3d,Cliqq,115,3,2026-08-19T00:00:00+00:00,2026-08-26T00:00:00+00:00,4,92,71,0,4,ok,1.295774647887324,normal,71.15384615384616
559a164d-93d6-4197-a902-f9cd92ee65ff,ketsuo,116,3,2026-08-19T00:00:00+00:00,2026-08-26T00:00:00+00:00,28,455,377,0,28,ok,1.206896551724138,normal,52.56410256410257
7ea66ae5-c99f-4846-8fc2-cd6e03a5559f,kurosa,117,3,2026-08-19T00:00:00+00:00,2026-08-26T00:00:00+00:00,18,336,242,0,18,ok,1.3884297520661157,normal,83.33333333333334
b6daa950-11e5-4f51-b58e-b4e01e112500,sirah,118,3,2026-08-19T00:00:00+00:00,2026-08-26T00:00:00+00:00,19,348,295,0,19,ok,1.1796610169491526,normal,46.36752136752137
64696280-3883-4ef0-ad27-4b5748dd0985,ICY--,119,3,2026-08-19T00:00:00+00:00,2026-08-26T00:00:00+00:00,14,278,202,0,14,ok,1.3762376237623761,normal,82.6923076923077
55c8eb63-6051-4e71-a95a-711a47b5cef0,Beccie,120,3,2026-08-19T00:00:00+00:00,2026-08-26T00:00:00+00:00,20,333,268,0,20,ok,1.242537313432836,normal,61.111111111111114
60aa5adc-ce7d-488c-a52b-20d69663177f,bleedmagneto,121,3,2026-08-19T00:00:00+00:00,2026-08-26T00:00:00+00:00,20,451,364,0,20,ok,1.239010989010989,normal,59.82905982905983
74f9240e-fe24-4aac-aa37-53b2b5e804d8,-Staehr-,122,3,2026-08-19T00:00:00+00:00,2026-08-26T00:00:00+00:00,10,190,159,0,10,ok,1.1949685534591195,normal,49.358974358974365
21046047-4026-4689-8f01-dc5d6588f120,halfjix,123,3,2026-08-19T00:00:00+00:00,2026-08-26T00:00:00+00:00,11,239,187,0,11,ok,1.2780748663101604,normal,68.58974358974359
39056d07-cdc5-4613-906d-e900a1f781a2,-xTRAVIS,124,3,2026-08-19T00:00:00+00:00,2026-08-26T00:00:00+00:00,0,0,0,0,0,sem_partidas,,sem_partidas,
790ce1ad-38e3-4a45-b44a-5d33658102e6,qw1nk1,125,3,2026-08-19T00:00:00+00:00,2026-08-26T00:00:00+00:00,14,278,213,0,14,ok,1.3051643192488263,normal,73.29059829059828
cd6867e2-cc11-4456-a649-ca87609f56eb,bodygu4rdd,126,3,2026-08-19T00:00:00+00:00,2026-08-26T00:00:00+00:00,19,277,281,0,19,ok,0.9857651245551602,normal,10.897435897435898
4d6756dc-387a-499c-89ad-d7bc558c4c95,bobeksde,127,3,2026-08-19T00:00:00+00:00,2026-08-26T00:00:00+00:00,34,664,523,0,34,ok,1.2695984703632888,normal,67.3076923076923
414273a0-38f0-4680-9f85-204aa8649c3a,premtroll,128,3,2026-08-19T00:00:00+00:00,2026-08-26T00:00:00+00:00,12,210,149,0,12,ok,1.4093959731543624,normal,86.75213675213675
3f6dc8a5-1881-4955-b78c-573f57f3646f,h21f,129,3,2026-08-19T00:00:00+00:00,2026-08-26T00:00:00+00:00,13,250,192,0,13,ok,1.3020833333333333,normal,72.22222222222221
3af5d1af-75db-4cc2-aa8b-76b1f1b76af8,xEternaLxx,130,3,2026-08-19T00:00:00+00:00,2026-08-26T00:00:00+00:00,29,540,476,0,29,ok,1.134453781512605,normal,34.61538461538461
c71b99ef-1147-4529-b0df-ebe1d743c04b,amaterasu27,131,3,2026-08-19T00:00:00+00:00,2026-08-26T00:00:00+00:00,26,429,364,0,26,ok,1.1785714285714286,normal,45.72649572649573
4af7ce32-5534-4bca-9a8e-1d3b3ecb9585,Netrix,132,3,2026-08-19T00:00:00+00:00,2026-08-26T00:00:00+00:00,17,301,271,0,17,ok,1.1107011070110702,normal,28.205128205128204
74331d2e-c318-43aa-9b4d-106b209412ac,91914,133,3,2026-08-19T00:00:00+00:00,2026-08-26T00:00:00+00:00,12,176,205,0,12,ok,0.8585365853658536,normal,1.7094017094017095
f67e6116-a332-4414-be60-fb4cc06da41c,11chigiri,134,3,2026-08-19T00:00:00+00:00,2026-08-26T00:00:00+00:00,44,879,743,0,44,ok,1.1830417227456258,normal,47.22222222222222
ab74ab79-36ce-4c44-a09d-453006dcf9e1,awks,135,3,2026-08-19T00:00:00+00:00,2026-08-26T00:00:00+00:00,28,486,425,0,28,ok,1.143529411764706,normal,38.034188034188034
0c938952-475b-4689-ad04-60100e76ef81,r1pa4-,136,3,2026-08-19T00:00:00+00:00,2026-08-26T00:00:00+00:00,13,176,222,0,13,ok,0.7927927927927928,normal,0.4273504273504274
be2af9a3-ef6d-428c-b8f4-6921d6275638,wetfy,137,3,2026-08-19T00:00:00+00:00,2026-08-26T00:00:00+00:00,22,362,321,0,22,ok,1.1277258566978192,normal,33.33333333333333
826a8c4b-9b0f-403e-8bc8-11295ff894ff,28ddeiv,138,3,2026-08-19T00:00:00+00:00,2026-08-26T00:00:00+00:00,7,146,107,0,7,ok,1.3644859813084111,normal,81.62393162393163
33268a14-c768-41f4-819e-cec913a99b82,seberya,139,3,2026-08-19T00:00:00+00:00,2026-08-26T00:00:00+00:00,26,544,384,0,26,ok,1.4166666666666667,normal,87.3931623931624
36f96e7b-6bf3-48b1-8f1a-cd35aee83702,sSen,140,3,2026-08-19T00:00:00+00:00,2026-08-26T00:00:00+00:00,1,7,14,0,1,ok,0.5,outlier_negativo,0.2136752136752137
d9168434-7466-43ed-9a8c-f883d953d77d,SnexLy,141,3,2026-08-19T00:00:00+00:00,2026-08-26T00:00:00+00:00,38,690,528,0,38,ok,1.3068181818181819,normal,74.14529914529915
ee99d9a7-d14b-4642-9731-0890b63be81e,1suzu,142,3,2026-08-19T00:00:00+00:00,2026-08-26T00:00:00+00:00,12,203,205,0,12,ok,0.9902439024390244,normal,11.11111111111111
bae31a43-7767-4d7a-be80-429992f78ec0,cronuss,143,3,2026-08-19T00:00:00+00:00,2026-08-26T00:00:00+00:00,23,454,371,0,23,ok,1.2237196765498652,normal,56.1965811965812
e326eb2d-4e3e-4ebe-a34d-4a07def33893,adamS,144,3,2026-08-19T00:00:00+00:00,2026-08-26T00:00:00+00:00,28,488,413,0,28,ok,1.181598062953995,normal,47.008547008547005
f858b6d9-5717-4335-8d4d-166a9fc305bc,Mride,145,3,2026-08-19T00:00:00+00:00,2026-08-26T00:00:00+00:00,36,570,543,0,36,ok,1.0497237569060773,normal,19.444444444444446
591e26a3-eb86-4d4c-afa8-b5754455dc03,w0nderful,146,3,2026-08-19T00:00:00+00:00,2026-08-26T00:00:00+00:00,11,219,125,0,11,ok,1.752,outlier_positivo,99.14529914529915
b0f7ff0c-5051-4826-9dd4-b7e0219de821,fakerealityy,147,3,2026-08-19T00:00:00+00:00,2026-08-26T00:00:00+00:00,18,347,317,0,18,ok,1.0946372239747635,normal,25.64102564102564
7a51f50f-6fdd-4fe8-9c30-455cd3b8d694,yasxozhysyma,148,3,2026-08-19T00:00:00+00:00,2026-08-26T00:00:00+00:00,14,247,224,0,14,ok,1.1026785714285714,normal,27.564102564102566
5ffc6439-29f3-47a6-aebb-f73ef591827c,soerrr,149,3,2026-08-19T00:00:00+00:00,2026-08-26T00:00:00+00:00,25,412,357,0,25,ok,1.1540616246498598,normal,39.95726495726496
4c3a4a59-0cdb-4477-b90b-1109a1d0cf13,BOROS,150,3,2026-08-19T00:00:00+00:00,2026-08-26T00:00:00+00:00,36,758,607,0,36,ok,1.2487644151565074,normal,63.24786324786324
df5ba290-c6a6-4481-8e9e-d16ceb4dbc6b,KaiR0N-993,151,3,2026-08-19T00:00:00+00:00,2026-08-26T00:00:00+00:00,5,77,89,0,5,ok,0.8651685393258427,normal,1.9230769230769231
793ea9e5-fef6-4571-9b30-7c5d9f323215,darui,152,3,2026-08-19T00:00:00+00:00,2026-08-26T00:00:00+00:00,19,315,282,0,19,ok,1.1170212765957446,normal,30.128205128205128
a99dd5a7-45a6-4019-8bc6-0f30fd554ef5,aidKiT,153,3,2026-08-19T00:00:00+00:00,2026-08-26T00:00:00+00:00,6,125,90,0,6,ok,1.3888888888888888,normal,83.54700854700855
0965c421-4957-4e48-86e2-2c3966abae3f,cairne-,154,3,2026-08-19T00:00:00+00:00,2026-08-26T00:00:00+00:00,17,357,265,0,17,ok,1.3471698113207546,normal,79.48717948717949
4cabcf3b-8baa-4c71-a1d3-cf98d581e971,Toshiikk,155,3,2026-08-19T00:00:00+00:00,2026-08-26T00:00:00+00:00,31,520,478,0,31,ok,1.0878661087866108,normal,24.358974358974358
cb0cc456-8ae0-438f-bf8b-4e000e4e0476,s4rsen-,156,3,2026-08-19T00:00:00+00:00,2026-08-26T00:00:00+00:00,38,758,649,0,38,ok,1.1679506933744221,normal,43.162393162393165
24636d00-25cc-4ab7-9cbd-67c633c08d0c,topo-,157,3,2026-08-19T00:00:00+00:00,2026-08-26T00:00:00+00:00,1,22,15,0,1,ok,1.4666666666666666,normal,91.02564102564102
d15e9f85-12c3-4ad9-a174-6d0248d6393d,Nosik,158,3,2026-08-19T00:00:00+00:00,2026-08-26T00:00:00+00:00,12,241,204,0,12,ok,1.1813725490196079,normal,46.794871794871796
c41561a6-a5f4-459c-8a5c-bde5f8eac911,Muk0s,159,3,2026-08-19T00:00:00+00:00,2026-08-26T00:00:00+00:00,13,215,230,0,13,ok,0.9347826086956522,normal,4.914529914529915
8b3dcf0e-1a09-409e-b4a9-51002dc2079f,WaSdyy,160,3,2026-08-19T00:00:00+00:00,2026-08-26T00:00:00+00:00,20,316,293,0,20,ok,1.0784982935153584,normal,23.076923076923077
d700efb0-363a-468d-88cd-f22c3567bcd6,rose88,161,3,2026-08-19T00:00:00+00:00,2026-08-26T00:00:00+00:00,35,650,474,0,35,ok,1.371308016877637,normal,82.47863247863248
67345c91-57b6-42dc-b49c-330b091da3a6,chronic111,162,3,2026-08-19T00:00:00+00:00,2026-08-26T00:00:00+00:00,20,365,297,0,20,ok,1.228956228956229,normal,57.692307692307686
08eb0b0f-b360-4b61-94ad-c949afd665ea,Krimbo,163,3,2026-08-19T00:00:00+00:00,2026-08-26T00:00:00+00:00,20,334,310,0,20,ok,1.0774193548387097,normal,22.863247863247864
ae6f1503-1de9-4b9b-9a29-f1b9de916870,jabbi,164,3,2026-08-19T00:00:00+00:00,2026-08-26T00:00:00+00:00,5,85,83,0,5,ok,1.0240963855421688,normal,15.81196581196581
43857419-1f5a-4b9d-aba7-011092133de3,KENNY-_,165,3,2026-08-19T00:00:00+00:00,2026-08-26T00:00:00+00:00,14,268,212,0,14,ok,1.2641509433962264,normal,66.23931623931624
5e18dd12-2e40-48c4-a66f-886108f095ed,HeavyGod,166,3,2026-08-19T00:00:00+00:00,2026-08-26T00:00:00+00:00,21,410,294,0,21,ok,1.3945578231292517,normal,84.4017094017094
4c27b599-0a56-4f3e-80cb-6ef83b6df2cf,Slaxx-,167,3,2026-08-19T00:00:00+00:00,2026-08-26T00:00:00+00:00,23,424,332,0,23,ok,1.2771084337349397,normal,68.37606837606837
f3fef601-52ca-4bd2-8ec6-9e9f532a6c6b,nikusharain,168,3,2026-08-19T00:00:00+00:00,2026-08-26T00:00:00+00:00,57,1031,926,0,57,ok,1.113390928725702,normal,29.059829059829063
c519d8f3-0c93-4476-af3e-38395ee7c297,teses,169,3,2026-08-19T00:00:00+00:00,2026-08-26T00:00:00+00:00,9,154,122,0,9,ok,1.2622950819672132,normal,65.5982905982906
a699663a-e65d-4c93-9a92-fd5a91955cc4,cadnyx,170,3,2026-08-19T00:00:00+00:00,2026-08-26T00:00:00+00:00,8,163,132,0,8,ok,1.2348484848484849,normal,58.76068376068376
078ff0df-ebb9-4352-b7ee-dc2044dd676f,-finW,171,3,2026-08-19T00:00:00+00:00,2026-08-26T00:00:00+00:00,0,0,0,0,0,sem_partidas,,sem_partidas,
84f4489d-e23e-4a8a-b3c5-dccf57610195,-rim3,172,3,2026-08-19T00:00:00+00:00,2026-08-26T00:00:00+00:00,8,141,114,0,8,ok,1.236842105263158,normal,59.401709401709404
6dc1d190-e2e0-4762-9fbe-5f3d40ea1522,Br4tkO,173,3,2026-08-19T00:00:00+00:00,2026-08-26T00:00:00+00:00,23,370,322,0,23,ok,1.1490683229813665,normal,39.31623931623932
b030ed65-9170-4668-9bfa-ac6c2e53954c,St0m4k,174,3,2026-08-19T00:00:00+00:00,2026-08-26T00:00:00+00:00,30,544,467,0,30,ok,1.164882226980728,normal,42.52136752136752
36577e6e-2c58-4812-bc6a-6b110ce00e56,nesh66,175,3,2026-08-19T00:00:00+00:00,2026-08-26T00:00:00+00:00,59,994,958,0,59,ok,1.0375782881002087,normal,17.735042735042736
bc74e768-9ee4-4472-bb10-6280b47fb94b,mak1se,176,3,2026-08-19T00:00:00+00:00,2026-08-26T00:00:00+00:00,5,114,79,0,5,ok,1.4430379746835442,normal,88.88888888888889
d5fa1a5b-9fde-4996-bd1e-bab0aa9bb0d2,ryu777,177,3,2026-08-19T00:00:00+00:00,2026-08-26T00:00:00+00:00,9,207,108,0,9,ok,1.9166666666666667,outlier_positivo,99.57264957264957
8d345deb-661c-4286-b663-96679d9bcda7,DEBABA,178,3,2026-08-19T00:00:00+00:00,2026-08-26T00:00:00+00:00,31,477,493,0,31,ok,0.9675456389452333,normal,8.11965811965812
41867c48-0982-4608-af44-d9749c2b5b6a,MoNaTy,179,3,2026-08-19T00:00:00+00:00,2026-08-26T00:00:00+00:00,5,103,76,0,5,ok,1.355263157894737,normal,80.12820512820514
1e1d8f20-c572-4e53-bf37-4590a5512687,--DeDe,180,3,2026-08-19T00:00:00+00:00,2026-08-26T00:00:00+00:00,37,685,615,0,37,ok,1.113821138211382,normal,29.48717948717949
2e65b3ea-fdb0-466c-9aca-89e170c67b61,depact,181,3,2026-08-19T00:00:00+00:00,2026-08-26T00:00:00+00:00,56,896,948,0,56,ok,0.9451476793248945,normal,5.555555555555555
ab2bf7fd-7997-4a7a-9c94-6b7d52ffd200,yxngstxr,182,3,2026-08-19T00:00:00+00:00,2026-08-26T00:00:00+00:00,24,477,393,0,24,ok,1.213740458015267,normal,53.41880341880342
5be133c1-38b6-4dde-9107-b64c7458452e,notineki,183,3,2026-08-19T00:00:00+00:00,2026-08-26T00:00:00+00:00,22,346,309,0,22,ok,1.1197411003236246,normal,30.982905982905983
a258abc5-326b-4824-a9ad-b3fa2855b712,kalymbs1,184,3,2026-08-19T00:00:00+00:00,2026-08-26T00:00:00+00:00,15,289,233,0,15,ok,1.240343347639485,normal,60.470085470085465
02b26fe9-49d1-47e7-afa0-1b5c562ca4e2,KatzRead,185,3,2026-08-19T00:00:00+00:00,2026-08-26T00:00:00+00:00,23,400,339,0,23,ok,1.1799410029498525,normal,46.58119658119658
194afbb1-cb96-4fc8-8bd6-5f932b3fcfa3,susp,186,3,2026-08-19T00:00:00+00:00,2026-08-26T00:00:00+00:00,8,129,126,0,8,ok,1.0238095238095237,normal,15.598290598290598
95adb33f-5e6f-4c6d-be25-f2e8b1d9c628,Amarogo,187,3,2026-08-19T00:00:00+00:00,2026-08-26T00:00:00+00:00,26,419,357,0,26,ok,1.173669467787115,normal,44.871794871794876
32c49d7e-20fc-4fb5-a54a-c99f90262311,emiIio-,188,3,2026-08-19T00:00:00+00:00,2026-08-26T00:00:00+00:00,17,264,235,0,17,ok,1.123404255319149,normal,31.837606837606835
2060bf4b-cf44-41ad-92ca-2492bc95f88d,2016wasfun,189,3,2026-08-19T00:00:00+00:00,2026-08-26T00:00:00+00:00,34,460,567,0,34,ok,0.8112874779541446,normal,0.641025641025641
504ca567-8911-45dd-a680-a617dff2c00c,swetsi_1win,190,3,2026-08-19T00:00:00+00:00,2026-08-26T00:00:00+00:00,51,1010,758,0,51,ok,1.3324538258575198,normal,77.56410256410257
b27101a3-c6e1-44c8-b83d-19dab54cb7ac,sl3nd-,191,3,2026-08-19T00:00:00+00:00,2026-08-26T00:00:00+00:00,20,349,231,0,20,ok,1.5108225108225108,normal,93.16239316239316
472386e2-8e2b-43ab-bd00-5ea49d71d33b,7MusorDrop67,192,3,2026-08-19T00:00:00+00:00,2026-08-26T00:00:00+00:00,21,321,302,0,21,ok,1.0629139072847682,normal,21.153846153846153
931f1364-a519-43c6-ab02-a73e8416481a,Saax_,193,3,2026-08-19T00:00:00+00:00,2026-08-26T00:00:00+00:00,37,580,578,0,37,ok,1.0034602076124568,normal,13.247863247863249
967b6309-c289-4900-8459-0e33ce488b1c,L00m1,194,3,2026-08-19T00:00:00+00:00,2026-08-26T00:00:00+00:00,7,131,119,0,7,ok,1.1008403361344539,normal,27.136752136752136
b8c3743e-a4c3-4168-ad0f-348a37a77a72,GrandLove,195,3,2026-08-19T00:00:00+00:00,2026-08-26T00:00:00+00:00,37,637,627,0,37,ok,1.0159489633173844,normal,14.743589743589745
dfc49048-07fd-4d4e-825d-f2d7f155c4bb,somehxw,196,3,2026-08-19T00:00:00+00:00,2026-08-26T00:00:00+00:00,10,178,158,0,10,ok,1.1265822784810127,normal,33.11965811965812
3e7ed0d7-2105-4d2d-929a-f6befe6d8cc0,ayalkasi,197,3,2026-08-19T00:00:00+00:00,2026-08-26T00:00:00+00:00,14,229,228,0,14,ok,1.0043859649122806,normal,13.461538461538462
18911949-a23d-4b42-bd0b-7a970b51824c,frozen_-,198,3,2026-08-19T00:00:00+00:00,2026-08-26T00:00:00+00:00,0,0,0,0,0,sem_partidas,,sem_partidas,
720fc287-1f03-46ff-a6e2-4c9bede77262,-yummy,199,3,2026-08-19T00:00:00+00:00,2026-08-26T00:00:00+00:00,24,428,344,0,24,ok,1.244186046511628,normal,61.75213675213676
964410bb-394d-4633-87fd-501ec0fbb914,ritchiE,200,3,2026-08-19T00:00:00+00:00,2026-08-26T00:00:00+00:00,7,145,111,0,7,ok,1.3063063063063063,normal,73.71794871794873
6ac4baef-7bbb-4bc5-9f2b-aa95176bd8ab,YEKINDAR_,201,3,2026-08-19T00:00:00+00:00,2026-08-26T00:00:00+00:00,21,299,319,0,21,ok,0.9373040752351097,normal,5.128205128205128
78407773-ed65-456a-a507-ca50cbd78e17,SEMSY,202,3,2026-08-19T00:00:00+00:00,2026-08-26T00:00:00+00:00,10,178,156,0,10,ok,1.141025641025641,normal,36.965811965811966
4e841b14-b668-476d-b7db-774f68aa4ed4,Patsi-,203,3,2026-08-19T00:00:00+00:00,2026-08-26T00:00:00+00:00,17,282,246,0,17,ok,1.146341463414634,normal,38.675213675213676
b58c8c5c-41da-4388-9864-0f3f72ca13db,datet-_-,204,3,2026-08-19T00:00:00+00:00,2026-08-26T00:00:00+00:00,14,242,268,0,14,ok,0.9029850746268657,normal,3.205128205128205
86383974-b132-48a2-a66f-cf9d3a3d68fd,tENZY,205,3,2026-08-19T00:00:00+00:00,2026-08-26T00:00:00+00:00,13,241,211,0,13,ok,1.1421800947867298,normal,37.39316239316239
075ed300-7ed3-4377-88ba-9572f9ea8e3d,n0rb3r7,206,3,2026-08-19T00:00:00+00:00,2026-08-26T00:00:00+00:00,3,55,45,0,3,ok,1.2222222222222223,normal,55.769230769230774
a8570791-3e92-4b4d-9e45-8c2f8da95fb6,kwaren11,207,3,2026-08-19T00:00:00+00:00,2026-08-26T00:00:00+00:00,41,702,677,0,41,ok,1.036927621861152,normal,17.52136752136752
21ee0d80-64f6-4277-80b9-c734d92a2880,torzsi,208,3,2026-08-19T00:00:00+00:00,2026-08-26T00:00:00+00:00,4,76,54,0,4,ok,1.4074074074074074,normal,86.11111111111111
4c5c2a03-15b4-48e1-8791-d54d6a2b3668,Altekz,209,3,2026-08-19T00:00:00+00:00,2026-08-26T00:00:00+00:00,7,128,97,0,7,ok,1.3195876288659794,normal,76.06837606837607
254dbfc8-0e3d-4e8b-95a4-88e19fec565a,jekuya,210,3,2026-08-19T00:00:00+00:00,2026-08-26T00:00:00+00:00,28,497,381,0,28,ok,1.304461942257218,normal,73.07692307692307
d682a62e-43f5-49be-b8c9-de923adcf564,SunPayus,211,3,2026-08-19T00:00:00+00:00,2026-08-26T00:00:00+00:00,15,304,199,0,15,ok,1.5276381909547738,normal,94.01709401709401
6a5abce7-952f-4434-9db5-160392ec356d,miwo,212,3,2026-08-19T00:00:00+00:00,2026-08-26T00:00:00+00:00,28,504,403,0,28,ok,1.250620347394541,normal,63.46153846153846
ebc37641-39d0-4692-bde6-c7a11ac1e90e,mara5m,213,3,2026-08-19T00:00:00+00:00,2026-08-26T00:00:00+00:00,12,223,175,0,12,ok,1.2742857142857142,normal,68.16239316239316
13222ab8-3b38-4beb-993f-a585df257ea3,EgorK,214,3,2026-08-19T00:00:00+00:00,2026-08-26T00:00:00+00:00,29,488,436,0,29,ok,1.1192660550458715,normal,30.76923076923077
9aad1747-b65d-4a0f-9a14-2ef947fe92b5,Sowalio,215,3,2026-08-19T00:00:00+00:00,2026-08-26T00:00:00+00:00,4,62,74,0,4,ok,0.8378378378378378,normal,1.282051282051282
520ada08-ad17-4b3b-a373-8c8534154e2a,TOKYOPEEK,216,3,2026-08-19T00:00:00+00:00,2026-08-26T00:00:00+00:00,50,815,741,0,50,ok,1.0998650472334683,normal,26.70940170940171
6b692694-71cf-4a80-ae97-57c3f2f7425c,blissfuIperc,217,3,2026-08-19T00:00:00+00:00,2026-08-26T00:00:00+00:00,33,581,446,0,33,ok,1.3026905829596414,normal,72.43589743589743
43febbb3-7f82-47c0-88fa-e2f122d5f20e,Rex1111,218,3,2026-08-19T00:00:00+00:00,2026-08-26T00:00:00+00:00,17,262,263,0,17,ok,0.9961977186311787,normal,12.179487179487179
1ad1b7ff-b644-4431-9ac4-a5cf09855910,1ader,219,3,2026-08-19T00:00:00+00:00,2026-08-26T00:00:00+00:00,32,580,513,0,32,ok,1.1306042884990253,normal,33.76068376068376
f1174c0a-fa42-4a2f-8160-b870b8879ef5,KOT_XAMEP,220,3,2026-08-19T00:00:00+00:00,2026-08-26T00:00:00+00:00,25,475,383,0,25,ok,1.2402088772845954,normal,60.256410256410255
656ffaa4-415b-4896-8a19-931366de23c8,ich1zoku,221,3,2026-08-19T00:00:00+00:00,2026-08-26T00:00:00+00:00,38,695,630,0,38,ok,1.1031746031746033,normal,27.99145299145299
3939bd47-6a42-43f0-936c-eb53bc5f16e5,kaioriii,222,3,2026-08-19T00:00:00+00:00,2026-08-26T00:00:00+00:00,27,529,400,0,27,ok,1.3225,normal,76.28205128205127
fb2e77e7-ec1d-40fa-83a1-c01646167651,Z1W0W666,223,3,2026-08-19T00:00:00+00:00,2026-08-26T00:00:00+00:00,30,574,426,0,30,ok,1.3474178403755868,normal,79.7008547008547
c39663f6-8e91-483c-8319-503449563713,Lewis,224,3,2026-08-19T00:00:00+00:00,2026-08-26T00:00:00+00:00,18,291,312,0,18,ok,0.9326923076923077,normal,4.487179487179487
32cf4622-150d-4362-83d5-de543ed16262,regele,225,3,2026-08-19T00:00:00+00:00,2026-08-26T00:00:00+00:00,46,732,650,0,46,ok,1.126153846153846,normal,32.47863247863248
8e59e230-0935-4309-b335-a16211617ed7,SBolt-,226,3,2026-08-19T00:00:00+00:00,2026-08-26T00:00:00+00:00,15,299,255,0,15,ok,1.1725490196078432,normal,44.230769230769226
88cb74cd-d98e-408c-85c2-b39e55004658,billz,227,3,2026-08-19T00:00:00+00:00,2026-08-26T00:00:00+00:00,19,389,262,0,19,ok,1.484732824427481,normal,91.45299145299145
220685cd-1a18-4402-a9a9-ac240313cabd,xeedo,228,3,2026-08-19T00:00:00+00:00,2026-08-26T00:00:00+00:00,13,244,206,0,13,ok,1.1844660194174756,normal,48.07692307692308
4c2a6018-4aaf-4294-8449-777ccfad144b,goddrain,229,3,2026-08-19T00:00:00+00:00,2026-08-26T00:00:00+00:00,40,782,596,0,40,ok,1.3120805369127517,normal,74.57264957264957
b87eadad-7829-4f17-a85a-281ff569829a,ForesterONE,230,3,2026-08-19T00:00:00+00:00,2026-08-26T00:00:00+00:00,7,101,104,0,7,ok,0.9711538461538461,normal,8.333333333333332
6db5e566-77ae-4c30-852d-4fa54c4445aa,Alv68,231,3,2026-08-19T00:00:00+00:00,2026-08-26T00:00:00+00:00,0,0,0,0,0,sem_partidas,,sem_partidas,
a4c4fb77-1996-47bd-b5e1-c14d86cf9997,444rainy,232,3,2026-08-19T00:00:00+00:00,2026-08-26T00:00:00+00:00,10,149,142,0,10,ok,1.0492957746478873,normal,19.230769230769234
9e36e2b1-c0e0-4d77-a442-d5947ec19225,bajmano,233,3,2026-08-19T00:00:00+00:00,2026-08-26T00:00:00+00:00,31,544,477,0,31,ok,1.140461215932914,normal,36.75213675213676
892ca5ae-5720-4d5d-8a98-33dc117041aa,narkoman812,234,3,2026-08-19T00:00:00+00:00,2026-08-26T00:00:00+00:00,40,693,591,0,40,ok,1.1725888324873097,normal,44.44444444444444
34aaf94c-d15a-4a1b-977d-82810a025407,tommy10,235,3,2026-08-19T00:00:00+00:00,2026-08-26T00:00:00+00:00,23,481,321,0,23,ok,1.4984423676012462,normal,92.52136752136752
98f1d2a1-6302-4d93-bf38-cc25f6b25256,gr1ks,236,3,2026-08-19T00:00:00+00:00,2026-08-26T00:00:00+00:00,27,776,392,0,27,ok,1.9795918367346939,outlier_positivo,99.78632478632478
f3f50c96-9d1b-4642-9074-477a07e54507,-khaN,237,3,2026-08-19T00:00:00+00:00,2026-08-26T00:00:00+00:00,8,151,130,0,8,ok,1.1615384615384616,normal,41.88034188034188
522ecdd7-5fe2-4bd5-9806-4c015b9a1f8a,dwushka,238,3,2026-08-19T00:00:00+00:00,2026-08-26T00:00:00+00:00,0,0,0,0,0,sem_partidas,,sem_partidas,
fd16a07c-5735-4148-8859-3369feb41275,stefienson,239,3,2026-08-19T00:00:00+00:00,2026-08-26T00:00:00+00:00,20,310,273,0,20,ok,1.1355311355311355,normal,35.256410256410255
507c6778-89e2-45cc-8f8f-cf04615df6c8,Frip,240,3,2026-08-19T00:00:00+00:00,2026-08-26T00:00:00+00:00,38,648,602,0,38,ok,1.0764119601328903,normal,22.64957264957265
0b2a4c62-2071-4582-be3e-50fbe6f53544,Eldarqwe-,241,3,2026-08-19T00:00:00+00:00,2026-08-26T00:00:00+00:00,0,0,0,0,0,sem_partidas,,sem_partidas,
6dce33f7-ba07-401a-bfe7-af51cc597a76,Woro2k,242,3,2026-08-19T00:00:00+00:00,2026-08-26T00:00:00+00:00,42,807,651,0,42,ok,1.23963133640553,normal,60.04273504273504
3429651a-5020-4d07-85ef-34049adff713,starmie666,243,3,2026-08-19T00:00:00+00:00,2026-08-26T00:00:00+00:00,8,117,123,0,8,ok,0.9512195121951219,normal,6.41025641025641
c44f1259-0651-4942-8543-af0f03e62ac5,SELLTER,244,3,2026-08-19T00:00:00+00:00,2026-08-26T00:00:00+00:00,11,178,158,0,11,ok,1.1265822784810127,normal,33.11965811965812
2a82893f-3a7e-4458-9141-0b19673fa049,kashl1d,245,3,2026-08-19T00:00:00+00:00,2026-08-26T00:00:00+00:00,9,204,117,0,9,ok,1.7435897435897436,outlier_positivo,98.93162393162393
c85a67d7-2635-42c3-991b-4c1f0b93c5cb,999_,246,3,2026-08-19T00:00:00+00:00,2026-08-26T00:00:00+00:00,7,132,98,0,7,ok,1.346938775510204,normal,79.27350427350427
9cafe8f3-0b6b-4802-9cbb-806b5b751517,Enfeebled17,247,3,2026-08-19T00:00:00+00:00,2026-08-26T00:00:00+00:00,15,279,222,0,15,ok,1.2567567567567568,normal,64.95726495726495
6d8adf92-798f-414c-9d29-2896ceb5ad72,smooya,248,3,2026-08-19T00:00:00+00:00,2026-08-26T00:00:00+00:00,21,428,279,0,21,ok,1.5340501792114696,normal,94.87179487179486
eba3dd73-7d26-46ad-b766-85c5ae0d9273,hyp3else66,249,3,2026-08-19T00:00:00+00:00,2026-08-26T00:00:00+00:00,25,575,330,0,25,ok,1.7424242424242424,outlier_positivo,98.71794871794873
bae30b49-8c07-4f3e-922e-fa23b7ac0953,rafaxF-,250,3,2026-08-19T00:00:00+00:00,2026-08-26T00:00:00+00:00,55,944,830,0,55,ok,1.1373493975903615,normal,35.68376068376068
c90b35e3-defd-41b1-b29d-d9cf1c46fc32,azukay367,251,3,2026-08-19T00:00:00+00:00,2026-08-26T00:00:00+00:00,52,933,840,0,52,ok,1.1107142857142858,normal,28.418803418803417
1e8bd26b-d7f9-4fbf-bed2-d12ed800eee2,Smaley,252,3,2026-08-19T00:00:00+00:00,2026-08-26T00:00:00+00:00,22,386,334,0,22,ok,1.155688622754491,normal,40.38461538461539
52829e07-aa5c-42af-b8a1-e4fe6247cd48,Skrimo,253,3,2026-08-19T00:00:00+00:00,2026-08-26T00:00:00+00:00,21,325,264,0,21,ok,1.231060606060606,normal,58.119658119658126
ddd3c081-0602-4e45-bb4f-d5c5e00b65c3,cPuTu,254,3,2026-08-19T00:00:00+00:00,2026-08-26T00:00:00+00:00,30,522,417,0,30,ok,1.2517985611510791,normal,63.888888888888886
28da77e2-bcfd-4458-a91d-e4d59a1f38be,nopzy,255,3,2026-08-19T00:00:00+00:00,2026-08-26T00:00:00+00:00,13,223,217,0,13,ok,1.0276497695852536,normal,16.025641025641026
e64b6d73-6313-4527-b313-a852e6368cf2,redCS-,256,3,2026-08-19T00:00:00+00:00,2026-08-26T00:00:00+00:00,14,252,213,0,14,ok,1.1830985915492958,normal,47.43589743589743
dce1d644-6bf1-449a-85ff-6b399e4269dc,Botpa1,257,3,2026-08-19T00:00:00+00:00,2026-08-26T00:00:00+00:00,5,88,73,0,5,ok,1.2054794520547945,normal,52.13675213675214
a387ff16-4062-4f6c-a1f6-c65650ff993e,-Kiyotakaaa,258,3,2026-08-19T00:00:00+00:00,2026-08-26T00:00:00+00:00,21,328,318,0,21,ok,1.0314465408805031,normal,16.23931623931624
13d0fd67-997f-4255-9f25-a410b4fad2d0,stratefIy,259,3,2026-08-19T00:00:00+00:00,2026-08-26T00:00:00+00:00,22,420,349,0,22,ok,1.2034383954154728,normal,51.70940170940172
a6ad9a5b-6575-447f-8f67-346bb4033189,dep999,260,3,2026-08-19T00:00:00+00:00,2026-08-26T00:00:00+00:00,20,367,268,0,20,ok,1.3694029850746268,normal,82.26495726495726
1d92f104-8d0a-4866-bb6e-5c11196bfca6,MusorDropXD,261,3,2026-08-19T00:00:00+00:00,2026-08-26T00:00:00+00:00,0,0,0,0,0,sem_partidas,,sem_partidas,
7def4124-36c7-4035-acb5-427ffa531be3,Dawy,262,3,2026-08-19T00:00:00+00:00,2026-08-26T00:00:00+00:00,23,450,338,0,23,ok,1.331360946745562,normal,77.35042735042735
c5cb1b85-4421-4436-9390-49fa05ce45e3,-Kaide,263,3,2026-08-19T00:00:00+00:00,2026-08-26T00:00:00+00:00,11,218,149,0,11,ok,1.4630872483221478,normal,90.8119658119658
a4a6fdca-b125-4d3b-8d35-3ad098b6a1fe,KursySSJ4,264,3,2026-08-19T00:00:00+00:00,2026-08-26T00:00:00+00:00,21,402,321,0,21,ok,1.2523364485981308,normal,64.31623931623932
14015a66-b368-4b90-994d-bcf6fa504f44,--_-_--_---_,265,3,2026-08-19T00:00:00+00:00,2026-08-26T00:00:00+00:00,3,62,57,0,3,ok,1.087719298245614,normal,24.145299145299145
0bf80a9b-cead-4a3e-a245-ca145dc2ab3c,-0scar,266,3,2026-08-19T00:00:00+00:00,2026-08-26T00:00:00+00:00,21,306,303,0,21,ok,1.00990099009901,normal,14.316239316239315
05dd1de4-82dd-4b55-be77-c30c4551d0d6,gothdespair,267,3,2026-08-19T00:00:00+00:00,2026-08-26T00:00:00+00:00,30,558,420,0,30,ok,1.3285714285714285,normal,76.92307692307693
04ab709e-2f70-4651-8e0c-c7bffd037a07,shantarO,268,3,2026-08-19T00:00:00+00:00,2026-08-26T00:00:00+00:00,20,342,345,0,20,ok,0.991304347826087,normal,11.324786324786325
3dad5d84-2a16-4044-8a27-d473f0f6e353,herkulesz,269,3,2026-08-19T00:00:00+00:00,2026-08-26T00:00:00+00:00,18,302,257,0,18,ok,1.1750972762645915,normal,45.085470085470085
d5ff6f9f-c95d-4f7d-93b7-d9ba0cb19dab,Aliot,270,3,2026-08-19T00:00:00+00:00,2026-08-26T00:00:00+00:00,25,395,371,0,25,ok,1.064690026954178,normal,21.367521367521366
bd70d269-6c10-4140-b03b-8e09fdf9ca35,fedko14,271,3,2026-08-19T00:00:00+00:00,2026-08-26T00:00:00+00:00,26,407,393,0,26,ok,1.0356234096692112,normal,16.88034188034188
8edcd93a-e63f-45ea-8c77-bf9aa1820a47,shg-,272,3,2026-08-19T00:00:00+00:00,2026-08-26T00:00:00+00:00,12,207,172,0,12,ok,1.2034883720930232,normal,51.92307692307693
b9dbab41-8e55-497a-b311-bb0514777fd7,ves111,273,3,2026-08-19T00:00:00+00:00,2026-08-26T00:00:00+00:00,146,2753,2350,0,146,ok,1.1714893617021276,normal,44.01709401709402
326a3d6a-13ca-40b3-a56d-a47c27b6f2af,gehji,274,3,2026-08-19T00:00:00+00:00,2026-08-26T00:00:00+00:00,18,367,291,0,18,ok,1.261168384879725,normal,65.17094017094017
e5c779f9-eaf5-4113-b095-e284d1e44748,X345,275,3,2026-08-19T00:00:00+00:00,2026-08-26T00:00:00+00:00,39,740,608,0,39,ok,1.2171052631578947,normal,54.91452991452992
d428b36e-7c8a-4510-8262-9cda26a3ff85,-qw1zera,276,3,2026-08-19T00:00:00+00:00,2026-08-26T00:00:00+00:00,31,688,454,0,31,ok,1.5154185022026432,normal,93.37606837606837
f3988f23-6685-41a8-91c6-f336b98c5195,z0nger,277,3,2026-08-19T00:00:00+00:00,2026-08-26T00:00:00+00:00,12,230,219,0,12,ok,1.0502283105022832,normal,19.65811965811966
eb4f52d2-5b8f-4401-8c72-138c995358d4,-tasman,278,3,2026-08-19T00:00:00+00:00,2026-08-26T00:00:00+00:00,31,531,442,0,31,ok,1.2013574660633484,normal,51.28205128205128
e1bcffdd-7eeb-4744-b8d6-a582dcfb1670,Krad,279,3,2026-08-19T00:00:00+00:00,2026-08-26T00:00:00+00:00,9,143,130,0,9,ok,1.1,normal,26.923076923076923
5ce742a9-a319-4e89-8164-4f4ca528c4cc,wh1teout,280,3,2026-08-19T00:00:00+00:00,2026-08-26T00:00:00+00:00,19,310,315,0,19,ok,0.9841269841269841,normal,10.256410256410255
40846b8f-7a3f-4f9f-af8b-85d118c2774a,myltsi,281,3,2026-08-19T00:00:00+00:00,2026-08-26T00:00:00+00:00,7,152,114,0,7,ok,1.3333333333333333,normal,77.99145299145299
4d1d7bb1-64b7-4e34-97e7-6ee7bba48259,-relaxbtw-,282,3,2026-08-19T00:00:00+00:00,2026-08-26T00:00:00+00:00,22,346,308,0,22,ok,1.1233766233766234,normal,31.62393162393162
daf44626-2073-4878-b7fd-4776b8a2c93b,Pelle-,283,3,2026-08-19T00:00:00+00:00,2026-08-26T00:00:00+00:00,17,308,257,0,17,ok,1.198443579766537,normal,50.85470085470085
dddfd33a-cc0c-483c-b2c4-950de24e0c1c,z0t,284,3,2026-08-19T00:00:00+00:00,2026-08-26T00:00:00+00:00,23,430,334,0,23,ok,1.2874251497005988,normal,69.65811965811966
7c6afa87-48a4-4e7c-a5d4-33d4d48c603f,0MusorDrop,285,3,2026-08-19T00:00:00+00:00,2026-08-26T00:00:00+00:00,50,793,733,0,50,ok,1.0818553888130968,normal,23.29059829059829
08a4aed5-fb8a-402a-8119-ae428666c195,aimy,286,3,2026-08-19T00:00:00+00:00,2026-08-26T00:00:00+00:00,5,90,83,0,5,ok,1.0843373493975903,normal,23.931623931623932
209c88dc-d2e5-4dfd-a7b9-38900bb10a61,dod02k-,287,3,2026-08-19T00:00:00+00:00,2026-08-26T00:00:00+00:00,31,510,452,0,31,ok,1.1283185840707965,normal,33.547008547008545
dc49b288-2a75-485a-91b1-ee81ce2f25de,dziugss,288,3,2026-08-19T00:00:00+00:00,2026-08-26T00:00:00+00:00,8,129,107,0,8,ok,1.205607476635514,normal,52.35042735042735
b255e1b5-0b6b-4c57-a7ce-ad53b5521d33,CoCuCbKu,289,3,2026-08-19T00:00:00+00:00,2026-08-26T00:00:00+00:00,4,70,54,0,4,ok,1.2962962962962963,normal,71.36752136752136
6f01bc34-897d-43d5-9b43-c6e49e408dd5,Twist,290,3,2026-08-19T00:00:00+00:00,2026-08-26T00:00:00+00:00,8,130,124,0,8,ok,1.0483870967741935,normal,19.017094017094017
024d5042-e159-416f-bf84-cf69b8d5ac03,oopee,291,3,2026-08-19T00:00:00+00:00,2026-08-26T00:00:00+00:00,6,91,71,0,6,ok,1.2816901408450705,normal,68.80341880341881
b63c3037-b9f3-471e-9065-5e33ebc28b6e,s1reN7,292,3,2026-08-19T00:00:00+00:00,2026-08-26T00:00:00+00:00,13,211,166,0,13,ok,1.2710843373493976,normal,67.73504273504274
06b0f344-d2e8-4951-ab93-23e9470ce95e,REDS7AR,293,3,2026-08-19T00:00:00+00:00,2026-08-26T00:00:00+00:00,1,23,15,0,1,ok,1.5333333333333334,normal,94.65811965811966
322dfefd-d0aa-4e24-a4ce-509e4c5ed28a,toshas-,294,3,2026-08-19T00:00:00+00:00,2026-08-26T00:00:00+00:00,11,179,156,0,11,ok,1.1474358974358974,normal,38.88888888888889
fddc57f3-b5f8-4e63-99e7-b1fa798e849e,pavlebo,295,3,2026-08-19T00:00:00+00:00,2026-08-26T00:00:00+00:00,8,126,129,0,8,ok,0.9767441860465116,normal,9.18803418803419
b00eff15-ebaf-4805-aa15-b33bc18406b7,YUR0KY,296,3,2026-08-19T00:00:00+00:00,2026-08-26T00:00:00+00:00,17,300,305,0,17,ok,0.9836065573770492,normal,9.82905982905983
9d4d4f31-8168-4894-8574-0d6b9458fb8c,77nightlovel,297,3,2026-08-19T00:00:00+00:00,2026-08-26T00:00:00+00:00,52,1085,777,0,52,ok,1.3963963963963963,normal,84.82905982905983
1ba6cea9-0e2d-4f6e-b1cc-0f93cf9d2dcd,KEiiiii,298,3,2026-08-19T00:00:00+00:00,2026-08-26T00:00:00+00:00,19,421,296,0,19,ok,1.4222972972972974,normal,88.03418803418803
41acaa8c-cc55-4dca-a85d-897af2c1f275,k99y,299,3,2026-08-19T00:00:00+00:00,2026-08-26T00:00:00+00:00,23,414,352,0,23,ok,1.1761363636363635,normal,45.51282051282051
3ad4eec5-fc86-438a-9730-e5d092821180,redzedsei,300,3,2026-08-19T00:00:00+00:00,2026-08-26T00:00:00+00:00,29,630,452,0,29,ok,1.3938053097345133,normal,84.1880341880342
159069e0-7e7c-4e3e-989e-d9f723689e3a,-Dis1-,301,3,2026-08-19T00:00:00+00:00,2026-08-26T00:00:00+00:00,13,227,233,0,13,ok,0.9742489270386266,normal,8.974358974358974
086df609-d086-4b83-9474-4347714e1f76,Fessor,302,3,2026-08-19T00:00:00+00:00,2026-08-26T00:00:00+00:00,14,244,208,0,14,ok,1.1730769230769231,normal,44.65811965811966
3fa04793-fb47-46ee-be6f-c44cacd77099,h0sster,303,3,2026-08-19T00:00:00+00:00,2026-08-26T00:00:00+00:00,0,0,0,0,0,sem_partidas,,sem_partidas,
de8546e3-f76c-4118-8671-2f0bed373ff4,Porya-,304,3,2026-08-19T00:00:00+00:00,2026-08-26T00:00:00+00:00,2,36,43,0,2,ok,0.8372093023255814,normal,1.0683760683760684
9132c4ea-8c7f-4865-a55c-9d20aa2efe89,ronkyeee,305,3,2026-08-19T00:00:00+00:00,2026-08-26T00:00:00+00:00,22,361,367,0,22,ok,0.9836512261580381,normal,10.042735042735043
f7ade297-4f13-4e91-b103-cacdfc3e5ba5,VLDN,306,3,2026-08-19T00:00:00+00:00,2026-08-26T00:00:00+00:00,5,61,46,0,5,ok,1.326086956521739,normal,76.49572649572649
48623ecb-e657-4292-8aa6-9389b4701b10,s1zzi,307,3,2026-08-19T00:00:00+00:00,2026-08-26T00:00:00+00:00,36,880,577,0,36,ok,1.5251299826689775,normal,93.80341880341881
c14998db-c745-4904-8316-429d46510e49,NonAmEeEeR,308,3,2026-08-19T00:00:00+00:00,2026-08-26T00:00:00+00:00,38,610,628,0,38,ok,0.9713375796178344,normal,8.547008547008547
0b71822e-4e5a-4c96-9b2c-be44ff7f7e86,DrammaGod,309,3,2026-08-19T00:00:00+00:00,2026-08-26T00:00:00+00:00,9,145,111,0,9,ok,1.3063063063063063,normal,73.71794871794873
1a5c4cff-75d4-489f-91a2-970af1eda8eb,Sobol,310,3,2026-08-19T00:00:00+00:00,2026-08-26T00:00:00+00:00,10,170,157,0,10,ok,1.0828025477707006,normal,23.504273504273502
d0bad1c0-551e-40cb-8535-137ea7104ff6,Zerk1s-,311,3,2026-08-19T00:00:00+00:00,2026-08-26T00:00:00+00:00,91,1941,1309,0,91,ok,1.482811306340718,normal,91.23931623931624
9b9ee020-9f73-4a4b-a68f-f6132bfb0377,Caleyy,312,3,2026-08-19T00:00:00+00:00,2026-08-26T00:00:00+00:00,33,684,560,0,33,ok,1.2214285714285715,normal,55.34188034188035
f0f989d2-bbeb-4bdf-bb3e-9a92b9039c27,w1sely,313,3,2026-08-19T00:00:00+00:00,2026-08-26T00:00:00+00:00,31,587,384,0,31,ok,1.5286458333333333,normal,94.23076923076923
c4bf8035-0124-44bb-974b-2860cb41ab5a,aparcik,314,3,2026-08-19T00:00:00+00:00,2026-08-26T00:00:00+00:00,27,402,386,0,27,ok,1.0414507772020725,normal,18.162393162393162
74407bd7-b090-4cd9-8797-c4e3af17ae50,turcinskis,315,3,2026-08-19T00:00:00+00:00,2026-08-26T00:00:00+00:00,0,0,0,0,0,sem_partidas,,sem_partidas,
a7d9d607-a5ac-4aa1-ae41-4834085715c2,f0lkfan111,316,3,2026-08-19T00:00:00+00:00,2026-08-26T00:00:00+00:00,0,0,0,0,0,sem_partidas,,sem_partidas,
9d76e440-f676-4ad0-a04a-a8c87f7c21fb,arbnorz-,317,3,2026-08-19T00:00:00+00:00,2026-08-26T00:00:00+00:00,31,533,529,0,31,ok,1.007561436672968,normal,14.102564102564102
92224fbc-fb31-4362-850b-735a0c1d6c8a,kidofpain,318,3,2026-08-19T00:00:00+00:00,2026-08-26T00:00:00+00:00,18,338,290,0,18,ok,1.1655172413793105,normal,42.73504273504273
fbb6f5b8-c8ce-415d-b29f-374d6b543716,MrTrelog,319,3,2026-08-19T00:00:00+00:00,2026-08-26T00:00:00+00:00,35,568,521,0,35,ok,1.09021113243762,normal,25.0
83270bc6-74aa-4ca3-942b-f28a3d704b6d,OneUn1que,320,3,2026-08-19T00:00:00+00:00,2026-08-26T00:00:00+00:00,8,127,125,0,8,ok,1.016,normal,14.957264957264957
fddf0596-7573-4792-8012-79966c93689e,Licale,321,3,2026-08-19T00:00:00+00:00,2026-08-26T00:00:00+00:00,55,993,855,0,55,ok,1.1614035087719299,normal,41.66666666666667
975adbfb-f21e-4b09-92a4-704ab60c8542,ulqu1ora,322,3,2026-08-19T00:00:00+00:00,2026-08-26T00:00:00+00:00,4,72,63,0,4,ok,1.1428571428571428,normal,37.60683760683761
bdf798c9-0041-4a81-b581-28c52fede922,chedzik,323,3,2026-08-19T00:00:00+00:00,2026-08-26T00:00:00+00:00,0,0,0,0,0,sem_partidas,,sem_partidas,
798302b0-e3b3-40e7-b051-95c43766dabb,PhoeniXLUV,324,3,2026-08-19T00:00:00+00:00,2026-08-26T00:00:00+00:00,11,259,205,0,11,ok,1.2634146341463415,normal,65.8119658119658
5c60c1c4-653a-478d-90a4-441d1436a28e,-k0s,325,3,2026-08-19T00:00:00+00:00,2026-08-26T00:00:00+00:00,0,0,0,0,0,sem_partidas,,sem_partidas,
e76908f9-d95c-4022-b419-786ad4cb8d4e,torox,326,3,2026-08-19T00:00:00+00:00,2026-08-26T00:00:00+00:00,22,416,286,0,22,ok,1.4545454545454546,normal,89.74358974358975
37a13cea-9f8b-45d3-9886-40faf2506d69,m1QUSE272,327,3,2026-08-19T00:00:00+00:00,2026-08-26T00:00:00+00:00,2,46,35,0,2,ok,1.3142857142857143,normal,75.0
2f215405-df5f-4348-8b16-d07bb82b8f66,lockstocky,328,3,2026-08-19T00:00:00+00:00,2026-08-26T00:00:00+00:00,42,719,633,0,42,ok,1.1358609794628751,normal,35.47008547008547
25694913-c7e9-4a6f-9279-8fb932b04a4c,EBLANKANKA67,329,3,2026-08-19T00:00:00+00:00,2026-08-26T00:00:00+00:00,59,1270,887,0,59,ok,1.4317925591882752,normal,88.67521367521367
0c482002-4ad9-4eb7-bbf4-c36f786cdbd8,ms2180,330,3,2026-08-19T00:00:00+00:00,2026-08-26T00:00:00+00:00,13,220,210,0,13,ok,1.0476190476190477,normal,18.803418803418804
42afba06-399e-4c2d-aaff-77595526ad70,cmtry64,331,3,2026-08-19T00:00:00+00:00,2026-08-26T00:00:00+00:00,4,77,62,0,4,ok,1.2419354838709677,normal,60.68376068376068
3b6a98b3-fd37-42ec-9d14-3ca58a1e54ef,sh4shlick,332,3,2026-08-19T00:00:00+00:00,2026-08-26T00:00:00+00:00,0,0,0,0,0,sem_partidas,,sem_partidas,
e6970427-7853-42d5-960a-3b125aa3fe98,xseveN,333,3,2026-08-19T00:00:00+00:00,2026-08-26T00:00:00+00:00,9,158,125,0,9,ok,1.264,normal,66.02564102564102
0be6bdd3-7448-4711-84d6-79cfbbe86f71,musordrop983,334,3,2026-08-19T00:00:00+00:00,2026-08-26T00:00:00+00:00,0,0,0,0,0,sem_partidas,,sem_partidas,
6d612c68-1dd3-427a-bf4c-e5e8029c4450,mASKEDo,335,3,2026-08-19T00:00:00+00:00,2026-08-26T00:00:00+00:00,42,732,670,0,42,ok,1.0925373134328358,normal,25.427350427350426
dd00574a-37b8-4c5e-87fa-b0569f624546,tamefear,336,3,2026-08-19T00:00:00+00:00,2026-08-26T00:00:00+00:00,32,670,481,0,32,ok,1.392931392931393,normal,83.97435897435898
8fc05816-4e4c-4df0-b6ab-4059965f95a5,feat-,337,3,2026-08-19T00:00:00+00:00,2026-08-26T00:00:00+00:00,3,47,50,0,3,ok,0.94,normal,5.3418803418803416
1efdfeb4-7237-4a34-837a-9b4657295a48,svemyy,338,3,2026-08-19T00:00:00+00:00,2026-08-26T00:00:00+00:00,1,25,15,0,1,ok,1.6666666666666667,outlier_positivo,97.86324786324786
2fd44fff-097a-44ca-9bf2-6badf3282398,Muciek,339,3,2026-08-19T00:00:00+00:00,2026-08-26T00:00:00+00:00,3,63,45,0,3,ok,1.4,normal,85.47008547008546
dafc9a8d-9a0b-47c3-a703-e0919211b635,L0fer,340,3,2026-08-19T00:00:00+00:00,2026-08-26T00:00:00+00:00,37,709,550,0,37,ok,1.289090909090909,normal,70.08547008547008
400661b5-8cc7-4c40-9dcc-d1695b2047f6,Jisoo,341,3,2026-08-19T00:00:00+00:00,2026-08-26T00:00:00+00:00,49,823,780,0,49,ok,1.0551282051282052,normal,20.726495726495727
36b19d20-ddac-466d-9868-b73f0212c3ad,BRIAN-_-HIZZ,342,3,2026-08-19T00:00:00+00:00,2026-08-26T00:00:00+00:00,9,143,141,0,9,ok,1.0141843971631206,normal,14.529914529914532
c0216481-6d6f-4a69-b480-e1f3c4f0c36a,LECY89,343,3,2026-08-19T00:00:00+00:00,2026-08-26T00:00:00+00:00,0,0,0,0,0,sem_partidas,,sem_partidas,
1983b3f0-bd89-4fe6-a110-42664904443a,w4rdeN-,344,3,2026-08-19T00:00:00+00:00,2026-08-26T00:00:00+00:00,7,102,121,0,7,ok,0.8429752066115702,normal,1.4957264957264957
5e91d235-cef6-42c6-9b86-35560cc19e57,deeN--,345,3,2026-08-19T00:00:00+00:00,2026-08-26T00:00:00+00:00,3,79,58,0,3,ok,1.3620689655172413,normal,81.19658119658119
4527302e-9120-4a42-a465-5e383580386c,kobz0n,346,3,2026-08-19T00:00:00+00:00,2026-08-26T00:00:00+00:00,4,59,60,0,4,ok,0.9833333333333333,normal,9.615384615384617
242f97b1-a39e-40e5-aca0-153d7a76828f,saizius,347,3,2026-08-19T00:00:00+00:00,2026-08-26T00:00:00+00:00,35,599,528,0,35,ok,1.134469696969697,normal,34.82905982905983
9866bf07-6fc9-47b0-966e-e4302ecc93fb,rv1den,348,3,2026-08-19T00:00:00+00:00,2026-08-26T00:00:00+00:00,13,233,177,0,13,ok,1.3163841807909604,normal,75.42735042735043
7c38b5ca-b385-4cf2-942b-d7252521d266,ne1l,349,3,2026-08-19T00:00:00+00:00,2026-08-26T00:00:00+00:00,23,444,364,0,23,ok,1.2197802197802199,normal,55.12820512820513
a8efc434-5950-4621-8b51-72538fe6347d,dazzy-,350,3,2026-08-19T00:00:00+00:00,2026-08-26T00:00:00+00:00,6,104,78,0,6,ok,1.3333333333333333,normal,77.99145299145299
9b79818c-8be6-40cc-b090-b92878f5baac,5swiz,351,3,2026-08-19T00:00:00+00:00,2026-08-26T00:00:00+00:00,35,684,527,0,35,ok,1.2979127134724857,normal,71.7948717948718
58f68286-29eb-4108-97e5-2d8d96c65e05,mezii--,352,3,2026-08-19T00:00:00+00:00,2026-08-26T00:00:00+00:00,1,20,21,0,1,ok,0.9523809523809523,normal,6.623931623931624
dfa35d4d-f284-4ad2-9a7d-c3f0468b1e69,wignfan,353,3,2026-08-19T00:00:00+00:00,2026-08-26T00:00:00+00:00,24,331,364,0,24,ok,0.9093406593406593,normal,3.418803418803419
a3e05af2-cb94-4de5-b56c-e5b30bde9f0c,S3NSEYZjE,354,3,2026-08-19T00:00:00+00:00,2026-08-26T00:00:00+00:00,49,795,664,0,49,ok,1.197289156626506,normal,50.427350427350426
5d834b85-5d4f-441a-a0e2-a88713818bc8,ottob,355,3,2026-08-19T00:00:00+00:00,2026-08-26T00:00:00+00:00,10,173,140,0,10,ok,1.2357142857142858,normal,59.18803418803419
3e96ad48-d280-40fe-b432-743bc6166e6a,bibu_,356,3,2026-08-19T00:00:00+00:00,2026-08-26T00:00:00+00:00,7,121,115,0,7,ok,1.0521739130434782,normal,20.085470085470085
2fe13779-4813-4886-975b-a23d66c22b50,rec1se,357,3,2026-08-19T00:00:00+00:00,2026-08-26T00:00:00+00:00,27,496,392,0,27,ok,1.2653061224489797,normal,66.45299145299145
6111a58f-ec43-4a35-ac5f-6a27d4a8442d,kade0,358,3,2026-08-19T00:00:00+00:00,2026-08-26T00:00:00+00:00,0,0,0,0,0,sem_partidas,,sem_partidas,
08d5e3fa-ef86-447a-a441-7d61c106305c,nukkye,359,3,2026-08-19T00:00:00+00:00,2026-08-26T00:00:00+00:00,29,513,451,0,29,ok,1.1374722838137472,normal,35.8974358974359
88aba0ad-9f4f-43f8-8691-78bd5935bb26,MAJ1X,360,3,2026-08-19T00:00:00+00:00,2026-08-26T00:00:00+00:00,0,0,0,0,0,sem_partidas,,sem_partidas,
75b7d8c4-e346-492c-adef-a91fffeb3886,z1k4-,361,3,2026-08-19T00:00:00+00:00,2026-08-26T00:00:00+00:00,10,199,154,0,10,ok,1.2922077922077921,normal,70.72649572649573
1050ef15-3e72-45b8-a255-ba1c69f9ae03,karass28,362,3,2026-08-19T00:00:00+00:00,2026-08-26T00:00:00+00:00,42,687,553,0,42,ok,1.2423146473779385,normal,60.89743589743589
b5ad53bf-7ef2-4e7f-b902-2218997c60f0,KATLEDICI7,363,3,2026-08-19T00:00:00+00:00,2026-08-26T00:00:00+00:00,61,1012,1065,0,61,ok,0.9502347417840376,normal,6.196581196581197
6b52e429-611a-4cff-a329-79640d71dcf9,serrakura111,364,3,2026-08-19T00:00:00+00:00,2026-08-26T00:00:00+00:00,20,387,272,0,20,ok,1.4227941176470589,normal,88.24786324786325
d4241a7e-40ed-428c-824b-186191cc1186,kkx-,365,3,2026-08-19T00:00:00+00:00,2026-08-26T00:00:00+00:00,21,322,345,0,21,ok,0.9333333333333333,normal,4.700854700854701
b0e6d782-b60b-464b-b825-0551219d184c,Botman,366,3,2026-08-19T00:00:00+00:00,2026-08-26T00:00:00+00:00,7,132,88,0,7,ok,1.5,normal,92.73504273504274
43edb54f-28ed-41fb-9996-c53c1602b32a,taouser,367,3,2026-08-19T00:00:00+00:00,2026-08-26T00:00:00+00:00,7,107,107,0,7,ok,1.0,normal,12.82051282051282
bf53ac48-b4ac-4b17-9174-4018772ad411,Griller1221,368,3,2026-08-19T00:00:00+00:00,2026-08-26T00:00:00+00:00,19,324,268,0,19,ok,1.208955223880597,normal,52.77777777777778
6051a477-a1fb-410a-bca9-5eb8e848a515,grekuwu,369,3,2026-08-19T00:00:00+00:00,2026-08-26T00:00:00+00:00,12,209,200,0,12,ok,1.045,normal,18.37606837606838
32181c2b-b743-4bcd-abd1-1a76378beacf,zs0lt1-,370,3,2026-08-19T00:00:00+00:00,2026-08-26T00:00:00+00:00,0,0,0,0,0,sem_partidas,,sem_partidas,
35c42621-9863-49d8-a9d3-98cd2ebd3695,Sdaim,371,3,2026-08-19T00:00:00+00:00,2026-08-26T00:00:00+00:00,22,386,318,0,22,ok,1.2138364779874213,normal,53.63247863247863
23b6ffbb-86ec-47ab-acaa-9c76bed0af66,jL-,372,3,2026-08-19T00:00:00+00:00,2026-08-26T00:00:00+00:00,12,257,176,0,12,ok,1.4602272727272727,normal,90.38461538461539
abe4d53f-ed16-49fc-8d86-3d1abac2d5ef,yanni-_-,373,3,2026-08-19T00:00:00+00:00,2026-08-26T00:00:00+00:00,35,583,518,0,35,ok,1.1254826254826256,normal,32.05128205128205
9dd05297-26eb-4cb4-a2e2-544b242f0a08,DAN9ARMATURA,374,3,2026-08-19T00:00:00+00:00,2026-08-26T00:00:00+00:00,23,430,346,0,23,ok,1.2427745664739884,normal,61.53846153846154
0cf9c7b8-2003-404d-97d4-fa9b5fae1878,Jimpphat,375,3,2026-08-19T00:00:00+00:00,2026-08-26T00:00:00+00:00,19,400,231,0,19,ok,1.7316017316017316,outlier_positivo,98.50427350427351
a6b1e85a-0d17-4fa3-9c08-900211bf7692,mattloo,376,3,2026-08-19T00:00:00+00:00,2026-08-26T00:00:00+00:00,20,366,298,0,20,ok,1.2281879194630871,normal,57.47863247863248
c328112e-d19e-4dc2-b0d9-e95372a362e7,Hrdina1452,377,3,2026-08-19T00:00:00+00:00,2026-08-26T00:00:00+00:00,24,429,358,0,24,ok,1.1983240223463687,normal,50.641025641025635
6f65cd76-e51e-480e-b0f4-d8ca78c3ec63,VILBy,378,3,2026-08-19T00:00:00+00:00,2026-08-26T00:00:00+00:00,18,272,239,0,18,ok,1.1380753138075315,normal,36.11111111111111
40ca7ec3-ca11-4e1b-a3b3-3989c1aaf13f,baz,379,3,2026-08-19T00:00:00+00:00,2026-08-26T00:00:00+00:00,28,459,382,0,28,ok,1.2015706806282722,normal,51.49572649572649
08b00737-a7bf-46c2-b501-052c101f3e6e,siz-,380,3,2026-08-19T00:00:00+00:00,2026-08-26T00:00:00+00:00,15,257,209,0,15,ok,1.229665071770335,normal,57.90598290598291
a86a13ca-a850-4e31-9e46-76026f25a8df,flawly,381,3,2026-08-19T00:00:00+00:00,2026-08-26T00:00:00+00:00,11,171,157,0,11,ok,1.089171974522293,normal,24.786324786324787
95371621-2dc2-4ae2-8633-e70c1f754d25,kiy0o,382,3,2026-08-19T00:00:00+00:00,2026-08-26T00:00:00+00:00,11,187,165,0,11,ok,1.1333333333333333,normal,34.401709401709404
fa304d5e-0d2e-4b7c-a802-a9ee2989d6d7,musordrop01R,383,3,2026-08-19T00:00:00+00:00,2026-08-26T00:00:00+00:00,60,1070,988,0,60,ok,1.082995951417004,normal,23.717948717948715
e15c799e-2f9b-42fb-9233-db6908126b26,LunaticYF,384,3,2026-08-19T00:00:00+00:00,2026-08-26T00:00:00+00:00,0,0,0,0,0,sem_partidas,,sem_partidas,
57d0ffa1-44d3-4271-9360-f09bfb7e3466,Ayri21,385,3,2026-08-19T00:00:00+00:00,2026-08-26T00:00:00+00:00,18,281,291,0,18,ok,0.9656357388316151,normal,7.905982905982905
ba3282ae-21a1-4a9d-a2e4-e579a67f2472,ToM223,386,3,2026-08-19T00:00:00+00:00,2026-08-26T00:00:00+00:00,12,195,163,0,12,ok,1.196319018404908,normal,50.21367521367522
99726d5a-04d8-4b74-a12d-b5e012ae745c,anttzz,387,3,2026-08-19T00:00:00+00:00,2026-08-26T00:00:00+00:00,55,977,958,0,55,ok,1.0198329853862214,normal,15.17094017094017
803bd4ab-3891-4686-8301-aea69a426477,PsychoDoctor,388,3,2026-08-19T00:00:00+00:00,2026-08-26T00:00:00+00:00,14,278,216,0,14,ok,1.287037037037037,normal,69.44444444444444
7dfc0c4c-28a0-4126-8b97-349ba09bc314,neptun59,389,3,2026-08-19T00:00:00+00:00,2026-08-26T00:00:00+00:00,9,159,150,0,9,ok,1.06,normal,20.94017094017094
3bd30889-be3f-49cf-817f-1399c887f2d9,zeRRoFIX,390,3,2026-08-19T00:00:00+00:00,2026-08-26T00:00:00+00:00,12,224,190,0,12,ok,1.1789473684210525,normal,45.94017094017094
651597b1-03b4-4c74-8848-dd688599cffa,sk1tt,391,3,2026-08-19T00:00:00+00:00,2026-08-26T00:00:00+00:00,14,290,184,0,14,ok,1.576086956521739,normal,96.36752136752136
bffdd912-57c0-4c48-9735-3d36059236b3,SatoruGojo_,392,3,2026-08-19T00:00:00+00:00,2026-08-26T00:00:00+00:00,85,1478,1384,0,85,ok,1.0679190751445087,normal,21.794871794871796
9b9355f1-870d-4d85-bb37-9b71d591d779,608-,393,3,2026-08-19T00:00:00+00:00,2026-08-26T00:00:00+00:00,38,747,569,0,38,ok,1.312829525483304,normal,74.78632478632478
79df73cc-00b8-40c2-9089-d20e81b91614,Nivera-,394,3,2026-08-19T00:00:00+00:00,2026-08-26T00:00:00+00:00,15,273,230,0,15,ok,1.1869565217391305,normal,48.504273504273506
e5806414-a8b4-4f7e-b13d-e16066e3984a,suisha,395,3,2026-08-19T00:00:00+00:00,2026-08-26T00:00:00+00:00,11,223,156,0,11,ok,1.4294871794871795,normal,88.46153846153845
675b5450-f00f-4009-92b8-10d17524959a,Proinya,396,3,2026-08-19T00:00:00+00:00,2026-08-26T00:00:00+00:00,9,194,166,0,9,ok,1.1686746987951808,normal,43.376068376068375
a9147ac0-cd1b-4ab8-a634-a3562d29dc13,W0nderL4nd,397,3,2026-08-19T00:00:00+00:00,2026-08-26T00:00:00+00:00,10,152,167,0,10,ok,0.9101796407185628,normal,3.632478632478633
41e80191-23a9-40af-a3f5-b0452d31b7a5,xm1nd337,398,3,2026-08-19T00:00:00+00:00,2026-08-26T00:00:00+00:00,18,314,274,0,18,ok,1.145985401459854,normal,38.24786324786324
381f4aa9-921e-498b-8548-af3a61a95f45,fall1ngxd,399,3,2026-08-19T00:00:00+00:00,2026-08-26T00:00:00+00:00,63,953,958,0,63,ok,0.9947807933194155,normal,11.752136752136751
0bd8a37f-2bf9-4a2a-8c4d-4ec60249c758,Kovvat,400,3,2026-08-19T00:00:00+00:00,2026-08-26T00:00:00+00:00,52,826,809,0,52,ok,1.0210135970333745,normal,15.384615384615385
a5f7f49b-13f4-406b-9868-99503a228d4c,Myggis,401,3,2026-08-19T00:00:00+00:00,2026-08-26T00:00:00+00:00,41,646,665,0,41,ok,0.9714285714285714,normal,8.76068376068376
96675589-94d3-4a3f-942e-75e876c5407d,amanek,402,3,2026-08-19T00:00:00+00:00,2026-08-26T00:00:00+00:00,19,283,307,0,19,ok,0.9218241042345277,normal,4.05982905982906
8f97a4ca-0315-4386-a97d-4ec6b74a432a,F0R3VER-,403,3,2026-08-19T00:00:00+00:00,2026-08-26T00:00:00+00:00,10,199,150,0,10,ok,1.3266666666666667,normal,76.70940170940172
3c1ca83f-5c0b-48c9-9efb-86e02999bad4,CoolezW,404,3,2026-08-19T00:00:00+00:00,2026-08-26T00:00:00+00:00,4,75,55,0,4,ok,1.3636363636363635,normal,81.41025641025641
f77f8060-0918-4c9c-84eb-4b871a0d0430,Farab1,405,3,2026-08-19T00:00:00+00:00,2026-08-26T00:00:00+00:00,54,1009,867,0,54,ok,1.1637831603229527,normal,42.0940170940171
f317884c-2d70-4cb9-8f03-418064e114ed,markovich666,406,3,2026-08-19T00:00:00+00:00,2026-08-26T00:00:00+00:00,12,252,163,0,12,ok,1.5460122699386503,normal,95.2991452991453
cd355df3-21b0-4677-8e79-6d823aa6ebac,takanashi,407,3,2026-08-19T00:00:00+00:00,2026-08-26T00:00:00+00:00,25,404,424,0,25,ok,0.9528301886792453,normal,6.837606837606838
a421bf0b-db37-4194-8d57-59aa2cab64a0,NaYz,408,3,2026-08-19T00:00:00+00:00,2026-08-26T00:00:00+00:00,0,0,0,0,0,sem_partidas,,sem_partidas,
14bf6f49-e335-4cca-b270-2bff1bc95485,whisperr23,409,3,2026-08-19T00:00:00+00:00,2026-08-26T00:00:00+00:00,10,213,132,0,10,ok,1.6136363636363635,normal,96.7948717948718
f0d7de73-a6e4-4fd8-961e-d4f5f283e931,kenjezz,410,3,2026-08-19T00:00:00+00:00,2026-08-26T00:00:00+00:00,27,402,400,0,27,ok,1.005,normal,13.88888888888889
e5b77795-ddbc-418b-a72a-e8e8e2787d54,eNs,411,3,2026-08-19T00:00:00+00:00,2026-08-26T00:00:00+00:00,1,22,11,0,1,ok,2.0,outlier_positivo,100.0
917a60fe-0a2f-4cf8-b93e-8d8242e2aa87,Bl4zE333,412,3,2026-08-19T00:00:00+00:00,2026-08-26T00:00:00+00:00,18,330,294,0,18,ok,1.1224489795918366,normal,31.41025641025641
7b6558ed-94e8-4344-a805-788cb226d03e,oz1k,413,3,2026-08-19T00:00:00+00:00,2026-08-26T00:00:00+00:00,3,58,39,0,3,ok,1.4871794871794872,normal,91.88034188034187
31a278ea-2af3-4101-baad-2bff533b5c01,Blytz_,414,3,2026-08-19T00:00:00+00:00,2026-08-26T00:00:00+00:00,6,119,87,0,6,ok,1.367816091954023,normal,82.05128205128204
13a07227-30a0-4590-9b66-e8e5841b7a8b,H4SAN4TOR,415,3,2026-08-19T00:00:00+00:00,2026-08-26T00:00:00+00:00,7,92,104,0,7,ok,0.8846153846153846,normal,2.7777777777777777
0afea8e8-c7e2-4ad7-a20e-ec4ba4ce80ff,3BL0S7R3L,416,3,2026-08-19T00:00:00+00:00,2026-08-26T00:00:00+00:00,44,684,682,0,44,ok,1.002932551319648,normal,13.034188034188036
b65ca382-cb8c-42a2-aeb7-822fb72cb9a7,iffo,417,3,2026-08-19T00:00:00+00:00,2026-08-26T00:00:00+00:00,15,202,210,0,15,ok,0.9619047619047619,normal,7.478632478632479
685163c9-a0d4-41b9-8373-d0d2f26ab42b,kL1o,418,3,2026-08-19T00:00:00+00:00,2026-08-26T00:00:00+00:00,3,55,53,0,3,ok,1.0377358490566038,normal,17.94871794871795
1ace868a-d60c-46b8-a61e-f51d40d0305b,lilpeepfan-,419,3,2026-08-19T00:00:00+00:00,2026-08-26T00:00:00+00:00,0,0,0,0,0,sem_partidas,,sem_partidas,
6e9625a5-9d91-4b07-9858-0042f5a53f6a,paz-,420,3,2026-08-19T00:00:00+00:00,2026-08-26T00:00:00+00:00,1,21,15,0,1,ok,1.4,normal,85.47008547008546
f34926cc-3857-4d91-bc5a-316ec071263a,djgor1lla,421,3,2026-08-19T00:00:00+00:00,2026-08-26T00:00:00+00:00,65,1186,1083,0,65,ok,1.0951061865189289,normal,25.85470085470086
f2e856bd-3ee0-4c05-85da-0f26ecdfcd69,Jhniewolkjer,422,3,2026-08-19T00:00:00+00:00,2026-08-26T00:00:00+00:00,16,227,228,0,16,ok,0.9956140350877193,normal,11.965811965811966
cd978277-44fe-46ef-85e9-c916be624bee,Maiser,423,3,2026-08-19T00:00:00+00:00,2026-08-26T00:00:00+00:00,20,269,279,0,20,ok,0.96415770609319,normal,7.6923076923076925
8dd252bc-7bed-4b80-a8af-08292429f90c,shaiK,424,3,2026-08-19T00:00:00+00:00,2026-08-26T00:00:00+00:00,10,174,132,0,10,ok,1.3181818181818181,normal,75.85470085470085
01b56a15-1e5d-43ea-9173-8d2b812bc1c6,strixxxzz,425,3,2026-08-19T00:00:00+00:00,2026-08-26T00:00:00+00:00,10,226,173,0,10,ok,1.30635838150289,normal,73.93162393162393
92e63ac2-a228-4a2c-8db5-93e4a0b35e6f,SILNYI4EL,426,3,2026-08-19T00:00:00+00:00,2026-08-26T00:00:00+00:00,24,419,400,0,24,ok,1.0475,normal,18.58974358974359
80396ca7-9e6b-440d-bea6-99c20a78758c,MadLife516,427,3,2026-08-19T00:00:00+00:00,2026-08-26T00:00:00+00:00,27,472,431,0,27,ok,1.0951276102088168,normal,26.06837606837607
53771794-0678-4e00-b12b-605404c711f0,icntflmfce,428,3,2026-08-19T00:00:00+00:00,2026-08-26T00:00:00+00:00,8,148,82,0,8,ok,1.8048780487804879,outlier_positivo,99.35897435897436
43cddbf7-48c8-402d-8ab5-2d7b35c519c2,Tired5,429,3,2026-08-19T00:00:00+00:00,2026-08-26T00:00:00+00:00,27,410,410,0,27,ok,1.0,normal,12.82051282051282
f054b0fb-9841-45b9-b832-d3d38f3c948e,iNSANE-0_o,430,3,2026-08-19T00:00:00+00:00,2026-08-26T00:00:00+00:00,37,598,537,0,37,ok,1.1135940409683427,normal,29.273504273504276
6a8c42f1-b66d-49d3-a89a-d0fd7c11d544,CHANKY-,431,3,2026-08-19T00:00:00+00:00,2026-08-26T00:00:00+00:00,6,123,89,0,6,ok,1.3820224719101124,normal,82.90598290598291
0e5e5804-66dc-47fc-abf8-78fbabb2e486,x1nk1n,432,3,2026-08-19T00:00:00+00:00,2026-08-26T00:00:00+00:00,15,251,210,0,15,ok,1.1952380952380952,normal,49.572649572649574
fddec513-3b2c-46c2-8223-5baf9d7c44e1,qw3zy,433,3,2026-08-19T00:00:00+00:00,2026-08-26T00:00:00+00:00,18,264,268,0,18,ok,0.9850746268656716,normal,10.683760683760683
7755ecad-986d-418d-932e-2250132bee75,newnickname7,434,3,2026-08-19T00:00:00+00:00,2026-08-26T00:00:00+00:00,47,845,677,0,47,ok,1.2481536189069424,normal,62.82051282051282
4396868f-64f7-4847-8443-4703685a0aef,hitori,435,3,2026-08-19T00:00:00+00:00,2026-08-26T00:00:00+00:00,7,95,103,0,7,ok,0.9223300970873787,normal,4.273504273504273
1606bc69-b662-43ff-a5a6-cb3667b1175f,qw1ck,436,3,2026-08-19T00:00:00+00:00,2026-08-26T00:00:00+00:00,83,1403,1286,0,83,ok,1.0909797822706064,normal,25.213675213675213
f20f58ba-b7f6-455e-9267-5700584798a7,resqz,437,3,2026-08-19T00:00:00+00:00,2026-08-26T00:00:00+00:00,20,332,305,0,20,ok,1.0885245901639344,normal,24.57264957264957
c1302426-7b94-464e-8074-934bd584a311,latayo,438,3,2026-08-19T00:00:00+00:00,2026-08-26T00:00:00+00:00,89,1731,1393,0,89,ok,1.2426417803302225,normal,61.32478632478633
47444e4a-3a2e-4952-a6d8-eb535f3f9c82,Something,439,3,2026-08-19T00:00:00+00:00,2026-08-26T00:00:00+00:00,20,313,314,0,20,ok,0.9968152866242038,normal,12.393162393162394
bea77fb4-1e11-43bf-aae7-1ce463bc0a21,nukleos143,440,3,2026-08-19T00:00:00+00:00,2026-08-26T00:00:00+00:00,23,410,344,0,23,ok,1.191860465116279,normal,48.93162393162393
5d950322-1f67-41fe-a8d7-3831ef236504,xz4yrix_-,441,3,2026-08-19T00:00:00+00:00,2026-08-26T00:00:00+00:00,0,0,0,0,0,sem_partidas,,sem_partidas,
b88c11ce-6c1c-4caf-826c-a3781f5ef95f,r3td,442,3,2026-08-19T00:00:00+00:00,2026-08-26T00:00:00+00:00,55,981,871,0,55,ok,1.1262916188289323,normal,32.69230769230769
a890369c-f360-430b-bb2b-07320647239f,Sami,443,3,2026-08-19T00:00:00+00:00,2026-08-26T00:00:00+00:00,0,0,0,0,0,sem_partidas,,sem_partidas,
41e2d7e1-a224-46b4-8565-cc04e4a9d1ea,crazed-_-,444,3,2026-08-19T00:00:00+00:00,2026-08-26T00:00:00+00:00,0,0,0,0,0,sem_partidas,,sem_partidas,
37032643-d56f-417e-b165-f058646f8076,wakash1ma666,445,3,2026-08-19T00:00:00+00:00,2026-08-26T00:00:00+00:00,19,370,286,0,19,ok,1.2937062937062938,normal,70.94017094017094
63bbf570-f8f3-4502-9c27-4b2d767bfeb8,newt,446,3,2026-08-19T00:00:00+00:00,2026-08-26T00:00:00+00:00,5,70,61,0,5,ok,1.1475409836065573,normal,39.1025641025641
5b8d259e-503e-4afe-b621-0dc202d46e43,Buzz,447,3,2026-08-19T00:00:00+00:00,2026-08-26T00:00:00+00:00,16,328,235,0,16,ok,1.3957446808510638,normal,84.61538461538461
ec933b68-6007-408c-818d-10cc284b6838,-mortal666,448,3,2026-08-19T00:00:00+00:00,2026-08-26T00:00:00+00:00,34,527,531,0,34,ok,0.992467043314501,normal,11.538461538461538
1e004a7b-a857-49ed-ad46-a3f8549d5b7e,Jaex-,449,3,2026-08-19T00:00:00+00:00,2026-08-26T00:00:00+00:00,1,18,15,0,1,ok,1.2,normal,51.06837606837607
ea125fed-a8af-4d17-91b9-4e05dc51a0ba,shalfey111,450,3,2026-08-19T00:00:00+00:00,2026-08-26T00:00:00+00:00,23,400,353,0,23,ok,1.13314447592068,normal,34.18803418803419
c03e59a1-785d-4821-8300-e84d2a30a99c,fez,451,3,2026-08-19T00:00:00+00:00,2026-08-26T00:00:00+00:00,7,108,89,0,7,ok,1.2134831460674158,normal,53.205128205128204
888098d7-ca11-498a-9d76-aa9bc8636708,-Aldikon,452,3,2026-08-19T00:00:00+00:00,2026-08-26T00:00:00+00:00,0,0,0,0,0,sem_partidas,,sem_partidas,
9af7e56b-2661-4235-a853-788f9d07d7c5,safraleine33,453,3,2026-08-19T00:00:00+00:00,2026-08-26T00:00:00+00:00,0,0,0,0,0,sem_partidas,,sem_partidas,
1fc5d089-ed6d-42bc-9014-b7bd8024a5ce,wouri,454,3,2026-08-19T00:00:00+00:00,2026-08-26T00:00:00+00:00,16,294,236,0,16,ok,1.2457627118644068,normal,61.965811965811966
94f48ada-f249-4fd3-92cd-d7e1454bbeb3,percoshk3t,455,3,2026-08-19T00:00:00+00:00,2026-08-26T00:00:00+00:00,8,135,117,0,8,ok,1.1538461538461537,normal,39.743589743589745
835047fa-11b8-44df-aff2-df367bacc016,domin0o_,456,3,2026-08-19T00:00:00+00:00,2026-08-26T00:00:00+00:00,29,423,402,0,29,ok,1.0522388059701493,normal,20.51282051282051
9b60b444-681f-4075-9bb2-5b8a1e6c8c0c,zendirege,457,3,2026-08-19T00:00:00+00:00,2026-08-26T00:00:00+00:00,66,1147,1040,0,66,ok,1.1028846153846155,normal,27.77777777777778
45a216c4-0a48-4475-9e16-4548a1ab8a63,-guty,458,3,2026-08-19T00:00:00+00:00,2026-08-26T00:00:00+00:00,5,80,67,0,5,ok,1.1940298507462686,normal,49.14529914529914
24d172ce-17ac-4473-9bbf-604230499642,kaneko999,459,3,2026-08-19T00:00:00+00:00,2026-08-26T00:00:00+00:00,25,461,413,0,25,ok,1.116222760290557,normal,29.914529914529915
766e6891-f43c-4caa-9069-6ff948384229,foidslayer--,460,3,2026-08-19T00:00:00+00:00,2026-08-26T00:00:00+00:00,15,243,235,0,15,ok,1.0340425531914894,normal,16.45299145299145
6226a775-1377-48c3-bac5-3a772af824fb,inwayz-_-,461,3,2026-08-19T00:00:00+00:00,2026-08-26T00:00:00+00:00,0,0,0,0,0,sem_partidas,,sem_partidas,
31344471-a809-45c0-9190-fd6420769871,hallzerk,462,3,2026-08-19T00:00:00+00:00,2026-08-26T00:00:00+00:00,10,165,138,0,10,ok,1.1956521739130435,normal,49.78632478632478
07590cf0-6f1c-4a5c-b349-5af955627f30,kRaSnaI,463,3,2026-08-19T00:00:00+00:00,2026-08-26T00:00:00+00:00,20,336,287,0,20,ok,1.170731707317073,normal,43.58974358974359
7620a1ae-c74b-4677-80c1-3e551c8c3fb7,PYREXX-,464,3,2026-08-19T00:00:00+00:00,2026-08-26T00:00:00+00:00,23,353,372,0,23,ok,0.9489247311827957,normal,5.769230769230769
2148ed19-15a3-4d2f-973e-4b7d6a29af6b,AI-Bagheera,465,3,2026-08-19T00:00:00+00:00,2026-08-26T00:00:00+00:00,14,210,209,0,14,ok,1.0047846889952152,normal,13.675213675213676
a20678de-0c2d-4a9f-bf8e-3c856bceab45,b1t,466,3,2026-08-19T00:00:00+00:00,2026-08-26T00:00:00+00:00,10,172,151,0,10,ok,1.1390728476821192,normal,36.324786324786324
57bf2171-049e-46e6-8e16-131dcb92a415,avid-,467,3,2026-08-19T00:00:00+00:00,2026-08-26T00:00:00+00:00,6,101,61,0,6,ok,1.6557377049180328,outlier_positivo,97.64957264957265
43e675a8-d54e-42c4-b055-c0d2062bbf7e,YumsaN,468,3,2026-08-19T00:00:00+00:00,2026-08-26T00:00:00+00:00,0,0,0,0,0,sem_partidas,,sem_partidas,
b0ee1f18-598b-4f15-89d5-99b614cc93b0,Malkiss,469,3,2026-08-19T00:00:00+00:00,2026-08-26T00:00:00+00:00,0,0,0,0,0,sem_partidas,,sem_partidas,
8a4b1c1b-7957-4b83-a18c-1dee110c4cfc,1nki7331,470,3,2026-08-19T00:00:00+00:00,2026-08-26T00:00:00+00:00,0,0,0,0,0,sem_partidas,,sem_partidas,
d9981652-0143-4c1f-9de5-7fed7f2315f5,k1ssly-,471,3,2026-08-19T00:00:00+00:00,2026-08-26T00:00:00+00:00,13,245,164,0,13,ok,1.4939024390243902,normal,92.3076923076923
d6537a7f-eb98-449d-9f31-cada1d6b910d,wswavdghfwd,472,3,2026-08-19T00:00:00+00:00,2026-08-26T00:00:00+00:00,7,140,114,0,7,ok,1.2280701754385965,normal,57.05128205128205
2d83d2dc-abfd-490e-b05e-0019887cf33c,731MusorDrop,473,3,2026-08-19T00:00:00+00:00,2026-08-26T00:00:00+00:00,32,571,418,0,32,ok,1.3660287081339713,normal,81.83760683760684
da235764-ca50-4d23-b071-38e9bf44a39b,jv2k,474,3,2026-08-19T00:00:00+00:00,2026-08-26T00:00:00+00:00,10,163,143,0,10,ok,1.1398601398601398,normal,36.53846153846153
f91a0186-c110-4c26-b82b-b77f885510a4,cheaterhs,475,3,2026-08-19T00:00:00+00:00,2026-08-26T00:00:00+00:00,6,122,103,0,6,ok,1.1844660194174756,normal,48.07692307692308
eda41a31-6cf9-49f9-9870-7b12bb0d9150,CASEKAICEDO,476,3,2026-08-19T00:00:00+00:00,2026-08-26T00:00:00+00:00,0,0,0,0,0,sem_partidas,,sem_partidas,
d3f24072-38c0-44ac-9d8b-5dba72c47569,danil_potoke,477,3,2026-08-19T00:00:00+00:00,2026-08-26T00:00:00+00:00,56,913,850,0,56,ok,1.0741176470588236,normal,22.22222222222222
772edefc-9b9d-4e5b-b33e-2958eb6c38a7,H1jgnsh-_-,478,3,2026-08-19T00:00:00+00:00,2026-08-26T00:00:00+00:00,46,745,658,0,46,ok,1.1322188449848025,normal,33.97435897435898
1495e67c-8aa5-4e8a-9e24-7f17e5ea3049,PUPA-9,479,3,2026-08-19T00:00:00+00:00,2026-08-26T00:00:00+00:00,37,700,561,0,37,ok,1.2477718360071302,normal,62.60683760683761
ee612218-4533-4dbc-a8db-21192d8217b8,epeaj666,480,3,2026-08-19T00:00:00+00:00,2026-08-26T00:00:00+00:00,38,758,578,0,38,ok,1.3114186851211074,normal,74.35897435897436
15371e7d-a30d-4b6a-80d8-d8ca1b8cbc43,stavnmagi,481,3,2026-08-19T00:00:00+00:00,2026-08-26T00:00:00+00:00,22,465,322,0,22,ok,1.4440993788819876,normal,89.1025641025641
fed5173b-cc64-4d2a-914f-84273a4eb392,deliciousSs,482,3,2026-08-19T00:00:00+00:00,2026-08-26T00:00:00+00:00,15,212,260,0,15,ok,0.8153846153846154,normal,0.8547008547008548
f140177f-6dec-4903-9bb6-598f1049e97f,her1tage111,483,3,2026-08-19T00:00:00+00:00,2026-08-26T00:00:00+00:00,13,239,207,0,13,ok,1.1545893719806763,normal,40.17094017094017
e35850f7-8043-4e71-9d3a-3748cb6dfdd7,Shoota-_-,484,3,2026-08-19T00:00:00+00:00,2026-08-26T00:00:00+00:00,23,399,314,0,23,ok,1.2707006369426752,normal,67.52136752136752
c46fe7d1-7623-4014-a63b-2e8bc3cbac62,262,485,3,2026-08-19T00:00:00+00:00,2026-08-26T00:00:00+00:00,64,927,964,0,64,ok,0.9616182572614108,normal,7.264957264957266
defccfc4-ddf1-4aee-b441-51adf7306f37,m4d4ra666,486,3,2026-08-19T00:00:00+00:00,2026-08-26T00:00:00+00:00,33,517,499,0,33,ok,1.0360721442885772,normal,17.307692307692307
24a3d250-e64e-4212-9872-2f37997e3e5f,l4uvmaria,487,3,2026-08-19T00:00:00+00:00,2026-08-26T00:00:00+00:00,9,192,142,0,9,ok,1.352112676056338,normal,79.91452991452992
c6ab629f-9142-4edb-9cb9-a88d5b6ac7ef,Chr1zN,488,3,2026-08-19T00:00:00+00:00,2026-08-26T00:00:00+00:00,11,206,165,0,11,ok,1.2484848484848485,normal,63.034188034188034
30d65106-6fb6-4f84-8a7a-66c10df34b72,--SanDy,489,3,2026-08-19T00:00:00+00:00,2026-08-26T00:00:00+00:00,37,554,567,0,37,ok,0.9770723104056437,normal,9.401709401709402
f02fe0de-fda4-490e-8048-a33cd7a47b54,Jayy2s,490,3,2026-08-19T00:00:00+00:00,2026-08-26T00:00:00+00:00,30,495,443,0,30,ok,1.1173814898419865,normal,30.34188034188034
a29dccc8-5ea9-49be-a884-09b80706b010,fdghnsfdgb,491,3,2026-08-19T00:00:00+00:00,2026-08-26T00:00:00+00:00,25,335,382,0,25,ok,0.8769633507853403,normal,2.1367521367521367
75c35b01-719b-4d98-b110-e99a0369097a,whyalive999,492,3,2026-08-19T00:00:00+00:00,2026-08-26T00:00:00+00:00,6,133,102,0,6,ok,1.303921568627451,normal,72.64957264957265
cab2a609-de2f-4023-a9c7-af89d5292c96,D0cC,493,3,2026-08-19T00:00:00+00:00,2026-08-26T00:00:00+00:00,25,553,360,0,25,ok,1.5361111111111112,normal,95.08547008547008
c8a2d8f4-c3d9-46dd-b779-e20940697c76,emiii-,494,3,2026-08-19T00:00:00+00:00,2026-08-26T00:00:00+00:00,28,390,428,0,28,ok,0.9112149532710281,normal,3.8461538461538463
3783cdb7-ad5b-4c10-ba0e-ba14df7f8403,-Blam1e,495,3,2026-08-19T00:00:00+00:00,2026-08-26T00:00:00+00:00,29,483,449,0,29,ok,1.0757238307349666,normal,22.435897435897438
f60f128f-693b-4be2-8d37-d8bf0ad519ec,faydett,496,3,2026-08-19T00:00:00+00:00,2026-08-26T00:00:00+00:00,5,92,78,0,5,ok,1.1794871794871795,normal,46.15384615384615
1bce43de-6944-4533-8402-4631f989c56c,kagiriiii,497,3,2026-08-19T00:00:00+00:00,2026-08-26T00:00:00+00:00,37,714,603,0,37,ok,1.1840796019900497,normal,47.64957264957265
fa49d188-261a-4200-b10d-1c632dfeb87a,solb7,498,3,2026-08-19T00:00:00+00:00,2026-08-26T00:00:00+00:00,13,220,198,0,13,ok,1.1111111111111112,normal,28.63247863247863
cc4540db-0be4-43d7-869d-0a10573e8902,PleaseF1xMe,499,3,2026-08-19T00:00:00+00:00,2026-08-26T00:00:00+00:00,37,581,590,0,37,ok,0.9847457627118644,normal,10.47008547008547
b89b63c3-72b3-4f94-ad9f-8f1cede7e874,edgyS,500,3,2026-08-19T00:00:00+00:00,2026-08-26T00:00:00+00:00,25,448,365,0,25,ok,1.2273972602739727,normal,56.623931623931625
e5e8e2a6-d716-4493-b949-e16965f41654,donk666,1,4,2026-08-26T00:00:00+00:00,2026-09-02T00:00:00+00:00,16,359,247,1,17,dados_incompletos,,dados_incompletos,
33c4e3c7-5428-46f2-bc0f-3fbdce907873,abiraju,2,4,2026-08-26T00:00:00+00:00,2026-09-02T00:00:00+00:00,2,35,33,0,2,ok,1.0606060606060606,normal,17.92656587473002
74df0e6b-5b41-42d7-93b4-05dc78b9a699,dem0nnnnnnnn,3,4,2026-08-26T00:00:00+00:00,2026-09-02T00:00:00+00:00,5,98,70,0,5,ok,1.4,normal,83.8012958963283
5c96af4a-20e7-40dc-b91b-551803b6170a,1prince1,4,4,2026-08-26T00:00:00+00:00,2026-09-02T00:00:00+00:00,22,477,338,0,22,ok,1.4112426035502958,normal,85.09719222462203
e5b855bd-3dbc-4928-a216-241d615b431b,nipl,5,4,2026-08-26T00:00:00+00:00,2026-09-02T00:00:00+00:00,20,410,312,0,20,ok,1.314102564102564,normal,72.78617710583153
34f9fcd0-4f1f-4693-bd96-c2e29df992e5,bluewh1te,6,4,2026-08-26T00:00:00+00:00,2026-09-02T00:00:00+00:00,19,377,279,0,19,ok,1.3512544802867383,normal,79.04967602591793
64000660-f2d2-4c9b-8e29-6ad5ec2b49cf,CEMEN_BAKIN,7,4,2026-08-26T00:00:00+00:00,2026-09-02T00:00:00+00:00,3,83,42,0,3,ok,1.9761904761904763,outlier_positivo,100.0
463b9403-9b63-4408-a962-d9452385af4d,z1Nny,8,4,2026-08-26T00:00:00+00:00,2026-09-02T00:00:00+00:00,19,312,292,0,19,ok,1.0684931506849316,normal,20.518358531317496
be994de3-89c8-4d40-9286-c14035208743,-SYPH0,9,4,2026-08-26T00:00:00+00:00,2026-09-02T00:00:00+00:00,19,379,257,0,19,ok,1.4747081712062258,normal,90.06479481641469
2f5f6b1e-9705-45e8-9065-233680b8f4b8,synyx--,10,4,2026-08-26T00:00:00+00:00,2026-09-02T00:00:00+00:00,24,441,335,0,24,ok,1.3164179104477611,normal,74.08207343412528
ae86bf74-eeda-444f-8db4-a4703a74fc95,1769-,11,4,2026-08-26T00:00:00+00:00,2026-09-02T00:00:00+00:00,21,464,314,0,21,ok,1.4777070063694266,normal,90.28077753779698
10b5e974-6308-46ba-8968-0d8b2f5e5c04,U10m3k,12,4,2026-08-26T00:00:00+00:00,2026-09-02T00:00:00+00:00,14,209,158,0,14,ok,1.3227848101265822,normal,75.16198704103671
7034bcab-8503-4615-b216-ba9f05c0ae13,adamb1,13,4,2026-08-26T00:00:00+00:00,2026-09-02T00:00:00+00:00,19,421,262,0,19,ok,1.6068702290076335,normal,96.11231101511879
ca1a7e52-32d3-4330-9c4d-c6d91c7e1eca,kumao,14,4,2026-08-26T00:00:00+00:00,2026-09-02T00:00:00+00:00,2,40,28,0,2,ok,1.4285714285714286,normal,87.47300215982722
ba9547a0-c1de-40d7-92be-17dc224c2aec,Ex1st---,15,4,2026-08-26T00:00:00+00:00,2026-09-02T00:00:00+00:00,19,315,275,0,19,ok,1.1454545454545455,normal,37.79697624190065
300012ab-d5be-4271-96be-e2ac66a8f4d4,tried,16,4,2026-08-26T00:00:00+00:00,2026-09-02T00:00:00+00:00,65,1243,975,0,65,ok,1.274871794871795,normal,64.79481641468684
b0bf2cc2-198a-4a78-988d-2e7ff7ee6815,Magnojezzz,17,4,2026-08-26T00:00:00+00:00,2026-09-02T00:00:00+00:00,11,189,155,0,11,ok,1.2193548387096773,normal,53.56371490280778
a1d1b853-0d85-437f-9e21-2e9dea4976f5,kRaSnaL,18,4,2026-08-26T00:00:00+00:00,2026-09-02T00:00:00+00:00,70,1245,1158,0,70,ok,1.0751295336787565,normal,22.4622030237581
2ee20933-e330-4879-8eed-0eda12f63b60,Ryujin,19,4,2026-08-26T00:00:00+00:00,2026-09-02T00:00:00+00:00,49,857,752,0,49,ok,1.139627659574468,normal,36.7170626349892
7cfd2312-1ff0-434c-a4b1-be10b033636f,xKacpersky,20,4,2026-08-26T00:00:00+00:00,2026-09-02T00:00:00+00:00,11,191,166,0,11,ok,1.1506024096385543,normal,38.66090712742981
dfe2650b-74ec-419f-8308-cbedfba7eae5,D9D9VOLODYA,21,4,2026-08-26T00:00:00+00:00,2026-09-02T00:00:00+00:00,1,45,35,0,1,ok,1.2857142857142858,normal,67.3866090712743
512e4ffc-1edf-4f6b-819c-8d15498267b1,tronic,22,4,2026-08-26T00:00:00+00:00,2026-09-02T00:00:00+00:00,12,256,176,0,12,ok,1.4545454545454546,normal,88.98488120950324
f0b0bbdb-af3d-4ad2-a509-9d75e472a558,sakha,23,4,2026-08-26T00:00:00+00:00,2026-09-02T00:00:00+00:00,39,698,558,0,39,ok,1.2508960573476702,normal,59.611231101511876
d3b48a63-5d9d-4db7-ab3f-1dc325b0fc34,mazay,24,4,2026-08-26T00:00:00+00:00,2026-09-02T00:00:00+00:00,5,80,68,0,5,ok,1.1764705882352942,normal,45.57235421166307
2ce03e2d-72bd-45d8-872c-dfdefd172e72,nbl-,25,4,2026-08-26T00:00:00+00:00,2026-09-02T00:00:00+00:00,24,487,393,0,24,ok,1.2391857506361323,normal,57.2354211663067
14ade289-8e06-4e85-be76-7ffc51426cae,SquEzxc,26,4,2026-08-26T00:00:00+00:00,2026-09-02T00:00:00+00:00,8,149,93,0,8,ok,1.6021505376344085,normal,95.8963282937365
3b04032f-fa9d-4f8d-9cb5-a2481c51d4bd,Kopol9HEybuT,27,4,2026-08-26T00:00:00+00:00,2026-09-02T00:00:00+00:00,14,271,214,0,14,ok,1.266355140186916,normal,62.634989200863934
ac784f9e-2975-4e9d-b3bc-f2b4a2e8c83b,trd73,28,4,2026-08-26T00:00:00+00:00,2026-09-02T00:00:00+00:00,19,355,270,0,19,ok,1.3148148148148149,normal,73.00215982721382
ac852ba6-6bcd-48f4-a216-1fbe64aeb6a5,mag1k3Y,29,4,2026-08-26T00:00:00+00:00,2026-09-02T00:00:00+00:00,22,502,354,0,22,ok,1.4180790960451977,normal,86.17710583153347
58dabfcf-c6d3-4a31-bb0e-9c95ff9c891b,whyhurt,30,4,2026-08-26T00:00:00+00:00,2026-09-02T00:00:00+00:00,39,698,590,0,39,ok,1.1830508474576271,normal,47.084233261339094
3f31fb51-5179-4d2a-871f-831c46d51e5b,rifler,31,4,2026-08-26T00:00:00+00:00,2026-09-02T00:00:00+00:00,29,495,386,0,29,ok,1.282383419689119,normal,66.73866090712744
821d2f75-a314-48d7-8a90-5d2f152e761a,em0k1d,32,4,2026-08-26T00:00:00+00:00,2026-09-02T00:00:00+00:00,31,543,436,0,31,ok,1.2454128440366972,normal,58.747300215982726
8f151c97-d096-40f1-b3ae-3afaaca644bb,hARNgAdd--,33,4,2026-08-26T00:00:00+00:00,2026-09-02T00:00:00+00:00,37,832,551,0,37,ok,1.5099818511796734,normal,92.44060475161987
e942341f-24df-45d9-ac6d-9817cfa6ad0b,frontales,34,4,2026-08-26T00:00:00+00:00,2026-09-02T00:00:00+00:00,16,340,241,0,16,ok,1.4107883817427387,normal,84.88120950323975
09013eac-138e-47ca-a38f-2ba9021c975f,flouzer,35,4,2026-08-26T00:00:00+00:00,2026-09-02T00:00:00+00:00,15,254,242,0,15,ok,1.0495867768595042,normal,14.686825053995682
f7320c44-0f99-4c4c-a56c-f83efb346eb8,fudzhy,36,4,2026-08-26T00:00:00+00:00,2026-09-02T00:00:00+00:00,26,537,422,0,26,ok,1.2725118483412323,normal,63.498920086393085
5f766d86-a43a-463c-8673-b4b3d8889631,tokyoshi,37,4,2026-08-26T00:00:00+00:00,2026-09-02T00:00:00+00:00,45,863,656,0,45,ok,1.3155487804878048,normal,73.6501079913607
89aee03d-1762-4b48-99b9-61ff5827dd3f,KAD1M,38,4,2026-08-26T00:00:00+00:00,2026-09-02T00:00:00+00:00,19,385,273,0,19,ok,1.4102564102564104,normal,84.66522678185746
16535c6a-fbce-4485-b5b8-fab4340b707e,b1st-,39,4,2026-08-26T00:00:00+00:00,2026-09-02T00:00:00+00:00,20,370,314,0,20,ok,1.178343949044586,normal,46.220302375809936
3ecdb88c-0a97-457f-a130-d0782176f94d,FenomeN--,40,4,2026-08-26T00:00:00+00:00,2026-09-02T00:00:00+00:00,6,116,67,0,6,ok,1.7313432835820894,outlier_positivo,98.70410367170626
31cf2b21-6afc-4bac-a36f-40cebaa6f862,cartilag,41,4,2026-08-26T00:00:00+00:00,2026-09-02T00:00:00+00:00,8,188,121,0,8,ok,1.5537190082644627,normal,94.38444924406048
7c15da7f-39d6-4f8d-b237-ddcc58d0751b,hey666,42,4,2026-08-26T00:00:00+00:00,2026-09-02T00:00:00+00:00,32,632,414,0,32,ok,1.5265700483091786,normal,92.87257019438445
4b6a67fe-50fb-462d-9940-568d8ebd3f83,0SAMAS,43,4,2026-08-26T00:00:00+00:00,2026-09-02T00:00:00+00:00,18,322,275,0,18,ok,1.170909090909091,normal,42.76457883369331
18842687-3e2e-45fc-a146-0cc8d4d398e9,ayuki222,44,4,2026-08-26T00:00:00+00:00,2026-09-02T00:00:00+00:00,8,151,101,0,8,ok,1.495049504950495,normal,91.36069114470843
e1c59162-b1e7-48c6-9831-eff3170045af,Tri-Borgg1,45,4,2026-08-26T00:00:00+00:00,2026-09-02T00:00:00+00:00,23,412,385,0,23,ok,1.07012987012987,normal,21.166306695464364
24f68939-d90a-4e47-8e43-7e5137c86f48,stressarN,46,4,2026-08-26T00:00:00+00:00,2026-09-02T00:00:00+00:00,19,328,282,0,19,ok,1.1631205673758864,normal,41.46868250539957
bf4c5d97-d8c0-4d0f-bdf3-26066898a7b9,777thienlao,47,4,2026-08-26T00:00:00+00:00,2026-09-02T00:00:00+00:00,46,849,737,0,46,ok,1.151967435549525,normal,39.09287257019439
4df4d439-0a99-470c-9c36-83b9405a2640,Pump-,48,4,2026-08-26T00:00:00+00:00,2026-09-02T00:00:00+00:00,23,495,324,0,23,ok,1.5277777777777777,normal,93.08855291576674
2d2af39e-de80-4670-91da-3a5f7c4a6d32,alkarenn56,49,4,2026-08-26T00:00:00+00:00,2026-09-02T00:00:00+00:00,5,99,72,0,5,ok,1.375,normal,82.07343412526998
898780b2-bf70-4c28-8e0d-b9600be8397e,zweih1221,50,4,2026-08-26T00:00:00+00:00,2026-09-02T00:00:00+00:00,21,401,307,0,21,ok,1.3061889250814331,normal,71.2742980561555
009623b1-dd6e-4551-959e-990a21657f93,Mzinho,51,4,2026-08-26T00:00:00+00:00,2026-09-02T00:00:00+00:00,6,101,82,0,6,ok,1.2317073170731707,normal,56.15550755939525
ee98a960-c028-4fc6-a62f-af6244e6226e,SiKO-_,52,4,2026-08-26T00:00:00+00:00,2026-09-02T00:00:00+00:00,12,219,175,0,12,ok,1.2514285714285713,normal,60.043196544276455
a280ed8a-3e2b-4305-8e71-fb4c9cc7fa98,kl1m--,53,4,2026-08-26T00:00:00+00:00,2026-09-02T00:00:00+00:00,19,414,256,0,19,ok,1.6171875,normal,96.54427645788337
d9e2a538-9722-4d1c-9925-958f849de1ea,NertZ,54,4,2026-08-26T00:00:00+00:00,2026-09-02T00:00:00+00:00,11,308,206,0,11,ok,1.4951456310679612,normal,91.5766738660907
553eaffc-58b4-4534-8310-cc19b37f72de,lattykk,55,4,2026-08-26T00:00:00+00:00,2026-09-02T00:00:00+00:00,1,38,23,0,1,ok,1.6521739130434783,normal,96.97624190064795
c5c1fd40-16a4-4a4f-81ff-b21839a9353b,-FpSSSSSSSSS,56,4,2026-08-26T00:00:00+00:00,2026-09-02T00:00:00+00:00,34,621,494,0,34,ok,1.257085020242915,normal,60.69114470842333
840ac5b1-cf1e-4e54-aa54-fbb11bffd146,Kingway0,57,4,2026-08-26T00:00:00+00:00,2026-09-02T00:00:00+00:00,20,382,318,0,20,ok,1.20125786163522,normal,50.75593952483801
dbba8660-90d5-432e-8eda-5e766ae13d23,top1sacer,58,4,2026-08-26T00:00:00+00:00,2026-09-02T00:00:00+00:00,45,679,678,0,45,ok,1.0014749262536873,normal,7.559395248380129
2864bdaf-21ab-4757-bab6-3262bec18ec5,ooh,59,4,2026-08-26T00:00:00+00:00,2026-09-02T00:00:00+00:00,13,262,223,0,13,ok,1.1748878923766817,normal,44.70842332613391
b9124784-0b46-4279-b95a-9e6c0a3701c6,rokilan,60,4,2026-08-26T00:00:00+00:00,2026-09-02T00:00:00+00:00,31,547,520,0,31,ok,1.051923076923077,normal,15.118790496760258
d5f8380b-673c-4d53-8bbb-d537131ae2cf,Keksimage,61,4,2026-08-26T00:00:00+00:00,2026-09-02T00:00:00+00:00,2,25,41,0,2,ok,0.6097560975609756,outlier_negativo,0.4319654427645789
7657e31e-7356-4b24-9930-140c13afda49,Donii,62,4,2026-08-26T00:00:00+00:00,2026-09-02T00:00:00+00:00,38,704,565,0,38,ok,1.2460176991150442,normal,58.963282937365015
86ff5145-8f7f-49f2-b971-c9945f696e71,rendysky,63,4,2026-08-26T00:00:00+00:00,2026-09-02T00:00:00+00:00,1,15,16,0,1,ok,0.9375,normal,2.8077753779697625
39bcd70b-01c9-439a-b1ef-029c92ec42ce,M1key-,64,4,2026-08-26T00:00:00+00:00,2026-09-02T00:00:00+00:00,13,250,206,0,13,ok,1.2135922330097086,normal,52.26781857451404
b3df676a-ce32-4229-8144-9329bb7a247b,dement3r-,65,4,2026-08-26T00:00:00+00:00,2026-09-02T00:00:00+00:00,13,204,172,0,13,ok,1.186046511627907,normal,47.94816414686825
0372e659-5677-4481-aff7-496d2596e5cf,m3wsu,66,4,2026-08-26T00:00:00+00:00,2026-09-02T00:00:00+00:00,26,534,413,0,26,ok,1.2929782082324455,normal,68.68250539956804
e767b78c-8a2d-4bee-b65c-766dd8bab560,gooddeph-7-,67,4,2026-08-26T00:00:00+00:00,2026-09-02T00:00:00+00:00,14,246,193,0,14,ok,1.2746113989637307,normal,64.57883369330453
c93012d6-5e6e-4b84-b39f-b7d4cadfa75c,OGbrigada77,68,4,2026-08-26T00:00:00+00:00,2026-09-02T00:00:00+00:00,28,506,435,0,28,ok,1.1632183908045977,normal,41.68466522678186
b5ecf6b6-0ad9-4976-9f6a-92470ea1c92d,FAZERY,69,4,2026-08-26T00:00:00+00:00,2026-09-02T00:00:00+00:00,8,216,167,0,8,ok,1.2934131736526946,normal,68.89848812095032
4513b098-01b1-4bb5-aa89-8bfaa5ad92d1,k0gaSs,70,4,2026-08-26T00:00:00+00:00,2026-09-02T00:00:00+00:00,19,330,284,0,19,ok,1.1619718309859155,normal,41.252699784017274
75d9c4f8-7cef-4f19-9dd5-500ef0a5b9f0,thecursed-,71,4,2026-08-26T00:00:00+00:00,2026-09-02T00:00:00+00:00,8,143,120,0,8,ok,1.1916666666666667,normal,48.38012958963283
e64f169f-cf2f-47f1-aa84-0b04a9566c53,sqw--,72,4,2026-08-26T00:00:00+00:00,2026-09-02T00:00:00+00:00,14,262,241,0,14,ok,1.0871369294605808,normal,26.13390928725702
c11367d0-bbdd-4398-9a32-858ac23bf950,Maarkoos,73,4,2026-08-26T00:00:00+00:00,2026-09-02T00:00:00+00:00,32,547,467,0,32,ok,1.171306209850107,normal,42.98056155507559
f2dea182-d1b6-42eb-a95c-909604817c12,idifuxa,74,4,2026-08-26T00:00:00+00:00,2026-09-02T00:00:00+00:00,3,58,46,0,3,ok,1.2608695652173914,normal,61.55507559395248
10735fa0-ab32-4b53-9725-f2f6ce9090de,youka,75,4,2026-08-26T00:00:00+00:00,2026-09-02T00:00:00+00:00,0,0,0,0,0,sem_partidas,,sem_partidas,
b3eca94a-e203-49b3-beeb-d994f6a4df63,--Mokuj1n,76,4,2026-08-26T00:00:00+00:00,2026-09-02T00:00:00+00:00,9,155,107,0,9,ok,1.4485981308411215,normal,88.55291576673866
3ae0a945-fef4-4738-b6b9-7b3b5db7f249,PR--,77,4,2026-08-26T00:00:00+00:00,2026-09-02T00:00:00+00:00,14,255,218,0,14,ok,1.1697247706422018,normal,42.54859611231102
e8d95f8f-ecb3-4bd2-9dd0-28da03c253f0,brutmonster,78,4,2026-08-26T00:00:00+00:00,2026-09-02T00:00:00+00:00,0,0,0,0,0,sem_partidas,,sem_partidas,
560a0af8-5fcd-46fb-ace8-7a89ce987b27,dezl3bio,79,4,2026-08-26T00:00:00+00:00,2026-09-02T00:00:00+00:00,15,281,249,0,15,ok,1.1285140562248996,normal,34.34125269978402
93306681-bce6-4369-8c41-e0bdba2597ed,m0NESY,80,4,2026-08-26T00:00:00+00:00,2026-09-02T00:00:00+00:00,3,57,44,0,3,ok,1.2954545454545454,normal,69.3304535637149
cb38b461-9ead-4683-9406-237263c331db,slaxejezzz,81,4,2026-08-26T00:00:00+00:00,2026-09-02T00:00:00+00:00,20,410,277,0,20,ok,1.48014440433213,normal,90.49676025917927
f45986f7-7618-485e-a9ff-ee3e629589cc,MaSvAl,82,4,2026-08-26T00:00:00+00:00,2026-09-02T00:00:00+00:00,12,215,160,0,12,ok,1.34375,normal,77.5377969762419
860eb93d-a963-418c-9e2c-69d39f270eb3,Krabeni,83,4,2026-08-26T00:00:00+00:00,2026-09-02T00:00:00+00:00,9,206,195,0,9,ok,1.0564102564102564,normal,16.414686825053995
657680fd-36af-4fa3-a506-8e1f6e64a1ff,kensizor,84,4,2026-08-26T00:00:00+00:00,2026-09-02T00:00:00+00:00,14,371,240,0,14,ok,1.5458333333333334,normal,94.16846652267819
00beb86f-d29e-4f4f-ad7c-580d9b1434b4,es0r7,85,4,2026-08-26T00:00:00+00:00,2026-09-02T00:00:00+00:00,6,104,98,0,6,ok,1.0612244897959184,normal,18.142548596112313
70afdb5a-9362-4aa9-bfcd-2e10e6447293,heavensent,86,4,2026-08-26T00:00:00+00:00,2026-09-02T00:00:00+00:00,5,77,64,0,5,ok,1.203125,normal,51.61987041036718
1a4ed498-cee4-44e7-8fee-ce1ecba7647c,executor,87,4,2026-08-26T00:00:00+00:00,2026-09-02T00:00:00+00:00,11,239,176,0,11,ok,1.3579545454545454,normal,80.12958963282938
ff5a0714-0b89-4646-a6b3-34fc571913ff,Dyshbert,88,4,2026-08-26T00:00:00+00:00,2026-09-02T00:00:00+00:00,41,684,624,0,41,ok,1.0961538461538463,normal,28.509719222462206
f2ed130e-93c9-46c9-8f93-377b18a43007,m4tthiXD,89,4,2026-08-26T00:00:00+00:00,2026-09-02T00:00:00+00:00,13,198,188,0,13,ok,1.053191489361702,normal,15.766738660907128
f2fe1b0a-5106-4943-a66e-61e9dad480e4,shen,90,4,2026-08-26T00:00:00+00:00,2026-09-02T00:00:00+00:00,16,318,223,0,16,ok,1.4260089686098654,normal,87.04103671706264
2d746c13-16de-48bf-a8a2-b7a0341aa66d,day0sTV,91,4,2026-08-26T00:00:00+00:00,2026-09-02T00:00:00+00:00,36,637,531,0,36,ok,1.1996233521657251,normal,50.53995680345572
9ba15dee-7a51-4524-a502-5161dbf1a604,Kiryasoo,92,4,2026-08-26T00:00:00+00:00,2026-09-02T00:00:00+00:00,17,299,265,0,17,ok,1.1283018867924528,normal,34.12526997840173
981a95bd-ff59-4ead-80ca-55cd3a3034ba,bl1x1,93,4,2026-08-26T00:00:00+00:00,2026-09-02T00:00:00+00:00,18,320,252,0,18,ok,1.2698412698412698,normal,63.06695464362851
07a67e4b-d42c-4352-802c-56f3d8a0c357,skept1K,94,4,2026-08-26T00:00:00+00:00,2026-09-02T00:00:00+00:00,24,414,336,0,24,ok,1.2321428571428572,normal,56.371490280777536
fb1af1d5-eee3-46e3-9939-01df9420b9d6,xelex,95,4,2026-08-26T00:00:00+00:00,2026-09-02T00:00:00+00:00,6,118,83,0,6,ok,1.4216867469879517,normal,86.82505399568035
f021a295-77ea-4eb4-a86d-f5de0fbae819,-k9ppy,96,4,2026-08-26T00:00:00+00:00,2026-09-02T00:00:00+00:00,65,1347,1019,0,65,ok,1.321884200196271,normal,74.73002159827213
3debc071-8e59-4823-86ab-ed3996ecc200,aMPYLS0N,97,4,2026-08-26T00:00:00+00:00,2026-09-02T00:00:00+00:00,46,794,729,0,46,ok,1.0891632373113855,normal,26.565874730021598
7dbf107a-1199-4932-823e-e38ccc46288e,MaiL09,98,4,2026-08-26T00:00:00+00:00,2026-09-02T00:00:00+00:00,15,266,214,0,15,ok,1.2429906542056075,normal,58.31533477321814
bd0c2058-84d7-42a7-9e52-d42caa1bcc47,Djon8,99,4,2026-08-26T00:00:00+00:00,2026-09-02T00:00:00+00:00,3,44,41,0,3,ok,1.0731707317073171,normal,21.814254859611232
72e06938-b0cd-43d3-90d7-7db513dcfa0f,la3euka,100,4,2026-08-26T00:00:00+00:00,2026-09-02T00:00:00+00:00,12,235,184,0,12,ok,1.2771739130434783,normal,65.2267818574514
9fd59dc3-fcff-4a13-a40b-52fe7391020b,headmashin1e,101,4,2026-08-26T00:00:00+00:00,2026-09-02T00:00:00+00:00,23,408,335,0,23,ok,1.217910447761194,normal,53.131749460043196
df7166cf-725c-4438-94a8-069e6df31a56,adex_-,102,4,2026-08-26T00:00:00+00:00,2026-09-02T00:00:00+00:00,16,272,230,0,16,ok,1.182608695652174,normal,46.868250539956804
ad239f19-d904-4771-8e6b-5a6c071bb94c,tO0RO,103,4,2026-08-26T00:00:00+00:00,2026-09-02T00:00:00+00:00,12,228,164,0,12,ok,1.3902439024390243,normal,83.36933045356372
b16878a2-01c6-4d99-8a2e-7a9bc32a83a5,t3ns1on,104,4,2026-08-26T00:00:00+00:00,2026-09-02T00:00:00+00:00,24,386,342,0,24,ok,1.128654970760234,normal,34.557235421166304
d649f36b-8ea1-4f0b-b326-a631f8508938,-Kunai,105,4,2026-08-26T00:00:00+00:00,2026-09-02T00:00:00+00:00,7,140,91,0,7,ok,1.5384615384615385,normal,93.73650107991361
dca638b9-fd2d-40eb-b7c6-c853242618d0,iRV1NG,106,4,2026-08-26T00:00:00+00:00,2026-09-02T00:00:00+00:00,0,0,0,0,0,sem_partidas,,sem_partidas,
d413e287-2af5-49cc-a95c-8825702fa233,seximanjak,107,4,2026-08-26T00:00:00+00:00,2026-09-02T00:00:00+00:00,65,1204,1075,0,65,ok,1.12,normal,33.04535637149028
1e01229f-b0d8-4cb1-82f0-6fd7dc362990,Qlocuu,108,4,2026-08-26T00:00:00+00:00,2026-09-02T00:00:00+00:00,14,258,232,0,14,ok,1.1120689655172413,normal,31.101511879049674
e8efe2d2-a8a7-428f-87b3-d2b3c29e0e5f,Anlelele,109,4,2026-08-26T00:00:00+00:00,2026-09-02T00:00:00+00:00,19,318,280,0,19,ok,1.1357142857142857,normal,35.85313174946004
5ef454c3-1ff3-4a9d-a2df-097cbcb911a3,ayanokojii,110,4,2026-08-26T00:00:00+00:00,2026-09-02T00:00:00+00:00,36,650,542,0,36,ok,1.1992619926199262,normal,50.323974082073434
329c6a46-4acf-404a-8a29-fd391e6a88de,-kRyTouS,111,4,2026-08-26T00:00:00+00:00,2026-09-02T00:00:00+00:00,0,0,0,0,0,sem_partidas,,sem_partidas,
2f96ef6e-c6f9-4c55-bee9-c49798801fd4,puuha,112,4,2026-08-26T00:00:00+00:00,2026-09-02T00:00:00+00:00,13,228,194,0,13,ok,1.175257731958763,normal,44.9244060475162
085e0f56-1417-48df-b9f8-2279c8756854,musordrop853,113,4,2026-08-26T00:00:00+00:00,2026-09-02T00:00:00+00:00,14,287,219,0,14,ok,1.3105022831050228,normal,71.92224622030238
dcc5bb48-c74c-413e-9773-20d3294dcbb0,MoDo,114,4,2026-08-26T00:00:00+00:00,2026-09-02T00:00:00+00:00,23,407,296,0,23,ok,1.375,normal,82.07343412526998
c84f9dbb-69e3-4d31-a283-21516bfe9a3d,Cliqq,115,4,2026-08-26T00:00:00+00:00,2026-09-02T00:00:00+00:00,36,642,547,0,36,ok,1.1736745886654478,normal,43.628509719222464
559a164d-93d6-4197-a902-f9cd92ee65ff,ketsuo,116,4,2026-08-26T00:00:00+00:00,2026-09-02T00:00:00+00:00,19,340,274,0,19,ok,1.2408759124087592,normal,57.88336933045356
7ea66ae5-c99f-4846-8fc2-cd6e03a5559f,kurosa,117,4,2026-08-26T00:00:00+00:00,2026-09-02T00:00:00+00:00,7,172,104,0,7,ok,1.6538461538461537,normal,97.19222462203024
b6daa950-11e5-4f51-b58e-b4e01e112500,sirah,118,4,2026-08-26T00:00:00+00:00,2026-09-02T00:00:00+00:00,11,148,137,0,11,ok,1.0802919708029197,normal,24.622030237580994
64696280-3883-4ef0-ad27-4b5748dd0985,ICY--,119,4,2026-08-26T00:00:00+00:00,2026-09-02T00:00:00+00:00,39,738,544,0,39,ok,1.3566176470588236,normal,79.91360691144709
55c8eb63-6051-4e71-a95a-711a47b5cef0,Beccie,120,4,2026-08-26T00:00:00+00:00,2026-09-02T00:00:00+00:00,34,618,471,0,34,ok,1.3121019108280254,normal,72.35421166306696
60aa5adc-ce7d-488c-a52b-20d69663177f,bleedmagneto,121,4,2026-08-26T00:00:00+00:00,2026-09-02T00:00:00+00:00,24,571,413,0,24,ok,1.3825665859564165,normal,82.50539956803455
74f9240e-fe24-4aac-aa37-53b2b5e804d8,-Staehr-,122,4,2026-08-26T00:00:00+00:00,2026-09-02T00:00:00+00:00,7,138,93,0,7,ok,1.4838709677419355,normal,91.14470842332614
21046047-4026-4689-8f01-dc5d6588f120,halfjix,123,4,2026-08-26T00:00:00+00:00,2026-09-02T00:00:00+00:00,6,122,81,0,6,ok,1.5061728395061729,normal,92.22462203023758
39056d07-cdc5-4613-906d-e900a1f781a2,-xTRAVIS,124,4,2026-08-26T00:00:00+00:00,2026-09-02T00:00:00+00:00,7,101,89,0,7,ok,1.1348314606741574,normal,35.63714902807775
790ce1ad-38e3-4a45-b44a-5d33658102e6,qw1nk1,125,4,2026-08-26T00:00:00+00:00,2026-09-02T00:00:00+00:00,6,122,72,0,6,ok,1.6944444444444444,outlier_positivo,98.0561555075594
cd6867e2-cc11-4456-a649-ca87609f56eb,bodygu4rdd,126,4,2026-08-26T00:00:00+00:00,2026-09-02T00:00:00+00:00,16,289,200,0,16,ok,1.445,normal,88.33693304535637
4d6756dc-387a-499c-89ad-d7bc558c4c95,bobeksde,127,4,2026-08-26T00:00:00+00:00,2026-09-02T00:00:00+00:00,23,469,372,0,23,ok,1.260752688172043,normal,61.33909287257019
414273a0-38f0-4680-9f85-204aa8649c3a,premtroll,128,4,2026-08-26T00:00:00+00:00,2026-09-02T00:00:00+00:00,4,62,48,0,4,ok,1.2916666666666667,normal,68.46652267818575
3f6dc8a5-1881-4955-b78c-573f57f3646f,h21f,129,4,2026-08-26T00:00:00+00:00,2026-09-02T00:00:00+00:00,14,285,213,0,14,ok,1.3380281690140845,normal,76.88984881209502
3af5d1af-75db-4cc2-aa8b-76b1f1b76af8,xEternaLxx,130,4,2026-08-26T00:00:00+00:00,2026-09-02T00:00:00+00:00,6,99,108,0,6,ok,0.9166666666666666,normal,2.159827213822894
c71b99ef-1147-4529-b0df-ebe1d743c04b,amaterasu27,131,4,2026-08-26T00:00:00+00:00,2026-09-02T00:00:00+00:00,13,275,176,0,13,ok,1.5625,normal,94.81641468682506
4af7ce32-5534-4bca-9a8e-1d3b3ecb9585,Netrix,132,4,2026-08-26T00:00:00+00:00,2026-09-02T00:00:00+00:00,17,309,267,0,17,ok,1.1573033707865168,normal,40.17278617710583
74331d2e-c318-43aa-9b4d-106b209412ac,91914,133,4,2026-08-26T00:00:00+00:00,2026-09-02T00:00:00+00:00,34,622,478,0,34,ok,1.301255230125523,normal,70.41036717062636
f67e6116-a332-4414-be60-fb4cc06da41c,11chigiri,134,4,2026-08-26T00:00:00+00:00,2026-09-02T00:00:00+00:00,34,702,576,0,34,ok,1.21875,normal,53.34773218142549
ab74ab79-36ce-4c44-a09d-453006dcf9e1,awks,135,4,2026-08-26T00:00:00+00:00,2026-09-02T00:00:00+00:00,81,1290,1230,0,81,ok,1.048780487804878,normal,14.47084233261339
0c938952-475b-4689-ad04-60100e76ef81,r1pa4-,136,4,2026-08-26T00:00:00+00:00,2026-09-02T00:00:00+00:00,10,161,166,0,10,ok,0.9698795180722891,normal,4.535637149028078
be2af9a3-ef6d-428c-b8f4-6921d6275638,wetfy,137,4,2026-08-26T00:00:00+00:00,2026-09-02T00:00:00+00:00,0,0,0,0,0,sem_partidas,,sem_partidas,
826a8c4b-9b0f-403e-8bc8-11295ff894ff,28ddeiv,138,4,2026-08-26T00:00:00+00:00,2026-09-02T00:00:00+00:00,39,869,544,0,39,ok,1.5974264705882353,normal,95.46436285097192
33268a14-c768-41f4-819e-cec913a99b82,seberya,139,4,2026-08-26T00:00:00+00:00,2026-09-02T00:00:00+00:00,26,537,387,0,26,ok,1.3875968992248062,normal,83.15334773218143
36f96e7b-6bf3-48b1-8f1a-cd35aee83702,sSen,140,4,2026-08-26T00:00:00+00:00,2026-09-02T00:00:00+00:00,9,142,128,0,9,ok,1.109375,normal,30.885529157667385
d9168434-7466-43ed-9a8c-f883d953d77d,SnexLy,141,4,2026-08-26T00:00:00+00:00,2026-09-02T00:00:00+00:00,18,327,248,0,18,ok,1.3185483870967742,normal,74.51403887688986
ee99d9a7-d14b-4642-9731-0890b63be81e,1suzu,142,4,2026-08-26T00:00:00+00:00,2026-09-02T00:00:00+00:00,31,609,453,0,31,ok,1.3443708609271523,normal,77.96976241900649
bae31a43-7767-4d7a-be80-429992f78ec0,cronuss,143,4,2026-08-26T00:00:00+00:00,2026-09-02T00:00:00+00:00,33,652,480,0,33,ok,1.3583333333333334,normal,80.56155507559394
e326eb2d-4e3e-4ebe-a34d-4a07def33893,adamS,144,4,2026-08-26T00:00:00+00:00,2026-09-02T00:00:00+00:00,11,209,156,0,11,ok,1.3397435897435896,normal,77.10583153347731
f858b6d9-5717-4335-8d4d-166a9fc305bc,Mride,145,4,2026-08-26T00:00:00+00:00,2026-09-02T00:00:00+00:00,7,110,86,0,7,ok,1.2790697674418605,normal,65.65874730021598
591e26a3-eb86-4d4c-afa8-b5754455dc03,w0nderful,146,4,2026-08-26T00:00:00+00:00,2026-09-02T00:00:00+00:00,6,121,83,0,6,ok,1.4578313253012047,normal,89.41684665226782
b0f7ff0c-5051-4826-9dd4-b7e0219de821,fakerealityy,147,4,2026-08-26T00:00:00+00:00,2026-09-02T00:00:00+00:00,53,968,823,0,53,ok,1.1761846901579587,normal,45.35637149028078
7a51f50f-6fdd-4fe8-9c30-455cd3b8d694,yasxozhysyma,148,4,2026-08-26T00:00:00+00:00,2026-09-02T00:00:00+00:00,0,0,0,0,0,sem_partidas,,sem_partidas,
5ffc6439-29f3-47a6-aebb-f73ef591827c,soerrr,149,4,2026-08-26T00:00:00+00:00,2026-09-02T00:00:00+00:00,6,110,77,0,6,ok,1.4285714285714286,normal,87.47300215982722
4c3a4a59-0cdb-4477-b90b-1109a1d0cf13,BOROS,150,4,2026-08-26T00:00:00+00:00,2026-09-02T00:00:00+00:00,12,228,210,0,12,ok,1.0857142857142856,normal,25.70194384449244
df5ba290-c6a6-4481-8e9e-d16ceb4dbc6b,KaiR0N-993,151,4,2026-08-26T00:00:00+00:00,2026-09-02T00:00:00+00:00,7,130,110,0,7,ok,1.1818181818181819,normal,46.652267818574515
793ea9e5-fef6-4571-9b30-7c5d9f323215,darui,152,4,2026-08-26T00:00:00+00:00,2026-09-02T00:00:00+00:00,14,250,235,0,14,ok,1.0638297872340425,normal,19.00647948164147
a99dd5a7-45a6-4019-8bc6-0f30fd554ef5,aidKiT,153,4,2026-08-26T00:00:00+00:00,2026-09-02T00:00:00+00:00,20,371,285,0,20,ok,1.3017543859649123,normal,70.62634989200865
0965c421-4957-4e48-86e2-2c3966abae3f,cairne-,154,4,2026-08-26T00:00:00+00:00,2026-09-02T00:00:00+00:00,12,256,201,0,12,ok,1.2736318407960199,normal,63.93088552915766
4cabcf3b-8baa-4c71-a1d3-cf98d581e971,Toshiikk,155,4,2026-08-26T00:00:00+00:00,2026-09-02T00:00:00+00:00,34,614,511,0,34,ok,1.2015655577299413,normal,51.18790496760259
cb0cc456-8ae0-438f-bf8b-4e000e4e0476,s4rsen-,156,4,2026-08-26T00:00:00+00:00,2026-09-02T00:00:00+00:00,14,304,238,0,14,ok,1.2773109243697478,normal,65.44276457883369
24636d00-25cc-4ab7-9cbd-67c633c08d0c,topo-,157,4,2026-08-26T00:00:00+00:00,2026-09-02T00:00:00+00:00,0,0,0,0,0,sem_partidas,,sem_partidas,
d15e9f85-12c3-4ad9-a174-6d0248d6393d,Nosik,158,4,2026-08-26T00:00:00+00:00,2026-09-02T00:00:00+00:00,17,301,264,0,17,ok,1.1401515151515151,normal,37.14902807775378
c41561a6-a5f4-459c-8a5c-bde5f8eac911,Muk0s,159,4,2026-08-26T00:00:00+00:00,2026-09-02T00:00:00+00:00,5,91,86,0,5,ok,1.058139534883721,normal,16.846652267818573
8b3dcf0e-1a09-409e-b4a9-51002dc2079f,WaSdyy,160,4,2026-08-26T00:00:00+00:00,2026-09-02T00:00:00+00:00,27,428,461,0,27,ok,0.928416485900217,normal,2.591792656587473
d700efb0-363a-468d-88cd-f22c3567bcd6,rose88,161,4,2026-08-26T00:00:00+00:00,2026-09-02T00:00:00+00:00,43,895,710,0,43,ok,1.2605633802816902,normal,61.12311015118791
67345c91-57b6-42dc-b49c-330b091da3a6,chronic111,162,4,2026-08-26T00:00:00+00:00,2026-09-02T00:00:00+00:00,28,572,471,0,28,ok,1.2144373673036093,normal,52.48380129589633
08eb0b0f-b360-4b61-94ad-c949afd665ea,Krimbo,163,4,2026-08-26T00:00:00+00:00,2026-09-02T00:00:00+00:00,3,50,40,0,3,ok,1.25,normal,59.395248380129594
ae6f1503-1de9-4b9b-9a29-f1b9de916870,jabbi,164,4,2026-08-26T00:00:00+00:00,2026-09-02T00:00:00+00:00,6,101,77,0,6,ok,1.3116883116883118,normal,72.13822894168467
43857419-1f5a-4b9d-aba7-011092133de3,KENNY-_,165,4,2026-08-26T00:00:00+00:00,2026-09-02T00:00:00+00:00,28,499,460,0,28,ok,1.0847826086956522,normal,25.26997840172786
5e18dd12-2e40-48c4-a66f-886108f095ed,HeavyGod,166,4,2026-08-26T00:00:00+00:00,2026-09-02T00:00:00+00:00,6,118,91,0,6,ok,1.2967032967032968,normal,69.76241900647948
4c27b599-0a56-4f3e-80cb-6ef83b6df2cf,Slaxx-,167,4,2026-08-26T00:00:00+00:00,2026-09-02T00:00:00+00:00,13,245,200,0,13,ok,1.225,normal,55.0755939524838
f3fef601-52ca-4bd2-8ec6-9e9f532a6c6b,nikusharain,168,4,2026-08-26T00:00:00+00:00,2026-09-02T00:00:00+00:00,96,1761,1532,0,96,ok,1.1494778067885119,normal,38.22894168466522
c519d8f3-0c93-4476-af3e-38395ee7c297,teses,169,4,2026-08-26T00:00:00+00:00,2026-09-02T00:00:00+00:00,16,285,282,0,16,ok,1.0106382978723405,normal,8.855291576673865
a699663a-e65d-4c93-9a92-fd5a91955cc4,cadnyx,170,4,2026-08-26T00:00:00+00:00,2026-09-02T00:00:00+00:00,17,330,292,0,17,ok,1.13013698630137,normal,34.98920086393088
078ff0df-ebb9-4352-b7ee-dc2044dd676f,-finW,171,4,2026-08-26T00:00:00+00:00,2026-09-02T00:00:00+00:00,6,112,74,0,6,ok,1.5135135135135136,normal,92.65658747300216
84f4489d-e23e-4a8a-b3c5-dccf57610195,-rim3,172,4,2026-08-26T00:00:00+00:00,2026-09-02T00:00:00+00:00,8,179,112,0,8,ok,1.5982142857142858,normal,95.68034557235421
6dc1d190-e2e0-4762-9fbe-5f3d40ea1522,Br4tkO,173,4,2026-08-26T00:00:00+00:00,2026-09-02T00:00:00+00:00,15,264,212,0,15,ok,1.2452830188679245,normal,58.53131749460043
b030ed65-9170-4668-9bfa-ac6c2e53954c,St0m4k,174,4,2026-08-26T00:00:00+00:00,2026-09-02T00:00:00+00:00,7,137,75,0,7,ok,1.8266666666666667,outlier_positivo,98.92008639308855
36577e6e-2c58-4812-bc6a-6b110ce00e56,nesh66,175,4,2026-08-26T00:00:00+00:00,2026-09-02T00:00:00+00:00,20,337,336,0,20,ok,1.0029761904761905,normal,8.207343412526997
bc74e768-9ee4-4472-bb10-6280b47fb94b,mak1se,176,4,2026-08-26T00:00:00+00:00,2026-09-02T00:00:00+00:00,9,213,128,0,9,ok,1.6640625,normal,97.40820734341253
d5fa1a5b-9fde-4996-bd1e-bab0aa9bb0d2,ryu777,177,4,2026-08-26T00:00:00+00:00,2026-09-02T00:00:00+00:00,3,68,35,0,3,ok,1.9428571428571428,outlier_positivo,99.78401727861771
8d345deb-661c-4286-b663-96679d9bcda7,DEBABA,178,4,2026-08-26T00:00:00+00:00,2026-09-02T00:00:00+00:00,28,420,401,0,28,ok,1.0473815461346634,normal,14.038876889848812
41867c48-0982-4608-af44-d9749c2b5b6a,MoNaTy,179,4,2026-08-26T00:00:00+00:00,2026-09-02T00:00:00+00:00,20,315,280,0,20,ok,1.125,normal,33.69330453563715
1e1d8f20-c572-4e53-bf37-4590a5512687,--DeDe,180,4,2026-08-26T00:00:00+00:00,2026-09-02T00:00:00+00:00,33,580,540,0,33,ok,1.0740740740740742,normal,22.03023758099352
2e65b3ea-fdb0-466c-9aca-89e170c67b61,depact,181,4,2026-08-26T00:00:00+00:00,2026-09-02T00:00:00+00:00,46,751,669,0,46,ok,1.1225710014947683,normal,33.477321814254864
ab2bf7fd-7997-4a7a-9c94-6b7d52ffd200,yxngstxr,182,4,2026-08-26T00:00:00+00:00,2026-09-02T00:00:00+00:00,8,160,154,0,8,ok,1.0389610389610389,normal,12.311015118790497
5be133c1-38b6-4dde-9107-b64c7458452e,notineki,183,4,2026-08-26T00:00:00+00:00,2026-09-02T00:00:00+00:00,13,216,207,0,13,ok,1.0434782608695652,normal,12.958963282937367
a258abc5-326b-4824-a9ad-b3fa2855b712,kalymbs1,184,4,2026-08-26T00:00:00+00:00,2026-09-02T00:00:00+00:00,19,359,279,0,19,ok,1.2867383512544803,normal,67.60259179265658
02b26fe9-49d1-47e7-afa0-1b5c562ca4e2,KatzRead,185,4,2026-08-26T00:00:00+00:00,2026-09-02T00:00:00+00:00,29,448,358,0,29,ok,1.2513966480446927,normal,59.827213822894166
194afbb1-cb96-4fc8-8bd6-5f932b3fcfa3,susp,186,4,2026-08-26T00:00:00+00:00,2026-09-02T00:00:00+00:00,11,220,190,0,11,ok,1.1578947368421053,normal,40.38876889848812
95adb33f-5e6f-4c6d-be25-f2e8b1d9c628,Amarogo,187,4,2026-08-26T00:00:00+00:00,2026-09-02T00:00:00+00:00,11,210,162,0,11,ok,1.2962962962962963,normal,69.54643628509719
32c49d7e-20fc-4fb5-a54a-c99f90262311,emiIio-,188,4,2026-08-26T00:00:00+00:00,2026-09-02T00:00:00+00:00,15,241,216,0,15,ok,1.1157407407407407,normal,32.18142548596112
2060bf4b-cf44-41ad-92ca-2492bc95f88d,2016wasfun,189,4,2026-08-26T00:00:00+00:00,2026-09-02T00:00:00+00:00,65,1071,1016,0,65,ok,1.0541338582677164,normal,15.982721382289416
504ca567-8911-45dd-a680-a617dff2c00c,swetsi_1win,190,4,2026-08-26T00:00:00+00:00,2026-09-02T00:00:00+00:00,19,352,288,0,19,ok,1.2222222222222223,normal,54.42764578833693
b27101a3-c6e1-44c8-b83d-19dab54cb7ac,sl3nd-,191,4,2026-08-26T00:00:00+00:00,2026-09-02T00:00:00+00:00,10,218,166,0,10,ok,1.3132530120481927,normal,72.57019438444925
472386e2-8e2b-43ab-bd00-5ea49d71d33b,7MusorDrop67,192,4,2026-08-26T00:00:00+00:00,2026-09-02T00:00:00+00:00,24,372,355,0,24,ok,1.047887323943662,normal,14.254859611231103
931f1364-a519-43c6-ab02-a73e8416481a,Saax_,193,4,2026-08-26T00:00:00+00:00,2026-09-02T00:00:00+00:00,0,0,0,0,0,sem_partidas,,sem_partidas,
967b6309-c289-4900-8459-0e33ce488b1c,L00m1,194,4,2026-08-26T00:00:00+00:00,2026-09-02T00:00:00+00:00,11,180,163,0,11,ok,1.1042944785276074,normal,30.021598272138228
b8c3743e-a4c3-4168-ad0f-348a37a77a72,GrandLove,195,4,2026-08-26T00:00:00+00:00,2026-09-02T00:00:00+00:00,0,0,0,0,0,sem_partidas,,sem_partidas,
dfc49048-07fd-4d4e-825d-f2d7f155c4bb,somehxw,196,4,2026-08-26T00:00:00+00:00,2026-09-02T00:00:00+00:00,26,488,399,0,26,ok,1.2230576441102756,normal,54.64362850971922
3e7ed0d7-2105-4d2d-929a-f6befe6d8cc0,ayalkasi,197,4,2026-08-26T00:00:00+00:00,2026-09-02T00:00:00+00:00,27,476,362,0,27,ok,1.3149171270718232,normal,73.4341252699784
18911949-a23d-4b42-bd0b-7a970b51824c,frozen_-,198,4,2026-08-26T00:00:00+00:00,2026-09-02T00:00:00+00:00,6,130,82,0,6,ok,1.5853658536585367,normal,95.24838012958963
720fc287-1f03-46ff-a6e2-4c9bede77262,-yummy,199,4,2026-08-26T00:00:00+00:00,2026-09-02T00:00:00+00:00,16,272,270,0,16,ok,1.0074074074074073,normal,8.423326133909287
964410bb-394d-4633-87fd-501ec0fbb914,ritchiE,200,4,2026-08-26T00:00:00+00:00,2026-09-02T00:00:00+00:00,10,176,186,0,10,ok,0.946236559139785,normal,3.6717062634989204
6ac4baef-7bbb-4bc5-9f2b-aa95176bd8ab,YEKINDAR_,201,4,2026-08-26T00:00:00+00:00,2026-09-02T00:00:00+00:00,22,352,327,0,22,ok,1.0764525993883791,normal,22.894168466522675
78407773-ed65-456a-a507-ca50cbd78e17,SEMSY,202,4,2026-08-26T00:00:00+00:00,2026-09-02T00:00:00+00:00,15,245,227,0,15,ok,1.079295154185022,normal,24.190064794816415
4e841b14-b668-476d-b7db-774f68aa4ed4,Patsi-,203,4,2026-08-26T00:00:00+00:00,2026-09-02T00:00:00+00:00,0,0,0,0,0,sem_partidas,,sem_partidas,
b58c8c5c-41da-4388-9864-0f3f72ca13db,datet-_-,204,4,2026-08-26T00:00:00+00:00,2026-09-02T00:00:00+00:00,20,288,288,0,20,ok,1.0,normal,7.343412526997841
86383974-b132-48a2-a66f-cf9d3a3d68fd,tENZY,205,4,2026-08-26T00:00:00+00:00,2026-09-02T00:00:00+00:00,9,160,117,0,9,ok,1.3675213675213675,normal,81.20950323974083
075ed300-7ed3-4377-88ba-9572f9ea8e3d,n0rb3r7,206,4,2026-08-26T00:00:00+00:00,2026-09-02T00:00:00+00:00,5,94,81,0,5,ok,1.1604938271604939,normal,40.8207343412527
a8570791-3e92-4b4d-9e45-8c2f8da95fb6,kwaren11,207,4,2026-08-26T00:00:00+00:00,2026-09-02T00:00:00+00:00,40,741,607,0,40,ok,1.2207578253706755,normal,53.99568034557235
21ee0d80-64f6-4277-80b9-c734d92a2880,torzsi,208,4,2026-08-26T00:00:00+00:00,2026-09-02T00:00:00+00:00,5,86,79,0,5,ok,1.0886075949367089,normal,26.34989200863931
4c5c2a03-15b4-48e1-8791-d54d6a2b3668,Altekz,209,4,2026-08-26T00:00:00+00:00,2026-09-02T00:00:00+00:00,8,150,114,0,8,ok,1.3157894736842106,normal,73.86609071274299
254dbfc8-0e3d-4e8b-95a4-88e19fec565a,jekuya,210,4,2026-08-26T00:00:00+00:00,2026-09-02T00:00:00+00:00,15,263,238,0,15,ok,1.1050420168067228,normal,30.45356371490281
d682a62e-43f5-49be-b8c9-de923adcf564,SunPayus,211,4,2026-08-26T00:00:00+00:00,2026-09-02T00:00:00+00:00,16,348,226,0,16,ok,1.5398230088495575,normal,93.9524838012959
6a5abce7-952f-4434-9db5-160392ec356d,miwo,212,4,2026-08-26T00:00:00+00:00,2026-09-02T00:00:00+00:00,17,272,260,0,17,ok,1.0461538461538462,normal,13.606911447084233
ebc37641-39d0-4692-bde6-c7a11ac1e90e,mara5m,213,4,2026-08-26T00:00:00+00:00,2026-09-02T00:00:00+00:00,0,0,0,0,0,sem_partidas,,sem_partidas,
13222ab8-3b38-4beb-993f-a585df257ea3,EgorK,214,4,2026-08-26T00:00:00+00:00,2026-09-02T00:00:00+00:00,48,748,734,0,48,ok,1.0190735694822888,normal,9.935205183585314
9aad1747-b65d-4a0f-9a14-2ef947fe92b5,Sowalio,215,4,2026-08-26T00:00:00+00:00,2026-09-02T00:00:00+00:00,1,5,15,0,1,ok,0.3333333333333333,outlier_negativo,0.21598272138228944
520ada08-ad17-4b3b-a373-8c8534154e2a,TOKYOPEEK,216,4,2026-08-26T00:00:00+00:00,2026-09-02T00:00:00+00:00,32,483,474,0,32,ok,1.018987341772152,normal,9.719222462203025
6b692694-71cf-4a80-ae97-57c3f2f7425c,blissfuIperc,217,4,2026-08-26T00:00:00+00:00,2026-09-02T00:00:00+00:00,22,456,335,0,22,ok,1.3611940298507463,normal,80.77753779697623
43febbb3-7f82-47c0-88fa-e2f122d5f20e,Rex1111,218,4,2026-08-26T00:00:00+00:00,2026-09-02T00:00:00+00:00,23,364,327,0,23,ok,1.1131498470948011,normal,31.749460043196542
1ad1b7ff-b644-4431-9ac4-a5cf09855910,1ader,219,4,2026-08-26T00:00:00+00:00,2026-09-02T00:00:00+00:00,21,359,295,0,21,ok,1.2169491525423728,normal,52.915766738660906
f1174c0a-fa42-4a2f-8160-b870b8879ef5,KOT_XAMEP,220,4,2026-08-26T00:00:00+00:00,2026-09-02T00:00:00+00:00,8,151,112,0,8,ok,1.3482142857142858,normal,78.83369330453563
656ffaa4-415b-4896-8a19-931366de23c8,ich1zoku,221,4,2026-08-26T00:00:00+00:00,2026-09-02T00:00:00+00:00,39,695,623,0,39,ok,1.115569823434992,normal,31.96544276457883
3939bd47-6a42-43f0-936c-eb53bc5f16e5,kaioriii,222,4,2026-08-26T00:00:00+00:00,2026-09-02T00:00:00+00:00,34,671,560,0,34,ok,1.1982142857142857,normal,49.46004319654428
fb2e77e7-ec1d-40fa-83a1-c01646167651,Z1W0W666,223,4,2026-08-26T00:00:00+00:00,2026-09-02T00:00:00+00:00,4,80,58,0,4,ok,1.3793103448275863,normal,82.28941684665226
c39663f6-8e91-483c-8319-503449563713,Lewis,224,4,2026-08-26T00:00:00+00:00,2026-09-02T00:00:00+00:00,19,373,274,0,19,ok,1.3613138686131387,normal,80.99352051835854
32cf4622-150d-4362-83d5-de543ed16262,regele,225,4,2026-08-26T00:00:00+00:00,2026-09-02T00:00:00+00:00,77,1162,1177,0,77,ok,0.9872557349192863,normal,5.831533477321814
8e59e230-0935-4309-b335-a16211617ed7,SBolt-,226,4,2026-08-26T00:00:00+00:00,2026-09-02T00:00:00+00:00,40,751,599,0,40,ok,1.2537562604340569,normal,60.475161987041034
88cb74cd-d98e-408c-85c2-b39e55004658,billz,227,4,2026-08-26T00:00:00+00:00,2026-09-02T00:00:00+00:00,18,337,303,0,18,ok,1.1122112211221122,normal,31.533477321814257
220685cd-1a18-4402-a9a9-ac240313cabd,xeedo,228,4,2026-08-26T00:00:00+00:00,2026-09-02T00:00:00+00:00,9,168,124,0,9,ok,1.3548387096774193,normal,79.26565874730022
4c2a6018-4aaf-4294-8449-777ccfad144b,goddrain,229,4,2026-08-26T00:00:00+00:00,2026-09-02T00:00:00+00:00,31,549,484,0,31,ok,1.134297520661157,normal,35.42116630669546
b87eadad-7829-4f17-a85a-281ff569829a,ForesterONE,230,4,2026-08-26T00:00:00+00:00,2026-09-02T00:00:00+00:00,0,0,0,0,0,sem_partidas,,sem_partidas,
6db5e566-77ae-4c30-852d-4fa54c4445aa,Alv68,231,4,2026-08-26T00:00:00+00:00,2026-09-02T00:00:00+00:00,4,81,64,0,4,ok,1.265625,normal,62.419006479481645
a4c4fb77-1996-47bd-b5e1-c14d86cf9997,444rainy,232,4,2026-08-26T00:00:00+00:00,2026-09-02T00:00:00+00:00,0,0,0,0,0,sem_partidas,,sem_partidas,
9e36e2b1-c0e0-4d77-a442-d5947ec19225,bajmano,233,4,2026-08-26T00:00:00+00:00,2026-09-02T00:00:00+00:00,25,464,437,0,25,ok,1.0617848970251715,normal,18.57451403887689
892ca5ae-5720-4d5d-8a98-33dc117041aa,narkoman812,234,4,2026-08-26T00:00:00+00:00,2026-09-02T00:00:00+00:00,9,165,142,0,9,ok,1.1619718309859155,normal,41.252699784017274
34aaf94c-d15a-4a1b-977d-82810a025407,tommy10,235,4,2026-08-26T00:00:00+00:00,2026-09-02T00:00:00+00:00,5,119,71,0,5,ok,1.676056338028169,normal,97.8401727861771
98f1d2a1-6302-4d93-bf38-cc25f6b25256,gr1ks,236,4,2026-08-26T00:00:00+00:00,2026-09-02T00:00:00+00:00,14,329,197,0,14,ok,1.6700507614213198,normal,97.62419006479482
f3f50c96-9d1b-4642-9074-477a07e54507,-khaN,237,4,2026-08-26T00:00:00+00:00,2026-09-02T00:00:00+00:00,6,92,84,0,6,ok,1.0952380952380953,normal,28.077753779697623
522ecdd7-5fe2-4bd5-9806-4c015b9a1f8a,dwushka,238,4,2026-08-26T00:00:00+00:00,2026-09-02T00:00:00+00:00,2,44,31,0,2,ok,1.4193548387096775,normal,86.39308855291577
fd16a07c-5735-4148-8859-3369feb41275,stefienson,239,4,2026-08-26T00:00:00+00:00,2026-09-02T00:00:00+00:00,30,480,470,0,30,ok,1.0212765957446808,normal,10.151187904967603
507c6778-89e2-45cc-8f8f-cf04615df6c8,Frip,240,4,2026-08-26T00:00:00+00:00,2026-09-02T00:00:00+00:00,23,417,326,0,23,ok,1.2791411042944785,normal,65.87473002159827
0b2a4c62-2071-4582-be3e-50fbe6f53544,Eldarqwe-,241,4,2026-08-26T00:00:00+00:00,2026-09-02T00:00:00+00:00,0,0,0,0,0,sem_partidas,,sem_partidas,
6dce33f7-ba07-401a-bfe7-af51cc597a76,Woro2k,242,4,2026-08-26T00:00:00+00:00,2026-09-02T00:00:00+00:00,73,1365,1026,0,73,ok,1.3304093567251463,normal,75.5939524838013
3429651a-5020-4d07-85ef-34049adff713,starmie666,243,4,2026-08-26T00:00:00+00:00,2026-09-02T00:00:00+00:00,2,31,24,0,2,ok,1.2916666666666667,normal,68.46652267818575
c44f1259-0651-4942-8543-af0f03e62ac5,SELLTER,244,4,2026-08-26T00:00:00+00:00,2026-09-02T00:00:00+00:00,14,258,221,0,14,ok,1.167420814479638,normal,42.11663066954643
2a82893f-3a7e-4458-9141-0b19673fa049,kashl1d,245,4,2026-08-26T00:00:00+00:00,2026-09-02T00:00:00+00:00,0,0,0,0,0,sem_partidas,,sem_partidas,
c85a67d7-2635-42c3-991b-4c1f0b93c5cb,999_,246,4,2026-08-26T00:00:00+00:00,2026-09-02T00:00:00+00:00,3,47,37,0,3,ok,1.2702702702702702,normal,63.282937365010795
9cafe8f3-0b6b-4802-9cbb-806b5b751517,Enfeebled17,247,4,2026-08-26T00:00:00+00:00,2026-09-02T00:00:00+00:00,13,247,206,0,13,ok,1.1990291262135921,normal,50.10799136069114
6d8adf92-798f-414c-9d29-2896ceb5ad72,smooya,248,4,2026-08-26T00:00:00+00:00,2026-09-02T00:00:00+00:00,26,559,396,0,26,ok,1.4116161616161615,normal,85.31317494600432
eba3dd73-7d26-46ad-b766-85c5ae0d9273,hyp3else66,249,4,2026-08-26T00:00:00+00:00,2026-09-02T00:00:00+00:00,17,375,258,0,17,ok,1.4534883720930232,normal,88.76889848812095
bae30b49-8c07-4f3e-922e-fa23b7ac0953,rafaxF-,250,4,2026-08-26T00:00:00+00:00,2026-09-02T00:00:00+00:00,16,298,244,0,16,ok,1.221311475409836,normal,54.21166306695464
c90b35e3-defd-41b1-b29d-d9cf1c46fc32,azukay367,251,4,2026-08-26T00:00:00+00:00,2026-09-02T00:00:00+00:00,50,1002,867,0,50,ok,1.1557093425605536,normal,39.740820734341256
1e8bd26b-d7f9-4fbf-bed2-d12ed800eee2,Smaley,252,4,2026-08-26T00:00:00+00:00,2026-09-02T00:00:00+00:00,53,971,813,0,53,ok,1.1943419434194342,normal,48.59611231101512
52829e07-aa5c-42af-b8a1-e4fe6247cd48,Skrimo,253,4,2026-08-26T00:00:00+00:00,2026-09-02T00:00:00+00:00,4,69,65,0,4,ok,1.0615384615384615,normal,18.3585313174946
ddd3c081-0602-4e45-bb4f-d5c5e00b65c3,cPuTu,254,4,2026-08-26T00:00:00+00:00,2026-09-02T00:00:00+00:00,32,600,468,0,32,ok,1.2820512820512822,normal,66.52267818574515
28da77e2-bcfd-4458-a91d-e4d59a1f38be,nopzy,255,4,2026-08-26T00:00:00+00:00,2026-09-02T00:00:00+00:00,13,235,184,0,13,ok,1.2771739130434783,normal,65.2267818574514
e64b6d73-6313-4527-b313-a852e6368cf2,redCS-,256,4,2026-08-26T00:00:00+00:00,2026-09-02T00:00:00+00:00,8,128,120,0,8,ok,1.0666666666666667,normal,19.222462203023756
dce1d644-6bf1-449a-85ff-6b399e4269dc,Botpa1,257,4,2026-08-26T00:00:00+00:00,2026-09-02T00:00:00+00:00,2,35,36,0,2,ok,0.9722222222222222,normal,4.967602591792657
a387ff16-4062-4f6c-a1f6-c65650ff993e,-Kiyotakaaa,258,4,2026-08-26T00:00:00+00:00,2026-09-02T00:00:00+00:00,6,102,94,0,6,ok,1.0851063829787233,normal,25.48596112311015
13d0fd67-997f-4255-9f25-a410b4fad2d0,stratefIy,259,4,2026-08-26T00:00:00+00:00,2026-09-02T00:00:00+00:00,7,123,114,0,7,ok,1.0789473684210527,normal,23.974082073434126
a6ad9a5b-6575-447f-8f67-346bb4033189,dep999,260,4,2026-08-26T00:00:00+00:00,2026-09-02T00:00:00+00:00,29,574,429,0,29,ok,1.337995337995338,normal,76.67386609071274
1d92f104-8d0a-4866-bb6e-5c11196bfca6,MusorDropXD,261,4,2026-08-26T00:00:00+00:00,2026-09-02T00:00:00+00:00,9,186,169,0,9,ok,1.1005917159763314,normal,29.589632829373652
7def4124-36c7-4035-acb5-427ffa531be3,Dawy,262,4,2026-08-26T00:00:00+00:00,2026-09-02T00:00:00+00:00,13,231,180,0,13,ok,1.2833333333333334,normal,66.95464362850973
c5cb1b85-4421-4436-9390-49fa05ce45e3,-Kaide,263,4,2026-08-26T00:00:00+00:00,2026-09-02T00:00:00+00:00,6,102,91,0,6,ok,1.120879120879121,normal,33.261339092872575
a4a6fdca-b125-4d3b-8d35-3ad098b6a1fe,KursySSJ4,264,4,2026-08-26T00:00:00+00:00,2026-09-02T00:00:00+00:00,15,278,205,0,15,ok,1.3560975609756099,normal,79.6976241900648
14015a66-b368-4b90-994d-bcf6fa504f44,--_-_--_---_,265,4,2026-08-26T00:00:00+00:00,2026-09-02T00:00:00+00:00,9,174,131,0,9,ok,1.3282442748091603,normal,75.377969762419
0bf80a9b-cead-4a3e-a245-ca145dc2ab3c,-0scar,266,4,2026-08-26T00:00:00+00:00,2026-09-02T00:00:00+00:00,31,482,477,0,31,ok,1.0104821802935011,normal,8.639308855291576
05dd1de4-82dd-4b55-be77-c30c4551d0d6,gothdespair,267,4,2026-08-26T00:00:00+00:00,2026-09-02T00:00:00+00:00,18,286,248,0,18,ok,1.153225806451613,normal,39.30885529157667
04ab709e-2f70-4651-8e0c-c7bffd037a07,shantarO,268,4,2026-08-26T00:00:00+00:00,2026-09-02T00:00:00+00:00,12,228,179,0,12,ok,1.2737430167597765,normal,64.14686825053995
3dad5d84-2a16-4044-8a27-d473f0f6e353,herkulesz,269,4,2026-08-26T00:00:00+00:00,2026-09-02T00:00:00+00:00,9,179,143,0,9,ok,1.2517482517482517,normal,60.259179265658744
d5ff6f9f-c95d-4f7d-93b7-d9ba0cb19dab,Aliot,270,4,2026-08-26T00:00:00+00:00,2026-09-02T00:00:00+00:00,23,360,369,0,23,ok,0.975609756097561,normal,5.183585313174946
bd70d269-6c10-4140-b03b-8e09fdf9ca35,fedko14,271,4,2026-08-26T00:00:00+00:00,2026-09-02T00:00:00+00:00,13,197,223,0,13,ok,0.8834080717488789,normal,1.511879049676026
8edcd93a-e63f-45ea-8c77-bf9aa1820a47,shg-,272,4,2026-08-26T00:00:00+00:00,2026-09-02T00:00:00+00:00,15,267,217,0,15,ok,1.2304147465437787,normal,55.72354211663067
b9dbab41-8e55-497a-b311-bb0514777fd7,ves111,273,4,2026-08-26T00:00:00+00:00,2026-09-02T00:00:00+00:00,50,992,844,0,50,ok,1.1753554502369667,normal,45.14038876889849
326a3d6a-13ca-40b3-a56d-a47c27b6f2af,gehji,274,4,2026-08-26T00:00:00+00:00,2026-09-02T00:00:00+00:00,9,184,133,0,9,ok,1.3834586466165413,normal,82.72138228941685
e5c779f9-eaf5-4113-b095-e284d1e44748,X345,275,4,2026-08-26T00:00:00+00:00,2026-09-02T00:00:00+00:00,24,399,398,0,24,ok,1.0025125628140703,normal,7.991360691144708
d428b36e-7c8a-4510-8262-9cda26a3ff85,-qw1zera,276,4,2026-08-26T00:00:00+00:00,2026-09-02T00:00:00+00:00,16,301,220,0,16,ok,1.3681818181818182,normal,81.42548596112312
f3988f23-6685-41a8-91c6-f336b98c5195,z0nger,277,4,2026-08-26T00:00:00+00:00,2026-09-02T00:00:00+00:00,14,223,213,0,14,ok,1.0469483568075117,normal,13.822894168466524
eb4f52d2-5b8f-4401-8c72-138c995358d4,-tasman,278,4,2026-08-26T00:00:00+00:00,2026-09-02T00:00:00+00:00,23,374,347,0,23,ok,1.0778097982708934,normal,23.542116630669547
e1bcffdd-7eeb-4744-b8d6-a582dcfb1670,Krad,279,4,2026-08-26T00:00:00+00:00,2026-09-02T00:00:00+00:00,0,0,0,0,0,sem_partidas,,sem_partidas,
5ce742a9-a319-4e89-8164-4f4ca528c4cc,wh1teout,280,4,2026-08-26T00:00:00+00:00,2026-09-02T00:00:00+00:00,24,439,373,0,24,ok,1.1769436997319034,normal,45.78833693304535
40846b8f-7a3f-4f9f-af8b-85d118c2774a,myltsi,281,4,2026-08-26T00:00:00+00:00,2026-09-02T00:00:00+00:00,16,310,258,0,16,ok,1.2015503875968991,normal,50.9719222462203
4d1d7bb1-64b7-4e34-97e7-6ee7bba48259,-relaxbtw-,282,4,2026-08-26T00:00:00+00:00,2026-09-02T00:00:00+00:00,15,266,248,0,15,ok,1.0725806451612903,normal,21.598272138228943
daf44626-2073-4878-b7fd-4776b8a2c93b,Pelle-,283,4,2026-08-26T00:00:00+00:00,2026-09-02T00:00:00+00:00,48,828,776,0,48,ok,1.0670103092783505,normal,19.43844492440605
dddfd33a-cc0c-483c-b2c4-950de24e0c1c,z0t,284,4,2026-08-26T00:00:00+00:00,2026-09-02T00:00:00+00:00,21,422,323,0,21,ok,1.306501547987616,normal,71.49028077753779
7c6afa87-48a4-4e7c-a5d4-33d4d48c603f,0MusorDrop,285,4,2026-08-26T00:00:00+00:00,2026-09-02T00:00:00+00:00,47,757,689,0,47,ok,1.0986937590711177,normal,29.15766738660907
08a4aed5-fb8a-402a-8119-ae428666c195,aimy,286,4,2026-08-26T00:00:00+00:00,2026-09-02T00:00:00+00:00,13,300,191,0,13,ok,1.5706806282722514,normal,95.03239740820734
209c88dc-d2e5-4dfd-a7b9-38900bb10a61,dod02k-,287,4,2026-08-26T00:00:00+00:00,2026-09-02T00:00:00+00:00,26,450,396,0,26,ok,1.1363636363636365,normal,36.06911447084234
dc49b288-2a75-485a-91b1-ee81ce2f25de,dziugss,288,4,2026-08-26T00:00:00+00:00,2026-09-02T00:00:00+00:00,5,116,81,0,5,ok,1.4320987654320987,normal,87.90496760259178
b255e1b5-0b6b-4c57-a7ce-ad53b5521d33,CoCuCbKu,289,4,2026-08-26T00:00:00+00:00,2026-09-02T00:00:00+00:00,40,684,551,0,40,ok,1.2413793103448276,normal,58.09935205183585
6f01bc34-897d-43d5-9b43-c6e49e408dd5,Twist,290,4,2026-08-26T00:00:00+00:00,2026-09-02T00:00:00+00:00,7,129,108,0,7,ok,1.1944444444444444,normal,48.81209503239741
024d5042-e159-416f-bf84-cf69b8d5ac03,oopee,291,4,2026-08-26T00:00:00+00:00,2026-09-02T00:00:00+00:00,4,65,65,0,4,ok,1.0,normal,7.343412526997841
b63c3037-b9f3-471e-9065-5e33ebc28b6e,s1reN7,292,4,2026-08-26T00:00:00+00:00,2026-09-02T00:00:00+00:00,6,94,95,0,6,ok,0.9894736842105263,normal,6.263498920086392
06b0f344-d2e8-4951-ab93-23e9470ce95e,REDS7AR,293,4,2026-08-26T00:00:00+00:00,2026-09-02T00:00:00+00:00,13,273,201,0,13,ok,1.3582089552238805,normal,80.34557235421165
322dfefd-d0aa-4e24-a4ce-509e4c5ed28a,toshas-,294,4,2026-08-26T00:00:00+00:00,2026-09-02T00:00:00+00:00,21,310,313,0,21,ok,0.9904153354632588,normal,6.479481641468683
fddc57f3-b5f8-4e63-99e7-b1fa798e849e,pavlebo,295,4,2026-08-26T00:00:00+00:00,2026-09-02T00:00:00+00:00,5,80,73,0,5,ok,1.095890410958904,normal,28.293736501079913
b00eff15-ebaf-4805-aa15-b33bc18406b7,YUR0KY,296,4,2026-08-26T00:00:00+00:00,2026-09-02T00:00:00+00:00,29,584,476,0,29,ok,1.226890756302521,normal,55.291576673866096
9d4d4f31-8168-4894-8574-0d6b9458fb8c,77nightlovel,297,4,2026-08-26T00:00:00+00:00,2026-09-02T00:00:00+00:00,25,569,398,0,25,ok,1.42964824120603,normal,87.6889848812095
1ba6cea9-0e2d-4f6e-b1cc-0f93cf9d2dcd,KEiiiii,298,4,2026-08-26T00:00:00+00:00,2026-09-02T00:00:00+00:00,16,291,268,0,16,ok,1.085820895522388,normal,25.917926565874733
41acaa8c-cc55-4dca-a85d-897af2c1f275,k99y,299,4,2026-08-26T00:00:00+00:00,2026-09-02T00:00:00+00:00,11,236,181,0,11,ok,1.3038674033149171,normal,70.84233261339092
3ad4eec5-fc86-438a-9730-e5d092821180,redzedsei,300,4,2026-08-26T00:00:00+00:00,2026-09-02T00:00:00+00:00,38,811,529,0,38,ok,1.5330812854442344,normal,93.30453563714903
159069e0-7e7c-4e3e-989e-d9f723689e3a,-Dis1-,301,4,2026-08-26T00:00:00+00:00,2026-09-02T00:00:00+00:00,19,378,319,0,19,ok,1.1849529780564263,normal,47.73218142548596
086df609-d086-4b83-9474-4347714e1f76,Fessor,302,4,2026-08-26T00:00:00+00:00,2026-09-02T00:00:00+00:00,4,78,59,0,4,ok,1.3220338983050848,normal,74.94600431965442
3fa04793-fb47-46ee-be6f-c44cacd77099,h0sster,303,4,2026-08-26T00:00:00+00:00,2026-09-02T00:00:00+00:00,36,724,515,0,36,ok,1.4058252427184466,normal,84.23326133909286
de8546e3-f76c-4118-8671-2f0bed373ff4,Porya-,304,4,2026-08-26T00:00:00+00:00,2026-09-02T00:00:00+00:00,11,189,175,0,11,ok,1.08,normal,24.406047516198704
9132c4ea-8c7f-4865-a55c-9d20aa2efe89,ronkyeee,305,4,2026-08-26T00:00:00+00:00,2026-09-02T00:00:00+00:00,38,633,588,0,38,ok,1.0765306122448979,normal,23.110151187904968
f7ade297-4f13-4e91-b103-cacdfc3e5ba5,VLDN,306,4,2026-08-26T00:00:00+00:00,2026-09-02T00:00:00+00:00,0,0,0,0,0,sem_partidas,,sem_partidas,
48623ecb-e657-4292-8aa6-9389b4701b10,s1zzi,307,4,2026-08-26T00:00:00+00:00,2026-09-02T00:00:00+00:00,29,586,449,0,29,ok,1.3051224944320712,normal,71.05831533477321
c14998db-c745-4904-8316-429d46510e49,NonAmEeEeR,308,4,2026-08-26T00:00:00+00:00,2026-09-02T00:00:00+00:00,0,0,0,0,0,sem_partidas,,sem_partidas,
0b71822e-4e5a-4c96-9b2c-be44ff7f7e86,DrammaGod,309,4,2026-08-26T00:00:00+00:00,2026-09-02T00:00:00+00:00,0,0,0,0,0,sem_partidas,,sem_partidas,
1a5c4cff-75d4-489f-91a2-970af1eda8eb,Sobol,310,4,2026-08-26T00:00:00+00:00,2026-09-02T00:00:00+00:00,22,387,362,0,22,ok,1.069060773480663,normal,20.950323974082075
d0bad1c0-551e-40cb-8535-137ea7104ff6,Zerk1s-,311,4,2026-08-26T00:00:00+00:00,2026-09-02T00:00:00+00:00,121,2338,1816,0,121,ok,1.2874449339207048,normal,67.81857451403887
9b9ee020-9f73-4a4b-a68f-f6132bfb0377,Caleyy,312,4,2026-08-26T00:00:00+00:00,2026-09-02T00:00:00+00:00,28,578,432,0,28,ok,1.337962962962963,normal,76.45788336933045
f0f989d2-bbeb-4bdf-bb3e-9a92b9039c27,w1sely,313,4,2026-08-26T00:00:00+00:00,2026-09-02T00:00:00+00:00,16,265,197,0,16,ok,1.3451776649746192,normal,78.18574514038878
c4bf8035-0124-44bb-974b-2860cb41ab5a,aparcik,314,4,2026-08-26T00:00:00+00:00,2026-09-02T00:00:00+00:00,13,198,195,0,13,ok,1.0153846153846153,normal,9.071274298056156
74407bd7-b090-4cd9-8797-c4e3af17ae50,turcinskis,315,4,2026-08-26T00:00:00+00:00,2026-09-02T00:00:00+00:00,0,0,0,0,0,sem_partidas,,sem_partidas,
a7d9d607-a5ac-4aa1-ae41-4834085715c2,f0lkfan111,316,4,2026-08-26T00:00:00+00:00,2026-09-02T00:00:00+00:00,0,0,0,0,0,sem_partidas,,sem_partidas,
9d76e440-f676-4ad0-a04a-a8c87f7c21fb,arbnorz-,317,4,2026-08-26T00:00:00+00:00,2026-09-02T00:00:00+00:00,35,574,542,0,35,ok,1.0590405904059041,normal,17.062634989200866
92224fbc-fb31-4362-850b-735a0c1d6c8a,kidofpain,318,4,2026-08-26T00:00:00+00:00,2026-09-02T00:00:00+00:00,36,641,509,0,36,ok,1.2593320235756384,normal,60.90712742980562
fbb6f5b8-c8ce-415d-b29f-374d6b543716,MrTrelog,319,4,2026-08-26T00:00:00+00:00,2026-09-02T00:00:00+00:00,14,221,198,0,14,ok,1.1161616161616161,normal,32.39740820734342
83270bc6-74aa-4ca3-942b-f28a3d704b6d,OneUn1que,320,4,2026-08-26T00:00:00+00:00,2026-09-02T00:00:00+00:00,0,0,0,0,0,sem_partidas,,sem_partidas,
fddf0596-7573-4792-8012-79966c93689e,Licale,321,4,2026-08-26T00:00:00+00:00,2026-09-02T00:00:00+00:00,23,400,367,0,23,ok,1.0899182561307903,normal,26.78185745140389
975adbfb-f21e-4b09-92a4-704ab60c8542,ulqu1ora,322,4,2026-08-26T00:00:00+00:00,2026-09-02T00:00:00+00:00,9,141,118,0,9,ok,1.194915254237288,normal,49.0280777537797
bdf798c9-0041-4a81-b581-28c52fede922,chedzik,323,4,2026-08-26T00:00:00+00:00,2026-09-02T00:00:00+00:00,19,389,369,0,19,ok,1.0542005420054201,normal,16.19870410367171
798302b0-e3b3-40e7-b051-95c43766dabb,PhoeniXLUV,324,4,2026-08-26T00:00:00+00:00,2026-09-02T00:00:00+00:00,17,310,264,0,17,ok,1.1742424242424243,normal,44.27645788336933
5c60c1c4-653a-478d-90a4-441d1436a28e,-k0s,325,4,2026-08-26T00:00:00+00:00,2026-09-02T00:00:00+00:00,3,65,46,0,3,ok,1.4130434782608696,normal,85.96112311015118
e76908f9-d95c-4022-b419-786ad4cb8d4e,torox,326,4,2026-08-26T00:00:00+00:00,2026-09-02T00:00:00+00:00,31,547,395,0,31,ok,1.3848101265822785,normal,82.93736501079914
37a13cea-9f8b-45d3-9886-40faf2506d69,m1QUSE272,327,4,2026-08-26T00:00:00+00:00,2026-09-02T00:00:00+00:00,6,100,103,0,6,ok,0.970873786407767,normal,4.751619870410368
2f215405-df5f-4348-8b16-d07bb82b8f66,lockstocky,328,4,2026-08-26T00:00:00+00:00,2026-09-02T00:00:00+00:00,56,998,847,0,56,ok,1.17827626918536,normal,46.00431965442765
25694913-c7e9-4a6f-9279-8fb932b04a4c,EBLANKANKA67,329,4,2026-08-26T00:00:00+00:00,2026-09-02T00:00:00+00:00,26,586,343,0,26,ok,1.7084548104956268,outlier_positivo,98.27213822894169
0c482002-4ad9-4eb7-bbf4-c36f786cdbd8,ms2180,330,4,2026-08-26T00:00:00+00:00,2026-09-02T00:00:00+00:00,25,428,379,0,25,ok,1.129287598944591,normal,34.77321814254859
42afba06-399e-4c2d-aaff-77595526ad70,cmtry64,331,4,2026-08-26T00:00:00+00:00,2026-09-02T00:00:00+00:00,22,467,329,0,22,ok,1.419452887537994,normal,86.60907127429806
3b6a98b3-fd37-42ec-9d14-3ca58a1e54ef,sh4shlick,332,4,2026-08-26T00:00:00+00:00,2026-09-02T00:00:00+00:00,25,424,393,0,25,ok,1.078880407124682,normal,23.758099352051836
e6970427-7853-42d5-960a-3b125aa3fe98,xseveN,333,4,2026-08-26T00:00:00+00:00,2026-09-02T00:00:00+00:00,13,212,168,0,13,ok,1.2619047619047619,normal,61.98704103671706
0be6bdd3-7448-4711-84d6-79cfbbe86f71,musordrop983,334,4,2026-08-26T00:00:00+00:00,2026-09-02T00:00:00+00:00,75,1342,1145,0,75,ok,1.1720524017467249,normal,43.196544276457885
6d612c68-1dd3-427a-bf4c-e5e8029c4450,mASKEDo,335,4,2026-08-26T00:00:00+00:00,2026-09-02T00:00:00+00:00,32,540,506,0,32,ok,1.0671936758893281,normal,19.870410367170628
dd00574a-37b8-4c5e-87fa-b0569f624546,tamefear,336,4,2026-08-26T00:00:00+00:00,2026-09-02T00:00:00+00:00,25,459,391,0,25,ok,1.173913043478261,normal,44.06047516198704
8fc05816-4e4c-4df0-b6ab-4059965f95a5,feat-,337,4,2026-08-26T00:00:00+00:00,2026-09-02T00:00:00+00:00,0,0,0,0,0,sem_partidas,,sem_partidas,
1efdfeb4-7237-4a34-837a-9b4657295a48,svemyy,338,4,2026-08-26T00:00:00+00:00,2026-09-02T00:00:00+00:00,12,192,175,0,12,ok,1.0971428571428572,normal,28.94168466522678
2fd44fff-097a-44ca-9bf2-6badf3282398,Muciek,339,4,2026-08-26T00:00:00+00:00,2026-09-02T00:00:00+00:00,11,195,156,0,11,ok,1.25,normal,59.395248380129594
dafc9a8d-9a0b-47c3-a703-e0919211b635,L0fer,340,4,2026-08-26T00:00:00+00:00,2026-09-02T00:00:00+00:00,54,955,773,0,54,ok,1.2354463130659767,normal,56.803455723542115
400661b5-8cc7-4c40-9dcc-d1695b2047f6,Jisoo,341,4,2026-08-26T00:00:00+00:00,2026-09-02T00:00:00+00:00,35,710,547,0,35,ok,1.2979890310786106,normal,70.19438444924407
36b19d20-ddac-466d-9868-b73f0212c3ad,BRIAN-_-HIZZ,342,4,2026-08-26T00:00:00+00:00,2026-09-02T00:00:00+00:00,31,464,479,0,31,ok,0.9686847599164927,normal,4.319654427645788
c0216481-6d6f-4a69-b480-e1f3c4f0c36a,LECY89,343,4,2026-08-26T00:00:00+00:00,2026-09-02T00:00:00+00:00,0,0,0,0,0,sem_partidas,,sem_partidas,
1983b3f0-bd89-4fe6-a110-42664904443a,w4rdeN-,344,4,2026-08-26T00:00:00+00:00,2026-09-02T00:00:00+00:00,27,476,428,0,27,ok,1.1121495327102804,normal,31.317494600431967
5e91d235-cef6-42c6-9b86-35560cc19e57,deeN--,345,4,2026-08-26T00:00:00+00:00,2026-09-02T00:00:00+00:00,3,47,52,0,3,ok,0.9038461538461539,normal,1.9438444924406046
4527302e-9120-4a42-a465-5e383580386c,kobz0n,346,4,2026-08-26T00:00:00+00:00,2026-09-02T00:00:00+00:00,31,502,470,0,31,ok,1.0680851063829788,normal,20.302375809935207
242f97b1-a39e-40e5-aca0-153d7a76828f,saizius,347,4,2026-08-26T00:00:00+00:00,2026-09-02T00:00:00+00:00,16,267,270,0,16,ok,0.9888888888888889,normal,6.047516198704104
9866bf07-6fc9-47b0-966e-e4302ecc93fb,rv1den,348,4,2026-08-26T00:00:00+00:00,2026-09-02T00:00:00+00:00,20,389,362,0,20,ok,1.074585635359116,normal,22.24622030237581
7c38b5ca-b385-4cf2-942b-d7252521d266,ne1l,349,4,2026-08-26T00:00:00+00:00,2026-09-02T00:00:00+00:00,20,332,295,0,20,ok,1.1254237288135593,normal,33.909287257019436
a8efc434-5950-4621-8b51-72538fe6347d,dazzy-,350,4,2026-08-26T00:00:00+00:00,2026-09-02T00:00:00+00:00,2,27,21,0,2,ok,1.2857142857142858,normal,67.3866090712743
9b79818c-8be6-40cc-b090-b92878f5baac,5swiz,351,4,2026-08-26T00:00:00+00:00,2026-09-02T00:00:00+00:00,56,964,902,0,56,ok,1.0687361419068737,normal,20.734341252699785
58f68286-29eb-4108-97e5-2d8d96c65e05,mezii--,352,4,2026-08-26T00:00:00+00:00,2026-09-02T00:00:00+00:00,0,0,0,0,0,sem_partidas,,sem_partidas,
dfa35d4d-f284-4ad2-9a7d-c3f0468b1e69,wignfan,353,4,2026-08-26T00:00:00+00:00,2026-09-02T00:00:00+00:00,34,608,518,0,34,ok,1.1737451737451738,normal,43.84449244060475
a3e05af2-cb94-4de5-b56c-e5b30bde9f0c,S3NSEYZjE,354,4,2026-08-26T00:00:00+00:00,2026-09-02T00:00:00+00:00,45,783,673,0,45,ok,1.1634472511144132,normal,41.90064794816415
5d834b85-5d4f-441a-a0e2-a88713818bc8,ottob,355,4,2026-08-26T00:00:00+00:00,2026-09-02T00:00:00+00:00,13,255,170,0,13,ok,1.5,normal,92.0086393088553
3e96ad48-d280-40fe-b432-743bc6166e6a,bibu_,356,4,2026-08-26T00:00:00+00:00,2026-09-02T00:00:00+00:00,13,261,204,0,13,ok,1.2794117647058822,normal,66.09071274298056
2fe13779-4813-4886-975b-a23d66c22b50,rec1se,357,4,2026-08-26T00:00:00+00:00,2026-09-02T00:00:00+00:00,26,507,342,0,26,ok,1.4824561403508771,normal,90.71274298056156
6111a58f-ec43-4a35-ac5f-6a27d4a8442d,kade0,358,4,2026-08-26T00:00:00+00:00,2026-09-02T00:00:00+00:00,3,48,46,0,3,ok,1.0434782608695652,normal,12.958963282937367
08d5e3fa-ef86-447a-a441-7d61c106305c,nukkye,359,4,2026-08-26T00:00:00+00:00,2026-09-02T00:00:00+00:00,32,508,507,0,32,ok,1.0019723865877712,normal,7.775377969762419
88aba0ad-9f4f-43f8-8691-78bd5935bb26,MAJ1X,360,4,2026-08-26T00:00:00+00:00,2026-09-02T00:00:00+00:00,0,0,0,0,0,sem_partidas,,sem_partidas,
75b7d8c4-e346-492c-adef-a91fffeb3886,z1k4-,361,4,2026-08-26T00:00:00+00:00,2026-09-02T00:00:00+00:00,13,222,189,0,13,ok,1.1746031746031746,normal,44.49244060475162
1050ef15-3e72-45b8-a255-ba1c69f9ae03,karass28,362,4,2026-08-26T00:00:00+00:00,2026-09-02T00:00:00+00:00,28,412,419,0,28,ok,0.9832935560859188,normal,5.399568034557236
b5ad53bf-7ef2-4e7f-b902-2218997c60f0,KATLEDICI7,363,4,2026-08-26T00:00:00+00:00,2026-09-02T00:00:00+00:00,54,890,865,0,54,ok,1.0289017341040463,normal,10.799136069114471
6b52e429-611a-4cff-a329-79640d71dcf9,serrakura111,364,4,2026-08-26T00:00:00+00:00,2026-09-02T00:00:00+00:00,29,546,423,0,29,ok,1.2907801418439717,normal,68.03455723542116
d4241a7e-40ed-428c-824b-186191cc1186,kkx-,365,4,2026-08-26T00:00:00+00:00,2026-09-02T00:00:00+00:00,26,427,411,0,26,ok,1.0389294403892944,normal,12.095032397408207
b0e6d782-b60b-464b-b825-0551219d184c,Botman,366,4,2026-08-26T00:00:00+00:00,2026-09-02T00:00:00+00:00,20,380,301,0,20,ok,1.2624584717607974,normal,62.20302375809935
43edb54f-28ed-41fb-9996-c53c1602b32a,taouser,367,4,2026-08-26T00:00:00+00:00,2026-09-02T00:00:00+00:00,8,147,110,0,8,ok,1.3363636363636364,normal,76.24190064794817
bf53ac48-b4ac-4b17-9174-4018772ad411,Griller1221,368,4,2026-08-26T00:00:00+00:00,2026-09-02T00:00:00+00:00,17,389,289,0,17,ok,1.3460207612456747,normal,78.61771058315334
6051a477-a1fb-410a-bca9-5eb8e848a515,grekuwu,369,4,2026-08-26T00:00:00+00:00,2026-09-02T00:00:00+00:00,9,125,123,0,9,ok,1.016260162601626,normal,9.287257019438446
32181c2b-b743-4bcd-abd1-1a76378beacf,zs0lt1-,370,4,2026-08-26T00:00:00+00:00,2026-09-02T00:00:00+00:00,39,715,610,0,39,ok,1.1721311475409837,normal,43.412526997840175
35c42621-9863-49d8-a9d3-98cd2ebd3695,Sdaim,371,4,2026-08-26T00:00:00+00:00,2026-09-02T00:00:00+00:00,21,467,318,0,21,ok,1.4685534591194969,normal,89.6328293736501
23b6ffbb-86ec-47ab-acaa-9c76bed0af66,jL-,372,4,2026-08-26T00:00:00+00:00,2026-09-02T00:00:00+00:00,7,145,125,0,7,ok,1.16,normal,40.60475161987041
abe4d53f-ed16-49fc-8d86-3d1abac2d5ef,yanni-_-,373,4,2026-08-26T00:00:00+00:00,2026-09-02T00:00:00+00:00,13,235,226,0,13,ok,1.0398230088495575,normal,12.526997840172784
9dd05297-26eb-4cb4-a2e2-544b242f0a08,DAN9ARMATURA,374,4,2026-08-26T00:00:00+00:00,2026-09-02T00:00:00+00:00,17,282,258,0,17,ok,1.0930232558139534,normal,27.861771058315334
0cf9c7b8-2003-404d-97d4-fa9b5fae1878,Jimpphat,375,4,2026-08-26T00:00:00+00:00,2026-09-02T00:00:00+00:00,7,139,81,0,7,ok,1.7160493827160495,outlier_positivo,98.48812095032397
a6b1e85a-0d17-4fa3-9c08-900211bf7692,mattloo,376,4,2026-08-26T00:00:00+00:00,2026-09-02T00:00:00+00:00,12,191,168,0,12,ok,1.1369047619047619,normal,36.285097192224626
c328112e-d19e-4dc2-b0d9-e95372a362e7,Hrdina1452,377,4,2026-08-26T00:00:00+00:00,2026-09-02T00:00:00+00:00,0,0,0,0,0,sem_partidas,,sem_partidas,
6f65cd76-e51e-480e-b0f4-d8ca78c3ec63,VILBy,378,4,2026-08-26T00:00:00+00:00,2026-09-02T00:00:00+00:00,8,130,108,0,8,ok,1.2037037037037037,normal,51.83585313174947
40ca7ec3-ca11-4e1b-a3b3-3989c1aaf13f,baz,379,4,2026-08-26T00:00:00+00:00,2026-09-02T00:00:00+00:00,14,223,207,0,14,ok,1.077294685990338,normal,23.326133909287257
08b00737-a7bf-46c2-b501-052c101f3e6e,siz-,380,4,2026-08-26T00:00:00+00:00,2026-09-02T00:00:00+00:00,25,399,350,0,25,ok,1.14,normal,36.933045356371494
a86a13ca-a850-4e31-9e46-76026f25a8df,flawly,381,4,2026-08-26T00:00:00+00:00,2026-09-02T00:00:00+00:00,32,558,456,0,32,ok,1.2236842105263157,normal,54.85961123110151
95371621-2dc2-4ae2-8633-e70c1f754d25,kiy0o,382,4,2026-08-26T00:00:00+00:00,2026-09-02T00:00:00+00:00,13,221,221,0,13,ok,1.0,normal,7.343412526997841
fa304d5e-0d2e-4b7c-a802-a9ee2989d6d7,musordrop01R,383,4,2026-08-26T00:00:00+00:00,2026-09-02T00:00:00+00:00,104,1840,1664,0,104,ok,1.1057692307692308,normal,30.669546436285096
e15c799e-2f9b-42fb-9233-db6908126b26,LunaticYF,384,4,2026-08-26T00:00:00+00:00,2026-09-02T00:00:00+00:00,12,238,207,0,12,ok,1.1497584541062802,normal,38.44492440604751
57d0ffa1-44d3-4271-9360-f09bfb7e3466,Ayri21,385,4,2026-08-26T00:00:00+00:00,2026-09-02T00:00:00+00:00,18,328,284,0,18,ok,1.1549295774647887,normal,39.524838012958966
ba3282ae-21a1-4a9d-a2e4-e579a67f2472,ToM223,386,4,2026-08-26T00:00:00+00:00,2026-09-02T00:00:00+00:00,22,412,304,0,22,ok,1.355263157894737,normal,79.48164146868251
99726d5a-04d8-4b74-a12d-b5e012ae745c,anttzz,387,4,2026-08-26T00:00:00+00:00,2026-09-02T00:00:00+00:00,47,826,774,0,47,ok,1.0671834625322998,normal,19.654427645788335
803bd4ab-3891-4686-8301-aea69a426477,PsychoDoctor,388,4,2026-08-26T00:00:00+00:00,2026-09-02T00:00:00+00:00,28,485,411,0,28,ok,1.1800486618004866,normal,46.436285097192226
7dfc0c4c-28a0-4126-8b97-349ba09bc314,neptun59,389,4,2026-08-26T00:00:00+00:00,2026-09-02T00:00:00+00:00,9,187,142,0,9,ok,1.3169014084507042,normal,74.29805615550757
3bd30889-be3f-49cf-817f-1399c887f2d9,zeRRoFIX,390,4,2026-08-26T00:00:00+00:00,2026-09-02T00:00:00+00:00,9,166,114,0,9,ok,1.456140350877193,normal,89.20086393088553
651597b1-03b4-4c74-8848-dd688599cffa,sk1tt,391,4,2026-08-26T00:00:00+00:00,2026-09-02T00:00:00+00:00,11,199,152,0,11,ok,1.3092105263157894,normal,71.70626349892008
bffdd912-57c0-4c48-9735-3d36059236b3,SatoruGojo_,392,4,2026-08-26T00:00:00+00:00,2026-09-02T00:00:00+00:00,50,850,802,0,50,ok,1.059850374064838,normal,17.49460043196544
9b9355f1-870d-4d85-bb37-9b71d591d779,608-,393,4,2026-08-26T00:00:00+00:00,2026-09-02T00:00:00+00:00,36,637,569,0,36,ok,1.1195079086115993,normal,32.82937365010799
79df73cc-00b8-40c2-9089-d20e81b91614,Nivera-,394,4,2026-08-26T00:00:00+00:00,2026-09-02T00:00:00+00:00,12,217,163,0,12,ok,1.3312883435582823,normal,75.80993520518359
e5806414-a8b4-4f7e-b13d-e16066e3984a,suisha,395,4,2026-08-26T00:00:00+00:00,2026-09-02T00:00:00+00:00,9,128,100,0,9,ok,1.28,normal,66.30669546436285
675b5450-f00f-4009-92b8-10d17524959a,Proinya,396,4,2026-08-26T00:00:00+00:00,2026-09-02T00:00:00+00:00,0,0,0,0,0,sem_partidas,,sem_partidas,
a9147ac0-cd1b-4ab8-a634-a3562d29dc13,W0nderL4nd,397,4,2026-08-26T00:00:00+00:00,2026-09-02T00:00:00+00:00,11,165,171,0,11,ok,0.9649122807017544,normal,4.103671706263499
41e80191-23a9-40af-a3f5-b0452d31b7a5,xm1nd337,398,4,2026-08-26T00:00:00+00:00,2026-09-02T00:00:00+00:00,12,270,192,0,12,ok,1.40625,normal,84.44924406047517
381f4aa9-921e-498b-8548-af3a61a95f45,fall1ngxd,399,4,2026-08-26T00:00:00+00:00,2026-09-02T00:00:00+00:00,45,697,677,0,45,ok,1.0295420974889218,normal,11.01511879049676
0bd8a37f-2bf9-4a2a-8c4d-4ec60249c758,Kovvat,400,4,2026-08-26T00:00:00+00:00,2026-09-02T00:00:00+00:00,31,551,520,0,31,ok,1.0596153846153846,normal,17.278617710583152
a5f7f49b-13f4-406b-9868-99503a228d4c,Myggis,401,4,2026-08-26T00:00:00+00:00,2026-09-02T00:00:00+00:00,36,575,608,0,36,ok,0.9457236842105263,normal,3.2397408207343417
96675589-94d3-4a3f-942e-75e876c5407d,amanek,402,4,2026-08-26T00:00:00+00:00,2026-09-02T00:00:00+00:00,50,624,710,0,50,ok,0.8788732394366198,normal,1.079913606911447
8f97a4ca-0315-4386-a97d-4ec6b74a432a,F0R3VER-,403,4,2026-08-26T00:00:00+00:00,2026-09-02T00:00:00+00:00,3,35,42,0,3,ok,0.8333333333333334,normal,0.6479481641468683
3c1ca83f-5c0b-48c9-9efb-86e02999bad4,CoolezW,404,4,2026-08-26T00:00:00+00:00,2026-09-02T00:00:00+00:00,23,371,365,0,23,ok,1.0164383561643835,normal,9.503239740820735
f77f8060-0918-4c9c-84eb-4b871a0d0430,Farab1,405,4,2026-08-26T00:00:00+00:00,2026-09-02T00:00:00+00:00,54,883,810,0,54,ok,1.0901234567901235,normal,26.997840172786177
f317884c-2d70-4cb9-8f03-418064e114ed,markovich666,406,4,2026-08-26T00:00:00+00:00,2026-09-02T00:00:00+00:00,19,393,242,0,19,ok,1.6239669421487604,normal,96.76025917926566
cd355df3-21b0-4677-8e79-6d823aa6ebac,takanashi,407,4,2026-08-26T00:00:00+00:00,2026-09-02T00:00:00+00:00,40,715,625,0,40,ok,1.144,normal,37.580993520518355
a421bf0b-db37-4194-8d57-59aa2cab64a0,NaYz,408,4,2026-08-26T00:00:00+00:00,2026-09-02T00:00:00+00:00,18,315,286,0,18,ok,1.1013986013986015,normal,29.805615550755938
14bf6f49-e335-4cca-b270-2bff1bc95485,whisperr23,409,4,2026-08-26T00:00:00+00:00,2026-09-02T00:00:00+00:00,10,207,154,0,10,ok,1.344155844155844,normal,77.7537796976242
f0d7de73-a6e4-4fd8-961e-d4f5f283e931,kenjezz,410,4,2026-08-26T00:00:00+00:00,2026-09-02T00:00:00+00:00,17,265,250,0,17,ok,1.06,normal,17.71058315334773
e5b77795-ddbc-418b-a72a-e8e8e2787d54,eNs,411,4,2026-08-26T00:00:00+00:00,2026-09-02T00:00:00+00:00,0,0,0,0,0,sem_partidas,,sem_partidas,
917a60fe-0a2f-4cf8-b93e-8d8242e2aa87,Bl4zE333,412,4,2026-08-26T00:00:00+00:00,2026-09-02T00:00:00+00:00,34,631,513,0,34,ok,1.230019493177388,normal,55.507559395248386
7b6558ed-94e8-4344-a805-788cb226d03e,oz1k,413,4,2026-08-26T00:00:00+00:00,2026-09-02T00:00:00+00:00,14,278,189,0,14,ok,1.470899470899471,normal,89.8488120950324
31a278ea-2af3-4101-baad-2bff533b5c01,Blytz_,414,4,2026-08-26T00:00:00+00:00,2026-09-02T00:00:00+00:00,4,77,56,0,4,ok,1.375,normal,82.07343412526998
13a07227-30a0-4590-9b66-e8e5841b7a8b,H4SAN4TOR,415,4,2026-08-26T00:00:00+00:00,2026-09-02T00:00:00+00:00,3,65,46,0,3,ok,1.4130434782608696,normal,85.96112311015118
0afea8e8-c7e2-4ad7-a20e-ec4ba4ce80ff,3BL0S7R3L,416,4,2026-08-26T00:00:00+00:00,2026-09-02T00:00:00+00:00,43,710,675,0,43,ok,1.0518518518518518,normal,14.902807775377969
b65ca382-cb8c-42a2-aeb7-822fb72cb9a7,iffo,417,4,2026-08-26T00:00:00+00:00,2026-09-02T00:00:00+00:00,2,30,29,0,2,ok,1.0344827586206897,normal,11.663066954643629
685163c9-a0d4-41b9-8373-d0d2f26ab42b,kL1o,418,4,2026-08-26T00:00:00+00:00,2026-09-02T00:00:00+00:00,0,0,0,0,0,sem_partidas,,sem_partidas,
1ace868a-d60c-46b8-a61e-f51d40d0305b,lilpeepfan-,419,4,2026-08-26T00:00:00+00:00,2026-09-02T00:00:00+00:00,11,187,156,0,11,ok,1.1987179487179487,normal,49.892008639308855
6e9625a5-9d91-4b07-9858-0042f5a53f6a,paz-,420,4,2026-08-26T00:00:00+00:00,2026-09-02T00:00:00+00:00,9,151,126,0,9,ok,1.1984126984126984,normal,49.676025917926566
f34926cc-3857-4d91-bc5a-316ec071263a,djgor1lla,421,4,2026-08-26T00:00:00+00:00,2026-09-02T00:00:00+00:00,70,1266,1197,0,70,ok,1.0576441102756893,normal,16.630669546436287
f2e856bd-3ee0-4c05-85da-0f26ecdfcd69,Jhniewolkjer,422,4,2026-08-26T00:00:00+00:00,2026-09-02T00:00:00+00:00,33,509,532,0,33,ok,0.956766917293233,normal,3.8876889848812093
cd978277-44fe-46ef-85e9-c916be624bee,Maiser,423,4,2026-08-26T00:00:00+00:00,2026-09-02T00:00:00+00:00,28,497,418,0,28,ok,1.1889952153110048,normal,48.16414686825054
8dd252bc-7bed-4b80-a8af-08292429f90c,shaiK,424,4,2026-08-26T00:00:00+00:00,2026-09-02T00:00:00+00:00,5,83,88,0,5,ok,0.9431818181818182,normal,3.023758099352052
01b56a15-1e5d-43ea-9173-8d2b812bc1c6,strixxxzz,425,4,2026-08-26T00:00:00+00:00,2026-09-02T00:00:00+00:00,50,1072,764,0,50,ok,1.4031413612565444,normal,84.01727861771057
92e63ac2-a228-4a2c-8db5-93e4a0b35e6f,SILNYI4EL,426,4,2026-08-26T00:00:00+00:00,2026-09-02T00:00:00+00:00,45,753,700,0,45,ok,1.0757142857142856,normal,22.67818574514039
80396ca7-9e6b-440d-bea6-99c20a78758c,MadLife516,427,4,2026-08-26T00:00:00+00:00,2026-09-02T00:00:00+00:00,36,581,526,0,36,ok,1.1045627376425855,normal,30.237580993520517
53771794-0678-4e00-b12b-605404c711f0,icntflmfce,428,4,2026-08-26T00:00:00+00:00,2026-09-02T00:00:00+00:00,11,181,172,0,11,ok,1.052325581395349,normal,15.334773218142548
43cddbf7-48c8-402d-8ab5-2d7b35c519c2,Tired5,429,4,2026-08-26T00:00:00+00:00,2026-09-02T00:00:00+00:00,10,151,135,0,10,ok,1.1185185185185185,normal,32.6133909287257
f054b0fb-9841-45b9-b832-d3d38f3c948e,iNSANE-0_o,430,4,2026-08-26T00:00:00+00:00,2026-09-02T00:00:00+00:00,58,1119,887,0,58,ok,1.2615558060879368,normal,61.77105831533477
6a8c42f1-b66d-49d3-a89a-d0fd7c11d544,CHANKY-,431,4,2026-08-26T00:00:00+00:00,2026-09-02T00:00:00+00:00,6,102,99,0,6,ok,1.0303030303030303,normal,11.23110151187905
0e5e5804-66dc-47fc-abf8-78fbabb2e486,x1nk1n,432,4,2026-08-26T00:00:00+00:00,2026-09-02T00:00:00+00:00,9,183,136,0,9,ok,1.3455882352941178,normal,78.40172786177105
fddec513-3b2c-46c2-8223-5baf9d7c44e1,qw3zy,433,4,2026-08-26T00:00:00+00:00,2026-09-02T00:00:00+00:00,13,188,174,0,13,ok,1.0804597701149425,normal,25.05399568034557
7755ecad-986d-418d-932e-2250132bee75,newnickname7,434,4,2026-08-26T00:00:00+00:00,2026-09-02T00:00:00+00:00,13,247,217,0,13,ok,1.1382488479262673,normal,36.50107991360691
4396868f-64f7-4847-8443-4703685a0aef,hitori,435,4,2026-08-26T00:00:00+00:00,2026-09-02T00:00:00+00:00,10,200,157,0,10,ok,1.2738853503184713,normal,64.36285097192224
1606bc69-b662-43ff-a5a6-cb3667b1175f,qw1ck,436,4,2026-08-26T00:00:00+00:00,2026-09-02T00:00:00+00:00,61,1051,962,0,61,ok,1.0925155925155925,normal,27.645788336933048
f20f58ba-b7f6-455e-9267-5700584798a7,resqz,437,4,2026-08-26T00:00:00+00:00,2026-09-02T00:00:00+00:00,21,374,330,0,21,ok,1.1333333333333333,normal,35.20518358531318
c1302426-7b94-464e-8074-934bd584a311,latayo,438,4,2026-08-26T00:00:00+00:00,2026-09-02T00:00:00+00:00,48,784,745,0,48,ok,1.0523489932885906,normal,15.550755939524837
47444e4a-3a2e-4952-a6d8-eb535f3f9c82,Something,439,4,2026-08-26T00:00:00+00:00,2026-09-02T00:00:00+00:00,12,294,210,0,12,ok,1.4,normal,83.8012958963283
bea77fb4-1e11-43bf-aae7-1ce463bc0a21,nukleos143,440,4,2026-08-26T00:00:00+00:00,2026-09-02T00:00:00+00:00,30,567,437,0,30,ok,1.297482837528604,normal,69.97840172786177
5d950322-1f67-41fe-a8d7-3831ef236504,xz4yrix_-,441,4,2026-08-26T00:00:00+00:00,2026-09-02T00:00:00+00:00,36,697,549,0,36,ok,1.2695810564663024,normal,62.850971922246224
b88c11ce-6c1c-4caf-826c-a3781f5ef95f,r3td,442,4,2026-08-26T00:00:00+00:00,2026-09-02T00:00:00+00:00,62,1077,896,0,62,ok,1.2020089285714286,normal,51.40388768898488
a890369c-f360-430b-bb2b-07320647239f,Sami,443,4,2026-08-26T00:00:00+00:00,2026-09-02T00:00:00+00:00,16,225,255,0,16,ok,0.8823529411764706,normal,1.2958963282937366
41e2d7e1-a224-46b4-8565-cc04e4a9d1ea,crazed-_-,444,4,2026-08-26T00:00:00+00:00,2026-09-02T00:00:00+00:00,6,98,95,0,6,ok,1.0315789473684212,normal,11.447084233261338
37032643-d56f-417e-b165-f058646f8076,wakash1ma666,445,4,2026-08-26T00:00:00+00:00,2026-09-02T00:00:00+00:00,14,281,196,0,14,ok,1.433673469387755,normal,88.12095032397409
63bbf570-f8f3-4502-9c27-4b2d767bfeb8,newt,446,4,2026-08-26T00:00:00+00:00,2026-09-02T00:00:00+00:00,10,155,131,0,10,ok,1.183206106870229,normal,47.30021598272138
5b8d259e-503e-4afe-b621-0dc202d46e43,Buzz,447,4,2026-08-26T00:00:00+00:00,2026-09-02T00:00:00+00:00,12,253,204,0,12,ok,1.2401960784313726,normal,57.45140388768899
ec933b68-6007-408c-818d-10cc284b6838,-mortal666,448,4,2026-08-26T00:00:00+00:00,2026-09-02T00:00:00+00:00,36,585,565,0,36,ok,1.0353982300884956,normal,11.879049676025918
1e004a7b-a857-49ed-ad46-a3f8549d5b7e,Jaex-,449,4,2026-08-26T00:00:00+00:00,2026-09-02T00:00:00+00:00,6,105,65,0,6,ok,1.6153846153846154,normal,96.32829373650108
ea125fed-a8af-4d17-91b9-4e05dc51a0ba,shalfey111,450,4,2026-08-26T00:00:00+00:00,2026-09-02T00:00:00+00:00,5,100,82,0,5,ok,1.2195121951219512,normal,53.77969762419006
c03e59a1-785d-4821-8300-e84d2a30a99c,fez,451,4,2026-08-26T00:00:00+00:00,2026-09-02T00:00:00+00:00,0,0,0,0,0,sem_partidas,,sem_partidas,
888098d7-ca11-498a-9d76-aa9bc8636708,-Aldikon,452,4,2026-08-26T00:00:00+00:00,2026-09-02T00:00:00+00:00,0,0,0,0,0,sem_partidas,,sem_partidas,
9af7e56b-2661-4235-a853-788f9d07d7c5,safraleine33,453,4,2026-08-26T00:00:00+00:00,2026-09-02T00:00:00+00:00,46,816,781,0,46,ok,1.0448143405889885,normal,13.390928725701945
1fc5d089-ed6d-42bc-9014-b7bd8024a5ce,wouri,454,4,2026-08-26T00:00:00+00:00,2026-09-02T00:00:00+00:00,14,254,210,0,14,ok,1.2095238095238094,normal,52.05183585313174
94f48ada-f249-4fd3-92cd-d7e1454bbeb3,percoshk3t,455,4,2026-08-26T00:00:00+00:00,2026-09-02T00:00:00+00:00,29,475,435,0,29,ok,1.0919540229885059,normal,27.429805615550755
835047fa-11b8-44df-aff2-df367bacc016,domin0o_,456,4,2026-08-26T00:00:00+00:00,2026-09-02T00:00:00+00:00,40,604,549,0,40,ok,1.1001821493624773,normal,29.373650107991363
9b60b444-681f-4075-9bb2-5b8a1e6c8c0c,zendirege,457,4,2026-08-26T00:00:00+00:00,2026-09-02T00:00:00+00:00,66,1123,1095,0,66,ok,1.0255707762557078,normal,10.583153347732182
45a216c4-0a48-4475-9e16-4548a1ab8a63,-guty,458,4,2026-08-26T00:00:00+00:00,2026-09-02T00:00:00+00:00,7,114,85,0,7,ok,1.3411764705882352,normal,77.32181425485962
24d172ce-17ac-4473-9bbf-604230499642,kaneko999,459,4,2026-08-26T00:00:00+00:00,2026-09-02T00:00:00+00:00,15,268,216,0,15,ok,1.2407407407407407,normal,57.66738660907127
766e6891-f43c-4caa-9069-6ff948384229,foidslayer--,460,4,2026-08-26T00:00:00+00:00,2026-09-02T00:00:00+00:00,36,671,612,0,36,ok,1.09640522875817,normal,28.725701943844495
6226a775-1377-48c3-bac5-3a772af824fb,inwayz-_-,461,4,2026-08-26T00:00:00+00:00,2026-09-02T00:00:00+00:00,0,0,0,0,0,sem_partidas,,sem_partidas,
31344471-a809-45c0-9190-fd6420769871,hallzerk,462,4,2026-08-26T00:00:00+00:00,2026-09-02T00:00:00+00:00,0,0,0,0,0,sem_partidas,,sem_partidas,
07590cf0-6f1c-4a5c-b349-5af955627f30,kRaSnaI,463,4,2026-08-26T00:00:00+00:00,2026-09-02T00:00:00+00:00,19,299,316,0,19,ok,0.9462025316455697,normal,3.455723542116631
7620a1ae-c74b-4677-80c1-3e551c8c3fb7,PYREXX-,464,4,2026-08-26T00:00:00+00:00,2026-09-02T00:00:00+00:00,32,478,530,0,32,ok,0.9018867924528302,normal,1.7278617710583155
2148ed19-15a3-4d2f-973e-4b7d6a29af6b,AI-Bagheera,465,4,2026-08-26T00:00:00+00:00,2026-09-02T00:00:00+00:00,26,412,386,0,26,ok,1.067357512953368,normal,20.086393088552914
a20678de-0c2d-4a9f-bf8e-3c856bceab45,b1t,466,4,2026-08-26T00:00:00+00:00,2026-09-02T00:00:00+00:00,4,76,65,0,4,ok,1.1692307692307693,normal,42.33261339092873
57bf2171-049e-46e6-8e16-131dcb92a415,avid-,467,4,2026-08-26T00:00:00+00:00,2026-09-02T00:00:00+00:00,11,199,133,0,11,ok,1.4962406015037595,normal,91.792656587473
43e675a8-d54e-42c4-b055-c0d2062bbf7e,YumsaN,468,4,2026-08-26T00:00:00+00:00,2026-09-02T00:00:00+00:00,2,42,27,0,2,ok,1.5555555555555556,normal,94.60043196544277
b0ee1f18-598b-4f15-89d5-99b614cc93b0,Malkiss,469,4,2026-08-26T00:00:00+00:00,2026-09-02T00:00:00+00:00,0,0,0,0,0,sem_partidas,,sem_partidas,
8a4b1c1b-7957-4b83-a18c-1dee110c4cfc,1nki7331,470,4,2026-08-26T00:00:00+00:00,2026-09-02T00:00:00+00:00,21,382,309,0,21,ok,1.2362459546925566,normal,57.01943844492441
d9981652-0143-4c1f-9de5-7fed7f2315f5,k1ssly-,471,4,2026-08-26T00:00:00+00:00,2026-09-02T00:00:00+00:00,9,168,119,0,9,ok,1.411764705882353,normal,85.52915766738661
d6537a7f-eb98-449d-9f31-cada1d6b910d,wswavdghfwd,472,4,2026-08-26T00:00:00+00:00,2026-09-02T00:00:00+00:00,0,0,0,0,0,sem_partidas,,sem_partidas,
2d83d2dc-abfd-490e-b05e-0019887cf33c,731MusorDrop,473,4,2026-08-26T00:00:00+00:00,2026-09-02T00:00:00+00:00,45,748,625,0,45,ok,1.1968,normal,49.24406047516199
da235764-ca50-4d23-b071-38e9bf44a39b,jv2k,474,4,2026-08-26T00:00:00+00:00,2026-09-02T00:00:00+00:00,36,667,563,0,36,ok,1.1847246891651866,normal,47.51619870410367
f91a0186-c110-4c26-b82b-b77f885510a4,cheaterhs,475,4,2026-08-26T00:00:00+00:00,2026-09-02T00:00:00+00:00,24,471,370,0,24,ok,1.272972972972973,normal,63.714902807775374
eda41a31-6cf9-49f9-9870-7b12bb0d9150,CASEKAICEDO,476,4,2026-08-26T00:00:00+00:00,2026-09-02T00:00:00+00:00,8,115,124,0,8,ok,0.9274193548387096,normal,2.375809935205184
d3f24072-38c0-44ac-9d8b-5dba72c47569,danil_potoke,477,4,2026-08-26T00:00:00+00:00,2026-09-02T00:00:00+00:00,41,692,604,0,41,ok,1.1456953642384107,normal,38.01295896328294
772edefc-9b9d-4e5b-b33e-2958eb6c38a7,H1jgnsh-_-,478,4,2026-08-26T00:00:00+00:00,2026-09-02T00:00:00+00:00,47,807,740,0,47,ok,1.0905405405405406,normal,27.213822894168466
1495e67c-8aa5-4e8a-9e24-7f17e5ea3049,PUPA-9,479,4,2026-08-26T00:00:00+00:00,2026-09-02T00:00:00+00:00,35,711,549,0,35,ok,1.2950819672131149,normal,69.11447084233261
ee612218-4533-4dbc-a8db-21192d8217b8,epeaj666,480,4,2026-08-26T00:00:00+00:00,2026-09-02T00:00:00+00:00,37,707,574,0,37,ok,1.2317073170731707,normal,56.15550755939525
15371e7d-a30d-4b6a-80d8-d8ca1b8cbc43,stavnmagi,481,4,2026-08-26T00:00:00+00:00,2026-09-02T00:00:00+00:00,15,242,224,0,15,ok,1.0803571428571428,normal,24.838012958963283
fed5173b-cc64-4d2a-914f-84273a4eb392,deliciousSs,482,4,2026-08-26T00:00:00+00:00,2026-09-02T00:00:00+00:00,32,521,499,0,32,ok,1.0440881763527055,normal,13.174946004319654
f140177f-6dec-4903-9bb6-598f1049e97f,her1tage111,483,4,2026-08-26T00:00:00+00:00,2026-09-02T00:00:00+00:00,6,129,87,0,6,ok,1.4827586206896552,normal,90.92872570194385
e35850f7-8043-4e71-9d3a-3748cb6dfdd7,Shoota-_-,484,4,2026-08-26T00:00:00+00:00,2026-09-02T00:00:00+00:00,30,552,477,0,30,ok,1.1572327044025157,normal,39.956803455723545
c46fe7d1-7623-4014-a63b-2e8bc3cbac62,262,485,4,2026-08-26T00:00:00+00:00,2026-09-02T00:00:00+00:00,71,1160,1169,0,71,ok,0.9923011120615911,normal,6.695464362850973
defccfc4-ddf1-4aee-b441-51adf7306f37,m4d4ra666,486,4,2026-08-26T00:00:00+00:00,2026-09-02T00:00:00+00:00,37,636,594,0,37,ok,1.0707070707070707,normal,21.382289416846653
24a3d250-e64e-4212-9872-2f37997e3e5f,l4uvmaria,487,4,2026-08-26T00:00:00+00:00,2026-09-02T00:00:00+00:00,16,309,232,0,16,ok,1.331896551724138,normal,76.02591792656588
c6ab629f-9142-4edb-9cb9-a88d5b6ac7ef,Chr1zN,488,4,2026-08-26T00:00:00+00:00,2026-09-02T00:00:00+00:00,3,66,34,0,3,ok,1.9411764705882353,outlier_positivo,99.56803455723542
30d65106-6fb6-4f84-8a7a-66c10df34b72,--SanDy,489,4,2026-08-26T00:00:00+00:00,2026-09-02T00:00:00+00:00,36,676,556,0,36,ok,1.2158273381294964,normal,52.69978401727862
f02fe0de-fda4-490e-8048-a33cd7a47b54,Jayy2s,490,4,2026-08-26T00:00:00+00:00,2026-09-02T00:00:00+00:00,32,516,524,0,32,ok,0.9847328244274809,normal,5.615550755939525
a29dccc8-5ea9-49be-a884-09b80706b010,fdghnsfdgb,491,4,2026-08-26T00:00:00+00:00,2026-09-02T00:00:00+00:00,22,309,370,0,22,ok,0.8351351351351352,normal,0.8639308855291578
75c35b01-719b-4d98-b110-e99a0369097a,whyalive999,492,4,2026-08-26T00:00:00+00:00,2026-09-02T00:00:00+00:00,1,24,13,0,1,ok,1.8461538461538463,outlier_positivo,99.13606911447084
cab2a609-de2f-4023-a9c7-af89d5292c96,D0cC,493,4,2026-08-26T00:00:00+00:00,2026-09-02T00:00:00+00:00,15,338,220,0,15,ok,1.5363636363636364,normal,93.52051835853132
c8a2d8f4-c3d9-46dd-b779-e20940697c76,emiii-,494,4,2026-08-26T00:00:00+00:00,2026-09-02T00:00:00+00:00,25,427,371,0,25,ok,1.150943396226415,normal,38.8768898488121
3783cdb7-ad5b-4c10-ba0e-ba14df7f8403,-Blam1e,495,4,2026-08-26T00:00:00+00:00,2026-09-02T00:00:00+00:00,23,367,358,0,23,ok,1.0251396648044693,normal,10.367170626349893
f60f128f-693b-4be2-8d37-d8bf0ad519ec,faydett,496,4,2026-08-26T00:00:00+00:00,2026-09-02T00:00:00+00:00,18,358,290,0,18,ok,1.2344827586206897,normal,56.587473002159825
1bce43de-6944-4533-8402-4631f989c56c,kagiriiii,497,4,2026-08-26T00:00:00+00:00,2026-09-02T00:00:00+00:00,15,274,240,0,15,ok,1.1416666666666666,normal,37.365010799136066
fa49d188-261a-4200-b10d-1c632dfeb87a,solb7,498,4,2026-08-26T00:00:00+00:00,2026-09-02T00:00:00+00:00,24,369,347,0,24,ok,1.063400576368876,normal,18.790496760259177
cc4540db-0be4-43d7-869d-0a10573e8902,PleaseF1xMe,499,4,2026-08-26T00:00:00+00:00,2026-09-02T00:00:00+00:00,1,21,11,0,1,ok,1.9090909090909092,outlier_positivo,99.35205183585313
b89b63c3-72b3-4f94-ad9f-8f1cede7e874,edgyS,500,4,2026-08-26T00:00:00+00:00,2026-09-02T00:00:00+00:00,26,451,343,0,26,ok,1.314868804664723,normal,73.2181425485961
e5e8e2a6-d716-4493-b949-e16965f41654,donk666,1,5,2026-09-02T00:00:00+00:00,2026-09-09T00:00:00+00:00,21,466,322,0,21,ok,1.4472049689440993,normal,89.93435448577681
33c4e3c7-5428-46f2-bc0f-3fbdce907873,abiraju,2,5,2026-09-02T00:00:00+00:00,2026-09-09T00:00:00+00:00,10,169,140,0,10,ok,1.207142857142857,normal,54.04814004376368
74df0e6b-5b41-42d7-93b4-05dc78b9a699,dem0nnnnnnnn,3,5,2026-09-02T00:00:00+00:00,2026-09-09T00:00:00+00:00,8,167,141,0,8,ok,1.1843971631205674,normal,49.23413566739606
5c96af4a-20e7-40dc-b91b-551803b6170a,1prince1,4,5,2026-09-02T00:00:00+00:00,2026-09-09T00:00:00+00:00,35,785,527,0,35,ok,1.4895635673624288,normal,91.90371991247265
e5b855bd-3dbc-4928-a216-241d615b431b,nipl,5,5,2026-09-02T00:00:00+00:00,2026-09-09T00:00:00+00:00,31,629,486,0,31,ok,1.294238683127572,normal,72.64770240700219
34f9fcd0-4f1f-4693-bd96-c2e29df992e5,bluewh1te,6,5,2026-09-02T00:00:00+00:00,2026-09-09T00:00:00+00:00,3,55,43,0,3,ok,1.2790697674418605,normal,68.9277899343545
64000660-f2d2-4c9b-8e29-6ad5ec2b49cf,CEMEN_BAKIN,7,5,2026-09-02T00:00:00+00:00,2026-09-09T00:00:00+00:00,13,270,215,0,13,ok,1.255813953488372,normal,63.45733041575492
463b9403-9b63-4408-a962-d9452385af4d,z1Nny,8,5,2026-09-02T00:00:00+00:00,2026-09-09T00:00:00+00:00,11,242,198,0,11,ok,1.2222222222222223,normal,56.89277899343544
be994de3-89c8-4d40-9286-c14035208743,-SYPH0,9,5,2026-09-02T00:00:00+00:00,2026-09-09T00:00:00+00:00,6,118,84,0,6,ok,1.4047619047619047,normal,86.43326039387308
2f5f6b1e-9705-45e8-9065-233680b8f4b8,synyx--,10,5,2026-09-02T00:00:00+00:00,2026-09-09T00:00:00+00:00,9,183,145,0,9,ok,1.2620689655172415,normal,65.20787746170679
ae86bf74-eeda-444f-8db4-a4703a74fc95,1769-,11,5,2026-09-02T00:00:00+00:00,2026-09-09T00:00:00+00:00,30,612,391,0,30,ok,1.565217391304348,normal,95.18599562363238
10b5e974-6308-46ba-8968-0d8b2f5e5c04,U10m3k,12,5,2026-09-02T00:00:00+00:00,2026-09-09T00:00:00+00:00,14,231,171,0,14,ok,1.3508771929824561,normal,79.43107221006565
7034bcab-8503-4615-b216-ba9f05c0ae13,adamb1,13,5,2026-09-02T00:00:00+00:00,2026-09-09T00:00:00+00:00,3,47,44,0,3,ok,1.0681818181818181,normal,19.037199124726477
ca1a7e52-32d3-4330-9c4d-c6d91c7e1eca,kumao,14,5,2026-09-02T00:00:00+00:00,2026-09-09T00:00:00+00:00,37,721,556,0,37,ok,1.2967625899280575,normal,72.86652078774617
ba9547a0-c1de-40d7-92be-17dc224c2aec,Ex1st---,15,5,2026-09-02T00:00:00+00:00,2026-09-09T00:00:00+00:00,18,328,288,0,18,ok,1.1388888888888888,normal,36.98030634573304
300012ab-d5be-4271-96be-e2ac66a8f4d4,tried,16,5,2026-09-02T00:00:00+00:00,2026-09-09T00:00:00+00:00,54,1135,882,0,54,ok,1.2868480725623583,normal,70.45951859956236
b0bf2cc2-198a-4a78-988d-2e7ff7ee6815,Magnojezzz,17,5,2026-09-02T00:00:00+00:00,2026-09-09T00:00:00+00:00,3,61,37,0,3,ok,1.6486486486486487,outlier_positivo,97.3741794310722
a1d1b853-0d85-437f-9e21-2e9dea4976f5,kRaSnaL,18,5,2026-09-02T00:00:00+00:00,2026-09-09T00:00:00+00:00,69,1236,1142,0,69,ok,1.0823117338003503,normal,22.538293216630198
2ee20933-e330-4879-8eed-0eda12f63b60,Ryujin,19,5,2026-09-02T00:00:00+00:00,2026-09-09T00:00:00+00:00,27,511,455,0,27,ok,1.123076923076923,normal,32.16630196936542
7cfd2312-1ff0-434c-a4b1-be10b033636f,xKacpersky,20,5,2026-09-02T00:00:00+00:00,2026-09-09T00:00:00+00:00,23,475,372,0,23,ok,1.2768817204301075,normal,68.49015317286651
dfe2650b-74ec-419f-8308-cbedfba7eae5,D9D9VOLODYA,21,5,2026-09-02T00:00:00+00:00,2026-09-09T00:00:00+00:00,30,561,460,0,30,ok,1.2195652173913043,normal,55.798687089715536
512e4ffc-1edf-4f6b-819c-8d15498267b1,tronic,22,5,2026-09-02T00:00:00+00:00,2026-09-09T00:00:00+00:00,29,635,420,0,29,ok,1.5119047619047619,normal,93.43544857768052
f0b0bbdb-af3d-4ad2-a509-9d75e472a558,sakha,23,5,2026-09-02T00:00:00+00:00,2026-09-09T00:00:00+00:00,34,638,480,0,34,ok,1.3291666666666666,normal,77.68052516411379
d3b48a63-5d9d-4db7-ab3f-1dc325b0fc34,mazay,24,5,2026-09-02T00:00:00+00:00,2026-09-09T00:00:00+00:00,10,186,124,0,10,ok,1.5,normal,92.5601750547046
2ce03e2d-72bd-45d8-872c-dfdefd172e72,nbl-,25,5,2026-09-02T00:00:00+00:00,2026-09-09T00:00:00+00:00,28,523,461,0,28,ok,1.1344902386117137,normal,35.22975929978118
14ade289-8e06-4e85-be76-7ffc51426cae,SquEzxc,26,5,2026-09-02T00:00:00+00:00,2026-09-09T00:00:00+00:00,18,324,245,0,18,ok,1.3224489795918368,normal,77.24288840262582
3b04032f-fa9d-4f8d-9cb5-a2481c51d4bd,Kopol9HEybuT,27,5,2026-09-02T00:00:00+00:00,2026-09-09T00:00:00+00:00,11,226,178,0,11,ok,1.2696629213483146,normal,66.3019693654267
ac784f9e-2975-4e9d-b3bc-f2b4a2e8c83b,trd73,28,5,2026-09-02T00:00:00+00:00,2026-09-09T00:00:00+00:00,7,105,104,0,7,ok,1.0096153846153846,normal,10.940919037199125
ac852ba6-6bcd-48f4-a216-1fbe64aeb6a5,mag1k3Y,29,5,2026-09-02T00:00:00+00:00,2026-09-09T00:00:00+00:00,27,578,387,0,27,ok,1.4935400516795865,normal,92.34135667396062
58dabfcf-c6d3-4a31-bb0e-9c95ff9c891b,whyhurt,30,5,2026-09-02T00:00:00+00:00,2026-09-09T00:00:00+00:00,45,910,651,0,45,ok,1.3978494623655915,normal,85.77680525164114
3f31fb51-5179-4d2a-871f-831c46d51e5b,rifler,31,5,2026-09-02T00:00:00+00:00,2026-09-09T00:00:00+00:00,30,502,446,0,30,ok,1.1255605381165918,normal,33.260393873085334
821d2f75-a314-48d7-8a90-5d2f152e761a,em0k1d,32,5,2026-09-02T00:00:00+00:00,2026-09-09T00:00:00+00:00,2,58,47,0,2,ok,1.2340425531914894,normal,59.73741794310722
8f151c97-d096-40f1-b3ae-3afaaca644bb,hARNgAdd--,33,5,2026-09-02T00:00:00+00:00,2026-09-09T00:00:00+00:00,30,599,437,0,30,ok,1.3707093821510297,normal,82.71334792122538
e942341f-24df-45d9-ac6d-9817cfa6ad0b,frontales,34,5,2026-09-02T00:00:00+00:00,2026-09-09T00:00:00+00:00,7,115,76,0,7,ok,1.513157894736842,normal,93.6542669584245
09013eac-138e-47ca-a38f-2ba9021c975f,flouzer,35,5,2026-09-02T00:00:00+00:00,2026-09-09T00:00:00+00:00,18,336,305,0,18,ok,1.1016393442622952,normal,26.914660831509845
f7320c44-0f99-4c4c-a56c-f83efb346eb8,fudzhy,36,5,2026-09-02T00:00:00+00:00,2026-09-09T00:00:00+00:00,25,471,385,0,25,ok,1.2233766233766235,normal,57.11159737417943
5f766d86-a43a-463c-8673-b4b3d8889631,tokyoshi,37,5,2026-09-02T00:00:00+00:00,2026-09-09T00:00:00+00:00,32,501,506,0,32,ok,0.9901185770750988,normal,9.846827133479213
89aee03d-1762-4b48-99b9-61ff5827dd3f,KAD1M,38,5,2026-09-02T00:00:00+00:00,2026-09-09T00:00:00+00:00,16,308,213,0,16,ok,1.4460093896713615,normal,89.71553610503283
16535c6a-fbce-4485-b5b8-fab4340b707e,b1st-,39,5,2026-09-02T00:00:00+00:00,2026-09-09T00:00:00+00:00,25,424,376,0,25,ok,1.127659574468085,normal,33.91684901531728
3ecdb88c-0a97-457f-a130-d0782176f94d,FenomeN--,40,5,2026-09-02T00:00:00+00:00,2026-09-09T00:00:00+00:00,2,31,27,0,2,ok,1.1481481481481481,normal,40.48140043763676
31cf2b21-6afc-4bac-a36f-40cebaa6f862,cartilag,41,5,2026-09-02T00:00:00+00:00,2026-09-09T00:00:00+00:00,6,114,63,0,6,ok,1.8095238095238095,outlier_positivo,98.6870897155361
7c15da7f-39d6-4f8d-b237-ddcc58d0751b,hey666,42,5,2026-09-02T00:00:00+00:00,2026-09-09T00:00:00+00:00,32,750,502,1,33,dados_incompletos,,dados_incompletos,
4b6a67fe-50fb-462d-9940-568d8ebd3f83,0SAMAS,43,5,2026-09-02T00:00:00+00:00,2026-09-09T00:00:00+00:00,22,420,323,0,22,ok,1.3003095975232197,normal,73.7417943107221
18842687-3e2e-45fc-a146-0cc8d4d398e9,ayuki222,44,5,2026-09-02T00:00:00+00:00,2026-09-09T00:00:00+00:00,3,61,31,0,3,ok,1.967741935483871,outlier_positivo,99.34354485776805
e1c59162-b1e7-48c6-9831-eff3170045af,Tri-Borgg1,45,5,2026-09-02T00:00:00+00:00,2026-09-09T00:00:00+00:00,29,533,432,0,29,ok,1.2337962962962963,normal,59.51859956236324
24f68939-d90a-4e47-8e43-7e5137c86f48,stressarN,46,5,2026-09-02T00:00:00+00:00,2026-09-09T00:00:00+00:00,7,127,90,0,7,ok,1.4111111111111112,normal,86.87089715536105
bf4c5d97-d8c0-4d0f-bdf3-26066898a7b9,777thienlao,47,5,2026-09-02T00:00:00+00:00,2026-09-09T00:00:00+00:00,34,678,533,0,34,ok,1.272045028142589,normal,67.17724288840262
4df4d439-0a99-470c-9c36-83b9405a2640,Pump-,48,5,2026-09-02T00:00:00+00:00,2026-09-09T00:00:00+00:00,9,167,123,0,9,ok,1.3577235772357723,normal,80.52516411378556
2d2af39e-de80-4670-91da-3a5f7c4a6d32,alkarenn56,49,5,2026-09-02T00:00:00+00:00,2026-09-09T00:00:00+00:00,5,83,73,0,5,ok,1.1369863013698631,normal,36.32385120350109
898780b2-bf70-4c28-8e0d-b9600be8397e,zweih1221,50,5,2026-09-02T00:00:00+00:00,2026-09-09T00:00:00+00:00,6,105,92,0,6,ok,1.141304347826087,normal,38.29321663019694
009623b1-dd6e-4551-959e-990a21657f93,Mzinho,51,5,2026-09-02T00:00:00+00:00,2026-09-09T00:00:00+00:00,8,150,135,0,8,ok,1.1111111111111112,normal,29.321663019693656
ee98a960-c028-4fc6-a62f-af6244e6226e,SiKO-_,52,5,2026-09-02T00:00:00+00:00,2026-09-09T00:00:00+00:00,53,944,820,0,53,ok,1.1512195121951219,normal,41.13785557986871
a280ed8a-3e2b-4305-8e71-fb4c9cc7fa98,kl1m--,53,5,2026-09-02T00:00:00+00:00,2026-09-09T00:00:00+00:00,22,469,301,0,22,ok,1.558139534883721,normal,94.52954048140045
d9e2a538-9722-4d1c-9925-958f849de1ea,NertZ,54,5,2026-09-02T00:00:00+00:00,2026-09-09T00:00:00+00:00,4,95,87,0,4,ok,1.0919540229885059,normal,24.72647702407002
553eaffc-58b4-4534-8310-cc19b37f72de,lattykk,55,5,2026-09-02T00:00:00+00:00,2026-09-09T00:00:00+00:00,2,44,22,0,2,ok,2.0,outlier_positivo,99.56236323851203
c5c1fd40-16a4-4a4f-81ff-b21839a9353b,-FpSSSSSSSSS,56,5,2026-09-02T00:00:00+00:00,2026-09-09T00:00:00+00:00,37,735,617,0,37,ok,1.1912479740680713,normal,50.984682713347915
840ac5b1-cf1e-4e54-aa54-fbb11bffd146,Kingway0,57,5,2026-09-02T00:00:00+00:00,2026-09-09T00:00:00+00:00,18,317,309,0,18,ok,1.0258899676375404,normal,12.910284463894966
dbba8660-90d5-432e-8eda-5e766ae13d23,top1sacer,58,5,2026-09-02T00:00:00+00:00,2026-09-09T00:00:00+00:00,46,761,749,0,46,ok,1.0160213618157543,normal,11.159737417943107
2864bdaf-21ab-4757-bab6-3262bec18ec5,ooh,59,5,2026-09-02T00:00:00+00:00,2026-09-09T00:00:00+00:00,17,393,242,0,17,ok,1.6239669421487604,normal,96.71772428884027
b9124784-0b46-4279-b95a-9e6c0a3701c6,rokilan,60,5,2026-09-02T00:00:00+00:00,2026-09-09T00:00:00+00:00,11,168,172,0,11,ok,0.9767441860465116,normal,7.658643326039387
d5f8380b-673c-4d53-8bbb-d537131ae2cf,Keksimage,61,5,2026-09-02T00:00:00+00:00,2026-09-09T00:00:00+00:00,13,211,194,0,13,ok,1.0876288659793814,normal,24.070021881838073
7657e31e-7356-4b24-9930-140c13afda49,Donii,62,5,2026-09-02T00:00:00+00:00,2026-09-09T00:00:00+00:00,26,511,388,0,26,ok,1.3170103092783505,normal,76.14879649890591
86ff5145-8f7f-49f2-b971-c9945f696e71,rendysky,63,5,2026-09-02T00:00:00+00:00,2026-09-09T00:00:00+00:00,1,9,14,0,1,ok,0.6428571428571429,outlier_negativo,0.437636761487965
39bcd70b-01c9-439a-b1ef-029c92ec42ce,M1key-,64,5,2026-09-02T00:00:00+00:00,2026-09-09T00:00:00+00:00,14,293,217,0,14,ok,1.3502304147465438,normal,79.21225382932167
b3df676a-ce32-4229-8144-9329bb7a247b,dement3r-,65,5,2026-09-02T00:00:00+00:00,2026-09-09T00:00:00+00:00,14,270,188,0,14,ok,1.4361702127659575,normal,88.8402625820569
0372e659-5677-4481-aff7-496d2596e5cf,m3wsu,66,5,2026-09-02T00:00:00+00:00,2026-09-09T00:00:00+00:00,35,678,500,0,35,ok,1.356,normal,80.0875273522976
e767b78c-8a2d-4bee-b65c-766dd8bab560,gooddeph-7-,67,5,2026-09-02T00:00:00+00:00,2026-09-09T00:00:00+00:00,8,143,146,0,8,ok,0.9794520547945206,normal,8.533916849015318
c93012d6-5e6e-4b84-b39f-b7d4cadfa75c,OGbrigada77,68,5,2026-09-02T00:00:00+00:00,2026-09-09T00:00:00+00:00,33,576,483,0,33,ok,1.1925465838509317,normal,51.203501094091905
b5ecf6b6-0ad9-4976-9f6a-92470ea1c92d,FAZERY,69,5,2026-09-02T00:00:00+00:00,2026-09-09T00:00:00+00:00,3,56,50,0,3,ok,1.12,normal,31.072210065645518
4513b098-01b1-4bb5-aa89-8bfaa5ad92d1,k0gaSs,70,5,2026-09-02T00:00:00+00:00,2026-09-09T00:00:00+00:00,20,400,292,0,20,ok,1.36986301369863,normal,82.4945295404814
75d9c4f8-7cef-4f19-9dd5-500ef0a5b9f0,thecursed-,71,5,2026-09-02T00:00:00+00:00,2026-09-09T00:00:00+00:00,33,618,536,0,33,ok,1.1529850746268657,normal,42.4507658643326
e64f169f-cf2f-47f1-aa84-0b04a9566c53,sqw--,72,5,2026-09-02T00:00:00+00:00,2026-09-09T00:00:00+00:00,12,190,182,0,12,ok,1.043956043956044,normal,15.098468271334792
c11367d0-bbdd-4398-9a32-858ac23bf950,Maarkoos,73,5,2026-09-02T00:00:00+00:00,2026-09-09T00:00:00+00:00,41,757,657,0,41,ok,1.15220700152207,normal,41.79431072210066
f2dea182-d1b6-42eb-a95c-909604817c12,idifuxa,74,5,2026-09-02T00:00:00+00:00,2026-09-09T00:00:00+00:00,4,69,55,0,4,ok,1.2545454545454546,normal,63.23851203501094
10735fa0-ab32-4b53-9725-f2f6ce9090de,youka,75,5,2026-09-02T00:00:00+00:00,2026-09-09T00:00:00+00:00,7,124,101,0,7,ok,1.2277227722772277,normal,58.20568927789934
b3eca94a-e203-49b3-beeb-d994f6a4df63,--Mokuj1n,76,5,2026-09-02T00:00:00+00:00,2026-09-09T00:00:00+00:00,20,366,306,0,20,ok,1.196078431372549,normal,52.078774617067836
3ae0a945-fef4-4738-b6b9-7b3b5db7f249,PR--,77,5,2026-09-02T00:00:00+00:00,2026-09-09T00:00:00+00:00,4,76,51,0,4,ok,1.4901960784313726,normal,92.12253829321662
e8d95f8f-ecb3-4bd2-9dd0-28da03c253f0,brutmonster,78,5,2026-09-02T00:00:00+00:00,2026-09-09T00:00:00+00:00,0,0,0,0,0,sem_partidas,,sem_partidas,
560a0af8-5fcd-46fb-ace8-7a89ce987b27,dezl3bio,79,5,2026-09-02T00:00:00+00:00,2026-09-09T00:00:00+00:00,30,619,475,0,30,ok,1.303157894736842,normal,74.39824945295405
93306681-bce6-4369-8c41-e0bdba2597ed,m0NESY,80,5,2026-09-02T00:00:00+00:00,2026-09-09T00:00:00+00:00,9,212,143,0,9,ok,1.4825174825174825,normal,91.2472647702407
cb38b461-9ead-4683-9406-237263c331db,slaxejezzz,81,5,2026-09-02T00:00:00+00:00,2026-09-09T00:00:00+00:00,14,238,200,0,14,ok,1.19,normal,50.76586433260394
f45986f7-7618-485e-a9ff-ee3e629589cc,MaSvAl,82,5,2026-09-02T00:00:00+00:00,2026-09-09T00:00:00+00:00,1,21,19,0,1,ok,1.105263157894737,normal,28.00875273522976
860eb93d-a963-418c-9e2c-69d39f270eb3,Krabeni,83,5,2026-09-02T00:00:00+00:00,2026-09-09T00:00:00+00:00,25,514,428,0,25,ok,1.2009345794392523,normal,52.735229759299784
657680fd-36af-4fa3-a506-8e1f6e64a1ff,kensizor,84,5,2026-09-02T00:00:00+00:00,2026-09-09T00:00:00+00:00,12,274,212,0,12,ok,1.2924528301886793,normal,71.99124726477024
00beb86f-d29e-4f4f-ad7c-580d9b1434b4,es0r7,85,5,2026-09-02T00:00:00+00:00,2026-09-09T00:00:00+00:00,0,0,0,0,0,sem_partidas,,sem_partidas,
70afdb5a-9362-4aa9-bfcd-2e10e6447293,heavensent,86,5,2026-09-02T00:00:00+00:00,2026-09-09T00:00:00+00:00,8,147,123,1,9,dados_incompletos,,dados_incompletos,
1a4ed498-cee4-44e7-8fee-ce1ecba7647c,executor,87,5,2026-09-02T00:00:00+00:00,2026-09-09T00:00:00+00:00,12,245,149,0,12,ok,1.6442953020134228,outlier_positivo,97.15536105032822
ff5a0714-0b89-4646-a6b3-34fc571913ff,Dyshbert,88,5,2026-09-02T00:00:00+00:00,2026-09-09T00:00:00+00:00,20,374,328,0,20,ok,1.1402439024390243,normal,37.63676148796499
f2ed130e-93c9-46c9-8f93-377b18a43007,m4tthiXD,89,5,2026-09-02T00:00:00+00:00,2026-09-09T00:00:00+00:00,10,176,160,0,10,ok,1.1,normal,26.695842450765866
f2fe1b0a-5106-4943-a66e-61e9dad480e4,shen,90,5,2026-09-02T00:00:00+00:00,2026-09-09T00:00:00+00:00,22,371,315,0,22,ok,1.1777777777777778,normal,47.70240700218819
2d746c13-16de-48bf-a8a2-b7a0341aa66d,day0sTV,91,5,2026-09-02T00:00:00+00:00,2026-09-09T00:00:00+00:00,67,1270,1037,0,67,ok,1.2246865959498554,normal,57.330415754923415
9ba15dee-7a51-4524-a502-5161dbf1a604,Kiryasoo,92,5,2026-09-02T00:00:00+00:00,2026-09-09T00:00:00+00:00,20,446,312,0,20,ok,1.4294871794871795,normal,87.96498905908096
981a95bd-ff59-4ead-80ca-55cd3a3034ba,bl1x1,93,5,2026-09-02T00:00:00+00:00,2026-09-09T00:00:00+00:00,2,30,21,0,2,ok,1.4285714285714286,normal,87.74617067833698
07a67e4b-d42c-4352-802c-56f3d8a0c357,skept1K,94,5,2026-09-02T00:00:00+00:00,2026-09-09T00:00:00+00:00,12,185,161,0,12,ok,1.1490683229813665,normal,40.91903719912472
fb1af1d5-eee3-46e3-9939-01df9420b9d6,xelex,95,5,2026-09-02T00:00:00+00:00,2026-09-09T00:00:00+00:00,8,169,115,0,8,ok,1.4695652173913043,normal,90.59080962800876
f021a295-77ea-4eb4-a86d-f5de0fbae819,-k9ppy,96,5,2026-09-02T00:00:00+00:00,2026-09-09T00:00:00+00:00,35,726,590,0,35,ok,1.230508474576271,normal,59.08096280087527
3debc071-8e59-4823-86ab-ed3996ecc200,aMPYLS0N,97,5,2026-09-02T00:00:00+00:00,2026-09-09T00:00:00+00:00,61,966,976,0,61,ok,0.9897540983606558,normal,9.62800875273523
7dbf107a-1199-4932-823e-e38ccc46288e,MaiL09,98,5,2026-09-02T00:00:00+00:00,2026-09-09T00:00:00+00:00,30,549,410,0,30,ok,1.3390243902439025,normal,78.33698030634574
bd0c2058-84d7-42a7-9e52-d42caa1bcc47,Djon8,99,5,2026-09-02T00:00:00+00:00,2026-09-09T00:00:00+00:00,13,261,198,0,13,ok,1.3181818181818181,normal,76.80525164113786
72e06938-b0cd-43d3-90d7-7db513dcfa0f,la3euka,100,5,2026-09-02T00:00:00+00:00,2026-09-09T00:00:00+00:00,48,908,712,0,48,ok,1.2752808988764044,normal,67.83369803063457
9fd59dc3-fcff-4a13-a40b-52fe7391020b,headmashin1e,101,5,2026-09-02T00:00:00+00:00,2026-09-09T00:00:00+00:00,13,189,179,0,13,ok,1.0558659217877095,normal,17.067833698030636
df7166cf-725c-4438-94a8-069e6df31a56,adex_-,102,5,2026-09-02T00:00:00+00:00,2026-09-09T00:00:00+00:00,26,498,384,0,26,ok,1.296875,normal,73.08533916849015
ad239f19-d904-4771-8e6b-5a6c071bb94c,tO0RO,103,5,2026-09-02T00:00:00+00:00,2026-09-09T00:00:00+00:00,23,451,320,0,23,ok,1.409375,normal,86.65207877461707
b16878a2-01c6-4d99-8a2e-7a9bc32a83a5,t3ns1on,104,5,2026-09-02T00:00:00+00:00,2026-09-09T00:00:00+00:00,5,88,69,0,5,ok,1.2753623188405796,normal,68.05251641137856
d649f36b-8ea1-4f0b-b326-a631f8508938,-Kunai,105,5,2026-09-02T00:00:00+00:00,2026-09-09T00:00:00+00:00,23,443,363,0,23,ok,1.2203856749311295,normal,56.01750547045952
dca638b9-fd2d-40eb-b7c6-c853242618d0,iRV1NG,106,5,2026-09-02T00:00:00+00:00,2026-09-09T00:00:00+00:00,15,252,201,0,15,ok,1.2537313432835822,normal,63.01969365426696
d413e287-2af5-49cc-a95c-8825702fa233,seximanjak,107,5,2026-09-02T00:00:00+00:00,2026-09-09T00:00:00+00:00,52,901,800,0,52,ok,1.12625,normal,33.479212253829324
1e01229f-b0d8-4cb1-82f0-6fd7dc362990,Qlocuu,108,5,2026-09-02T00:00:00+00:00,2026-09-09T00:00:00+00:00,20,365,315,0,20,ok,1.1587301587301588,normal,43.98249452954048
e8efe2d2-a8a7-428f-87b3-d2b3c29e0e5f,Anlelele,109,5,2026-09-02T00:00:00+00:00,2026-09-09T00:00:00+00:00,11,184,149,0,11,ok,1.2348993288590604,normal,59.95623632385121
5ef454c3-1ff3-4a9d-a2df-097cbcb911a3,ayanokojii,110,5,2026-09-02T00:00:00+00:00,2026-09-09T00:00:00+00:00,40,756,658,0,40,ok,1.148936170212766,normal,40.70021881838075
329c6a46-4acf-404a-8a29-fd391e6a88de,-kRyTouS,111,5,2026-09-02T00:00:00+00:00,2026-09-09T00:00:00+00:00,9,147,114,0,9,ok,1.2894736842105263,normal,71.33479212253829
2f96ef6e-c6f9-4c55-bee9-c49798801fd4,puuha,112,5,2026-09-02T00:00:00+00:00,2026-09-09T00:00:00+00:00,11,215,156,0,11,ok,1.3782051282051282,normal,84.24507658643327
085e0f56-1417-48df-b9f8-2279c8756854,musordrop853,113,5,2026-09-02T00:00:00+00:00,2026-09-09T00:00:00+00:00,28,475,426,0,28,ok,1.1150234741784038,normal,29.75929978118162
dcc5bb48-c74c-413e-9773-20d3294dcbb0,MoDo,114,5,2026-09-02T00:00:00+00:00,2026-09-09T00:00:00+00:00,20,379,227,0,20,ok,1.669603524229075,outlier_positivo,97.81181619256017
c84f9dbb-69e3-4d31-a283-21516bfe9a3d,Cliqq,115,5,2026-09-02T00:00:00+00:00,2026-09-09T00:00:00+00:00,25,451,352,0,25,ok,1.28125,normal,69.80306345733041
559a164d-93d6-4197-a902-f9cd92ee65ff,ketsuo,116,5,2026-09-02T00:00:00+00:00,2026-09-09T00:00:00+00:00,22,319,313,0,22,ok,1.0191693290734825,normal,11.816192560175056
7ea66ae5-c99f-4846-8fc2-cd6e03a5559f,kurosa,117,5,2026-09-02T00:00:00+00:00,2026-09-09T00:00:00+00:00,27,550,406,0,27,ok,1.354679802955665,normal,79.86870897155362
b6daa950-11e5-4f51-b58e-b4e01e112500,sirah,118,5,2026-09-02T00:00:00+00:00,2026-09-09T00:00:00+00:00,3,50,51,0,3,ok,0.9803921568627451,normal,8.752735229759299
64696280-3883-4ef0-ad27-4b5748dd0985,ICY--,119,5,2026-09-02T00:00:00+00:00,2026-09-09T00:00:00+00:00,20,454,334,0,20,ok,1.3592814371257484,normal,80.96280087527352
55c8eb63-6051-4e71-a95a-711a47b5cef0,Beccie,120,5,2026-09-02T00:00:00+00:00,2026-09-09T00:00:00+00:00,12,224,175,0,12,ok,1.28,normal,69.36542669584244
60aa5adc-ce7d-488c-a52b-20d69663177f,bleedmagneto,121,5,2026-09-02T00:00:00+00:00,2026-09-09T00:00:00+00:00,18,393,306,0,18,ok,1.2843137254901962,normal,70.02188183807439
74f9240e-fe24-4aac-aa37-53b2b5e804d8,-Staehr-,122,5,2026-09-02T00:00:00+00:00,2026-09-09T00:00:00+00:00,8,153,96,1,9,dados_incompletos,,dados_incompletos,
21046047-4026-4689-8f01-dc5d6588f120,halfjix,123,5,2026-09-02T00:00:00+00:00,2026-09-09T00:00:00+00:00,11,278,185,0,11,ok,1.5027027027027027,normal,92.77899343544857
39056d07-cdc5-4613-906d-e900a1f781a2,-xTRAVIS,124,5,2026-09-02T00:00:00+00:00,2026-09-09T00:00:00+00:00,20,318,288,0,20,ok,1.1041666666666667,normal,27.571115973741794
790ce1ad-38e3-4a45-b44a-5d33658102e6,qw1nk1,125,5,2026-09-02T00:00:00+00:00,2026-09-09T00:00:00+00:00,10,199,130,0,10,ok,1.5307692307692307,normal,94.31072210065645
cd6867e2-cc11-4456-a649-ca87609f56eb,bodygu4rdd,126,5,2026-09-02T00:00:00+00:00,2026-09-09T00:00:00+00:00,14,247,231,0,14,ok,1.0692640692640694,normal,19.693654266958426
4d6756dc-387a-499c-89ad-d7bc558c4c95,bobeksde,127,5,2026-09-02T00:00:00+00:00,2026-09-09T00:00:00+00:00,10,193,170,0,10,ok,1.1352941176470588,normal,35.886214442013134
414273a0-38f0-4680-9f85-204aa8649c3a,premtroll,128,5,2026-09-02T00:00:00+00:00,2026-09-09T00:00:00+00:00,5,84,65,0,5,ok,1.2923076923076924,normal,71.77242888402627
3f6dc8a5-1881-4955-b78c-573f57f3646f,h21f,129,5,2026-09-02T00:00:00+00:00,2026-09-09T00:00:00+00:00,11,245,161,0,11,ok,1.5217391304347827,normal,94.09190371991247
3af5d1af-75db-4cc2-aa8b-76b1f1b76af8,xEternaLxx,130,5,2026-09-02T00:00:00+00:00,2026-09-09T00:00:00+00:00,7,168,126,0,7,ok,1.3333333333333333,normal,78.11816192560175
c71b99ef-1147-4529-b0df-ebe1d743c04b,amaterasu27,131,5,2026-09-02T00:00:00+00:00,2026-09-09T00:00:00+00:00,11,224,187,0,11,ok,1.1978609625668448,normal,52.29759299781181
4af7ce32-5534-4bca-9a8e-1d3b3ecb9585,Netrix,132,5,2026-09-02T00:00:00+00:00,2026-09-09T00:00:00+00:00,26,517,427,0,26,ok,1.2107728337236534,normal,54.70459518599562
74331d2e-c318-43aa-9b4d-106b209412ac,91914,133,5,2026-09-02T00:00:00+00:00,2026-09-09T00:00:00+00:00,16,253,231,0,16,ok,1.0952380952380953,normal,26.039387308533918
f67e6116-a332-4414-be60-fb4cc06da41c,11chigiri,134,5,2026-09-02T00:00:00+00:00,2026-09-09T00:00:00+00:00,40,786,678,0,40,ok,1.1592920353982301,normal,44.201312910284464
ab74ab79-36ce-4c44-a09d-453006dcf9e1,awks,135,5,2026-09-02T00:00:00+00:00,2026-09-09T00:00:00+00:00,66,1202,1018,0,66,ok,1.180746561886051,normal,48.57768052516411
0c938952-475b-4689-ad04-60100e76ef81,r1pa4-,136,5,2026-09-02T00:00:00+00:00,2026-09-09T00:00:00+00:00,6,108,110,0,6,ok,0.9818181818181818,normal,9.190371991247265
be2af9a3-ef6d-428c-b8f4-6921d6275638,wetfy,137,5,2026-09-02T00:00:00+00:00,2026-09-09T00:00:00+00:00,4,77,41,0,4,ok,1.8780487804878048,outlier_positivo,98.90590809628009
826a8c4b-9b0f-403e-8bc8-11295ff894ff,28ddeiv,138,5,2026-09-02T00:00:00+00:00,2026-09-09T00:00:00+00:00,16,365,225,0,16,ok,1.6222222222222222,normal,96.49890590809628
33268a14-c768-41f4-819e-cec913a99b82,seberya,139,5,2026-09-02T00:00:00+00:00,2026-09-09T00:00:00+00:00,15,339,246,0,15,ok,1.3780487804878048,normal,84.02625820568927
36f96e7b-6bf3-48b1-8f1a-cd35aee83702,sSen,140,5,2026-09-02T00:00:00+00:00,2026-09-09T00:00:00+00:00,9,203,125,0,9,ok,1.624,normal,96.93654266958424
d9168434-7466-43ed-9a8c-f883d953d77d,SnexLy,141,5,2026-09-02T00:00:00+00:00,2026-09-09T00:00:00+00:00,25,487,350,0,25,ok,1.3914285714285715,normal,85.12035010940919
ee99d9a7-d14b-4642-9731-0890b63be81e,1suzu,142,5,2026-09-02T00:00:00+00:00,2026-09-09T00:00:00+00:00,29,497,448,0,29,ok,1.109375,normal,28.44638949671772
bae31a43-7767-4d7a-be80-429992f78ec0,cronuss,143,5,2026-09-02T00:00:00+00:00,2026-09-09T00:00:00+00:00,20,334,286,0,20,ok,1.167832167832168,normal,46.17067833698031
e326eb2d-4e3e-4ebe-a34d-4a07def33893,adamS,144,5,2026-09-02T00:00:00+00:00,2026-09-09T00:00:00+00:00,19,371,313,0,19,ok,1.1853035143769968,normal,49.45295404814004
f858b6d9-5717-4335-8d4d-166a9fc305bc,Mride,145,5,2026-09-02T00:00:00+00:00,2026-09-09T00:00:00+00:00,29,506,488,0,29,ok,1.0368852459016393,normal,14.00437636761488
591e26a3-eb86-4d4c-afa8-b5754455dc03,w0nderful,146,5,2026-09-02T00:00:00+00:00,2026-09-09T00:00:00+00:00,3,44,46,0,3,ok,0.9565217391304348,normal,5.908096280087528
b0f7ff0c-5051-4826-9dd4-b7e0219de821,fakerealityy,147,5,2026-09-02T00:00:00+00:00,2026-09-09T00:00:00+00:00,51,874,773,0,51,ok,1.130659767141009,normal,34.35448577680525
7a51f50f-6fdd-4fe8-9c30-455cd3b8d694,yasxozhysyma,148,5,2026-09-02T00:00:00+00:00,2026-09-09T00:00:00+00:00,0,0,0,0,0,sem_partidas,,sem_partidas,
5ffc6439-29f3-47a6-aebb-f73ef591827c,soerrr,149,5,2026-09-02T00:00:00+00:00,2026-09-09T00:00:00+00:00,9,150,143,0,9,ok,1.048951048951049,normal,15.536105032822759
4c3a4a59-0cdb-4477-b90b-1109a1d0cf13,BOROS,150,5,2026-09-02T00:00:00+00:00,2026-09-09T00:00:00+00:00,58,1196,993,0,58,ok,1.204431017119839,normal,53.39168490153173
df5ba290-c6a6-4481-8e9e-d16ceb4dbc6b,KaiR0N-993,151,5,2026-09-02T00:00:00+00:00,2026-09-09T00:00:00+00:00,0,0,0,0,0,sem_partidas,,sem_partidas,
793ea9e5-fef6-4571-9b30-7c5d9f323215,darui,152,5,2026-09-02T00:00:00+00:00,2026-09-09T00:00:00+00:00,3,74,53,0,3,ok,1.3962264150943395,normal,85.55798687089715
a99dd5a7-45a6-4019-8bc6-0f30fd554ef5,aidKiT,153,5,2026-09-02T00:00:00+00:00,2026-09-09T00:00:00+00:00,10,149,122,0,10,ok,1.221311475409836,normal,56.455142231947484
0965c421-4957-4e48-86e2-2c3966abae3f,cairne-,154,5,2026-09-02T00:00:00+00:00,2026-09-09T00:00:00+00:00,6,120,85,0,6,ok,1.411764705882353,normal,87.08971553610503
4cabcf3b-8baa-4c71-a1d3-cf98d581e971,Toshiikk,155,5,2026-09-02T00:00:00+00:00,2026-09-09T00:00:00+00:00,28,488,385,0,28,ok,1.2675324675324675,normal,66.08315098468272
cb0cc456-8ae0-438f-bf8b-4e000e4e0476,s4rsen-,156,5,2026-09-02T00:00:00+00:00,2026-09-09T00:00:00+00:00,35,732,588,0,35,ok,1.2448979591836735,normal,62.36323851203501
24636d00-25cc-4ab7-9cbd-67c633c08d0c,topo-,157,5,2026-09-02T00:00:00+00:00,2026-09-09T00:00:00+00:00,0,0,0,0,0,sem_partidas,,sem_partidas,
d15e9f85-12c3-4ad9-a174-6d0248d6393d,Nosik,158,5,2026-09-02T00:00:00+00:00,2026-09-09T00:00:00+00:00,11,193,177,0,11,ok,1.0903954802259888,normal,24.50765864332604
c41561a6-a5f4-459c-8a5c-bde5f8eac911,Muk0s,159,5,2026-09-02T00:00:00+00:00,2026-09-09T00:00:00+00:00,19,266,320,0,19,ok,0.83125,normal,1.75054704595186
8b3dcf0e-1a09-409e-b4a9-51002dc2079f,WaSdyy,160,5,2026-09-02T00:00:00+00:00,2026-09-09T00:00:00+00:00,46,735,698,0,46,ok,1.0530085959885387,normal,16.411378555798688
d700efb0-363a-468d-88cd-f22c3567bcd6,rose88,161,5,2026-09-02T00:00:00+00:00,2026-09-09T00:00:00+00:00,31,540,436,0,31,ok,1.238532110091743,normal,60.61269146608315
67345c91-57b6-42dc-b49c-330b091da3a6,chronic111,162,5,2026-09-02T00:00:00+00:00,2026-09-09T00:00:00+00:00,37,687,576,0,37,ok,1.1927083333333333,normal,51.42231947483589
08eb0b0f-b360-4b61-94ad-c949afd665ea,Krimbo,163,5,2026-09-02T00:00:00+00:00,2026-09-09T00:00:00+00:00,9,155,119,0,9,ok,1.3025210084033614,normal,74.17943107221006
ae6f1503-1de9-4b9b-9a29-f1b9de916870,jabbi,164,5,2026-09-02T00:00:00+00:00,2026-09-09T00:00:00+00:00,6,117,76,1,7,dados_incompletos,,dados_incompletos,
43857419-1f5a-4b9d-aba7-011092133de3,KENNY-_,165,5,2026-09-02T00:00:00+00:00,2026-09-09T00:00:00+00:00,24,408,329,0,24,ok,1.2401215805471124,normal,61.2691466083151
5e18dd12-2e40-48c4-a66f-886108f095ed,HeavyGod,166,5,2026-09-02T00:00:00+00:00,2026-09-09T00:00:00+00:00,4,78,56,0,4,ok,1.3928571428571428,normal,85.33916849015317
4c27b599-0a56-4f3e-80cb-6ef83b6df2cf,Slaxx-,167,5,2026-09-02T00:00:00+00:00,2026-09-09T00:00:00+00:00,0,0,0,0,0,sem_partidas,,sem_partidas,
f3fef601-52ca-4bd2-8ec6-9e9f532a6c6b,nikusharain,168,5,2026-09-02T00:00:00+00:00,2026-09-09T00:00:00+00:00,46,790,615,0,46,ok,1.2845528455284554,normal,70.24070021881839
c519d8f3-0c93-4476-af3e-38395ee7c297,teses,169,5,2026-09-02T00:00:00+00:00,2026-09-09T00:00:00+00:00,8,163,120,0,8,ok,1.3583333333333334,normal,80.74398249452955
a699663a-e65d-4c93-9a92-fd5a91955cc4,cadnyx,170,5,2026-09-02T00:00:00+00:00,2026-09-09T00:00:00+00:00,19,370,333,0,19,ok,1.1111111111111112,normal,29.321663019693656
078ff0df-ebb9-4352-b7ee-dc2044dd676f,-finW,171,5,2026-09-02T00:00:00+00:00,2026-09-09T00:00:00+00:00,3,62,39,0,3,ok,1.5897435897435896,normal,96.06126914660832
84f4489d-e23e-4a8a-b3c5-dccf57610195,-rim3,172,5,2026-09-02T00:00:00+00:00,2026-09-09T00:00:00+00:00,10,217,139,0,10,ok,1.5611510791366907,normal,94.74835886214443
6dc1d190-e2e0-4762-9fbe-5f3d40ea1522,Br4tkO,173,5,2026-09-02T00:00:00+00:00,2026-09-09T00:00:00+00:00,18,330,285,0,18,ok,1.1578947368421053,normal,43.544857768052516
b030ed65-9170-4668-9bfa-ac6c2e53954c,St0m4k,174,5,2026-09-02T00:00:00+00:00,2026-09-09T00:00:00+00:00,4,71,66,0,4,ok,1.0757575757575757,normal,21.00656455142232
36577e6e-2c58-4812-bc6a-6b110ce00e56,nesh66,175,5,2026-09-02T00:00:00+00:00,2026-09-09T00:00:00+00:00,72,1415,1174,0,72,ok,1.2052810902896083,normal,53.82932166301969
bc74e768-9ee4-4472-bb10-6280b47fb94b,mak1se,176,5,2026-09-02T00:00:00+00:00,2026-09-09T00:00:00+00:00,7,123,99,0,7,ok,1.2424242424242424,normal,61.70678336980306
d5fa1a5b-9fde-4996-bd1e-bab0aa9bb0d2,ryu777,177,5,2026-09-02T00:00:00+00:00,2026-09-09T00:00:00+00:00,16,305,213,0,16,ok,1.431924882629108,normal,88.62144420131291
8d345deb-661c-4286-b663-96679d9bcda7,DEBABA,178,5,2026-09-02T00:00:00+00:00,2026-09-09T00:00:00+00:00,5,86,72,0,5,ok,1.1944444444444444,normal,51.85995623632385
41867c48-0982-4608-af44-d9749c2b5b6a,MoNaTy,179,5,2026-09-02T00:00:00+00:00,2026-09-09T00:00:00+00:00,6,103,92,0,6,ok,1.1195652173913044,normal,30.85339168490153
1e1d8f20-c572-4e53-bf37-4590a5512687,--DeDe,180,5,2026-09-02T00:00:00+00:00,2026-09-09T00:00:00+00:00,42,819,664,0,42,ok,1.233433734939759,normal,59.29978118161926
2e65b3ea-fdb0-466c-9aca-89e170c67b61,depact,181,5,2026-09-02T00:00:00+00:00,2026-09-09T00:00:00+00:00,41,668,686,1,42,dados_incompletos,,dados_incompletos,
ab2bf7fd-7997-4a7a-9c94-6b7d52ffd200,yxngstxr,182,5,2026-09-02T00:00:00+00:00,2026-09-09T00:00:00+00:00,52,1023,833,0,52,ok,1.228091236494598,normal,58.42450765864332
5be133c1-38b6-4dde-9107-b64c7458452e,notineki,183,5,2026-09-02T00:00:00+00:00,2026-09-09T00:00:00+00:00,28,475,403,0,28,ok,1.1786600496277915,normal,48.14004376367615
a258abc5-326b-4824-a9ad-b3fa2855b712,kalymbs1,184,5,2026-09-02T00:00:00+00:00,2026-09-09T00:00:00+00:00,10,190,144,0,10,ok,1.3194444444444444,normal,77.02407002188184
02b26fe9-49d1-47e7-afa0-1b5c562ca4e2,KatzRead,185,5,2026-09-02T00:00:00+00:00,2026-09-09T00:00:00+00:00,16,296,233,0,16,ok,1.2703862660944205,normal,66.52078774617067
194afbb1-cb96-4fc8-8bd6-5f932b3fcfa3,susp,186,5,2026-09-02T00:00:00+00:00,2026-09-09T00:00:00+00:00,8,181,122,0,8,ok,1.4836065573770492,normal,91.46608315098467
95adb33f-5e6f-4c6d-be25-f2e8b1d9c628,Amarogo,187,5,2026-09-02T00:00:00+00:00,2026-09-09T00:00:00+00:00,8,170,128,0,8,ok,1.328125,normal,77.4617067833698
32c49d7e-20fc-4fb5-a54a-c99f90262311,emiIio-,188,5,2026-09-02T00:00:00+00:00,2026-09-09T00:00:00+00:00,37,624,589,0,37,ok,1.0594227504244482,normal,17.505470459518598
2060bf4b-cf44-41ad-92ca-2492bc95f88d,2016wasfun,189,5,2026-09-02T00:00:00+00:00,2026-09-09T00:00:00+00:00,63,1144,900,0,63,ok,1.271111111111111,normal,66.73960612691467
504ca567-8911-45dd-a680-a617dff2c00c,swetsi_1win,190,5,2026-09-02T00:00:00+00:00,2026-09-09T00:00:00+00:00,5,89,96,0,5,ok,0.9270833333333334,normal,3.50109409190372
b27101a3-c6e1-44c8-b83d-19dab54cb7ac,sl3nd-,191,5,2026-09-02T00:00:00+00:00,2026-09-09T00:00:00+00:00,5,95,66,0,5,ok,1.4393939393939394,normal,89.27789934354486
472386e2-8e2b-43ab-bd00-5ea49d71d33b,7MusorDrop67,192,5,2026-09-02T00:00:00+00:00,2026-09-09T00:00:00+00:00,4,50,64,0,4,ok,0.78125,normal,1.0940919037199124
931f1364-a519-43c6-ab02-a73e8416481a,Saax_,193,5,2026-09-02T00:00:00+00:00,2026-09-09T00:00:00+00:00,38,597,626,0,38,ok,0.9536741214057508,normal,5.25164113785558
967b6309-c289-4900-8459-0e33ce488b1c,L00m1,194,5,2026-09-02T00:00:00+00:00,2026-09-09T00:00:00+00:00,3,54,41,0,3,ok,1.3170731707317074,normal,76.36761487964989
b8c3743e-a4c3-4168-ad0f-348a37a77a72,GrandLove,195,5,2026-09-02T00:00:00+00:00,2026-09-09T00:00:00+00:00,6,99,105,0,6,ok,0.9428571428571428,normal,5.032822757111598
dfc49048-07fd-4d4e-825d-f2d7f155c4bb,somehxw,196,5,2026-09-02T00:00:00+00:00,2026-09-09T00:00:00+00:00,34,671,576,0,34,ok,1.1649305555555556,normal,45.51422319474836
3e7ed0d7-2105-4d2d-929a-f6befe6d8cc0,ayalkasi,197,5,2026-09-02T00:00:00+00:00,2026-09-09T00:00:00+00:00,40,740,564,0,40,ok,1.3120567375886525,normal,75.71115973741794
18911949-a23d-4b42-bd0b-7a970b51824c,frozen_-,198,5,2026-09-02T00:00:00+00:00,2026-09-09T00:00:00+00:00,3,72,41,0,3,ok,1.7560975609756098,outlier_positivo,98.46827133479212
720fc287-1f03-46ff-a6e2-4c9bede77262,-yummy,199,5,2026-09-02T00:00:00+00:00,2026-09-09T00:00:00+00:00,22,403,339,0,22,ok,1.1887905604719764,normal,50.54704595185996
964410bb-394d-4633-87fd-501ec0fbb914,ritchiE,200,5,2026-09-02T00:00:00+00:00,2026-09-09T00:00:00+00:00,10,193,148,0,10,ok,1.304054054054054,normal,74.61706783369803
6ac4baef-7bbb-4bc5-9f2b-aa95176bd8ab,YEKINDAR_,201,5,2026-09-02T00:00:00+00:00,2026-09-09T00:00:00+00:00,30,398,451,0,30,ok,0.8824833702882483,normal,2.1881838074398248
78407773-ed65-456a-a507-ca50cbd78e17,SEMSY,202,5,2026-09-02T00:00:00+00:00,2026-09-09T00:00:00+00:00,18,334,290,0,18,ok,1.1517241379310346,normal,41.35667396061269
4e841b14-b668-476d-b7db-774f68aa4ed4,Patsi-,203,5,2026-09-02T00:00:00+00:00,2026-09-09T00:00:00+00:00,0,0,0,0,0,sem_partidas,,sem_partidas,
b58c8c5c-41da-4388-9864-0f3f72ca13db,datet-_-,204,5,2026-09-02T00:00:00+00:00,2026-09-09T00:00:00+00:00,18,323,284,0,18,ok,1.1373239436619718,normal,36.542669584245075
86383974-b132-48a2-a66f-cf9d3a3d68fd,tENZY,205,5,2026-09-02T00:00:00+00:00,2026-09-09T00:00:00+00:00,0,0,0,0,0,sem_partidas,,sem_partidas,
075ed300-7ed3-4377-88ba-9572f9ea8e3d,n0rb3r7,206,5,2026-09-02T00:00:00+00:00,2026-09-09T00:00:00+00:00,5,113,78,0,5,ok,1.4487179487179487,normal,90.15317286652079
a8570791-3e92-4b4d-9e45-8c2f8da95fb6,kwaren11,207,5,2026-09-02T00:00:00+00:00,2026-09-09T00:00:00+00:00,29,525,468,0,29,ok,1.1217948717948718,normal,31.50984682713348
21ee0d80-64f6-4277-80b9-c734d92a2880,torzsi,208,5,2026-09-02T00:00:00+00:00,2026-09-09T00:00:00+00:00,3,50,45,0,3,ok,1.1111111111111112,normal,29.321663019693656
4c5c2a03-15b4-48e1-8791-d54d6a2b3668,Altekz,209,5,2026-09-02T00:00:00+00:00,2026-09-09T00:00:00+00:00,31,586,436,0,31,ok,1.3440366972477065,normal,78.7746170678337
254dbfc8-0e3d-4e8b-95a4-88e19fec565a,jekuya,210,5,2026-09-02T00:00:00+00:00,2026-09-09T00:00:00+00:00,22,364,338,0,22,ok,1.0769230769230769,normal,21.444201312910284
d682a62e-43f5-49be-b8c9-de923adcf564,SunPayus,211,5,2026-09-02T00:00:00+00:00,2026-09-09T00:00:00+00:00,24,564,339,0,24,ok,1.663716814159292,outlier_positivo,97.59299781181619
6a5abce7-952f-4434-9db5-160392ec356d,miwo,212,5,2026-09-02T00:00:00+00:00,2026-09-09T00:00:00+00:00,22,361,332,0,22,ok,1.0873493975903614,normal,23.851203501094094
ebc37641-39d0-4692-bde6-c7a11ac1e90e,mara5m,213,5,2026-09-02T00:00:00+00:00,2026-09-09T00:00:00+00:00,10,186,172,0,10,ok,1.0813953488372092,normal,22.319474835886215
13222ab8-3b38-4beb-993f-a585df257ea3,EgorK,214,5,2026-09-02T00:00:00+00:00,2026-09-09T00:00:00+00:00,50,781,762,0,50,ok,1.0249343832020998,normal,12.691466083150985
9aad1747-b65d-4a0f-9a14-2ef947fe92b5,Sowalio,215,5,2026-09-02T00:00:00+00:00,2026-09-09T00:00:00+00:00,0,0,0,0,0,sem_partidas,,sem_partidas,
520ada08-ad17-4b3b-a373-8c8534154e2a,TOKYOPEEK,216,5,2026-09-02T00:00:00+00:00,2026-09-09T00:00:00+00:00,45,645,676,0,45,ok,0.9541420118343196,normal,5.689277899343545
6b692694-71cf-4a80-ae97-57c3f2f7425c,blissfuIperc,217,5,2026-09-02T00:00:00+00:00,2026-09-09T00:00:00+00:00,35,606,487,0,35,ok,1.24435318275154,normal,61.925601750547045
43febbb3-7f82-47c0-88fa-e2f122d5f20e,Rex1111,218,5,2026-09-02T00:00:00+00:00,2026-09-09T00:00:00+00:00,11,144,183,0,11,ok,0.7868852459016393,normal,1.5317286652078774
1ad1b7ff-b644-4431-9ac4-a5cf09855910,1ader,219,5,2026-09-02T00:00:00+00:00,2026-09-09T00:00:00+00:00,43,732,718,0,43,ok,1.0194986072423398,normal,12.035010940919037
f1174c0a-fa42-4a2f-8160-b870b8879ef5,KOT_XAMEP,220,5,2026-09-02T00:00:00+00:00,2026-09-09T00:00:00+00:00,7,127,118,0,7,ok,1.076271186440678,normal,21.2253829321663
656ffaa4-415b-4896-8a19-931366de23c8,ich1zoku,221,5,2026-09-02T00:00:00+00:00,2026-09-09T00:00:00+00:00,17,293,279,0,17,ok,1.050179211469534,normal,15.75492341356674
3939bd47-6a42-43f0-936c-eb53bc5f16e5,kaioriii,222,5,2026-09-02T00:00:00+00:00,2026-09-09T00:00:00+00:00,24,432,413,0,24,ok,1.0460048426150121,normal,15.317286652078774
fb2e77e7-ec1d-40fa-83a1-c01646167651,Z1W0W666,223,5,2026-09-02T00:00:00+00:00,2026-09-09T00:00:00+00:00,0,0,0,0,0,sem_partidas,,sem_partidas,
c39663f6-8e91-483c-8319-503449563713,Lewis,224,5,2026-09-02T00:00:00+00:00,2026-09-09T00:00:00+00:00,9,175,148,0,9,ok,1.1824324324324325,normal,48.796498905908095
32cf4622-150d-4362-83d5-de543ed16262,regele,225,5,2026-09-02T00:00:00+00:00,2026-09-09T00:00:00+00:00,82,1217,1303,0,82,ok,0.9339984650805833,normal,3.938730853391685
8e59e230-0935-4309-b335-a16211617ed7,SBolt-,226,5,2026-09-02T00:00:00+00:00,2026-09-09T00:00:00+00:00,33,700,506,0,33,ok,1.383399209486166,normal,84.68271334792122
88cb74cd-d98e-408c-85c2-b39e55004658,billz,227,5,2026-09-02T00:00:00+00:00,2026-09-09T00:00:00+00:00,32,644,434,0,32,ok,1.4838709677419355,normal,91.68490153172867
220685cd-1a18-4402-a9a9-ac240313cabd,xeedo,228,5,2026-09-02T00:00:00+00:00,2026-09-09T00:00:00+00:00,17,340,264,0,17,ok,1.2878787878787878,normal,71.11597374179432
4c2a6018-4aaf-4294-8449-777ccfad144b,goddrain,229,5,2026-09-02T00:00:00+00:00,2026-09-09T00:00:00+00:00,27,547,446,0,27,ok,1.2264573991031391,normal,57.76805251641138
b87eadad-7829-4f17-a85a-281ff569829a,ForesterONE,230,5,2026-09-02T00:00:00+00:00,2026-09-09T00:00:00+00:00,3,40,35,0,3,ok,1.1428571428571428,normal,39.38730853391685
6db5e566-77ae-4c30-852d-4fa54c4445aa,Alv68,231,5,2026-09-02T00:00:00+00:00,2026-09-09T00:00:00+00:00,17,318,220,0,17,ok,1.4454545454545455,normal,89.49671772428884
a4c4fb77-1996-47bd-b5e1-c14d86cf9997,444rainy,232,5,2026-09-02T00:00:00+00:00,2026-09-09T00:00:00+00:00,22,429,315,0,22,ok,1.361904761904762,normal,81.61925601750546
9e36e2b1-c0e0-4d77-a442-d5947ec19225,bajmano,233,5,2026-09-02T00:00:00+00:00,2026-09-09T00:00:00+00:00,40,723,648,0,40,ok,1.1157407407407407,normal,30.196936542669583
892ca5ae-5720-4d5d-8a98-33dc117041aa,narkoman812,234,5,2026-09-02T00:00:00+00:00,2026-09-09T00:00:00+00:00,38,638,564,0,38,ok,1.1312056737588652,normal,34.57330415754923
34aaf94c-d15a-4a1b-977d-82810a025407,tommy10,235,5,2026-09-02T00:00:00+00:00,2026-09-09T00:00:00+00:00,18,334,257,0,18,ok,1.2996108949416343,normal,73.52297592997812
98f1d2a1-6302-4d93-bf38-cc25f6b25256,gr1ks,236,5,2026-09-02T00:00:00+00:00,2026-09-09T00:00:00+00:00,0,0,0,0,0,sem_partidas,,sem_partidas,
f3f50c96-9d1b-4642-9074-477a07e54507,-khaN,237,5,2026-09-02T00:00:00+00:00,2026-09-09T00:00:00+00:00,7,131,100,0,7,ok,1.31,normal,75.27352297592998
522ecdd7-5fe2-4bd5-9806-4c015b9a1f8a,dwushka,238,5,2026-09-02T00:00:00+00:00,2026-09-09T00:00:00+00:00,3,52,33,0,3,ok,1.5757575757575757,normal,95.84245076586433
fd16a07c-5735-4148-8859-3369feb41275,stefienson,239,5,2026-09-02T00:00:00+00:00,2026-09-09T00:00:00+00:00,15,233,218,0,15,ok,1.0688073394495412,normal,19.474835886214443
507c6778-89e2-45cc-8f8f-cf04615df6c8,Frip,240,5,2026-09-02T00:00:00+00:00,2026-09-09T00:00:00+00:00,24,464,375,0,24,ok,1.2373333333333334,normal,60.17505470459519
0b2a4c62-2071-4582-be3e-50fbe6f53544,Eldarqwe-,241,5,2026-09-02T00:00:00+00:00,2026-09-09T00:00:00+00:00,18,265,275,0,18,ok,0.9636363636363636,normal,6.3457330415754925
6dce33f7-ba07-401a-bfe7-af51cc597a76,Woro2k,242,5,2026-09-02T00:00:00+00:00,2026-09-09T00:00:00+00:00,47,921,677,0,47,ok,1.3604135893648448,normal,81.1816192560175
3429651a-5020-4d07-85ef-34049adff713,starmie666,243,5,2026-09-02T00:00:00+00:00,2026-09-09T00:00:00+00:00,4,86,55,0,4,ok,1.5636363636363637,normal,94.9671772428884
c44f1259-0651-4942-8543-af0f03e62ac5,SELLTER,244,5,2026-09-02T00:00:00+00:00,2026-09-09T00:00:00+00:00,16,291,247,0,16,ok,1.1781376518218623,normal,47.921225382932164
2a82893f-3a7e-4458-9141-0b19673fa049,kashl1d,245,5,2026-09-02T00:00:00+00:00,2026-09-09T00:00:00+00:00,2,58,23,0,2,ok,2.5217391304347827,outlier_positivo,100.0
c85a67d7-2635-42c3-991b-4c1f0b93c5cb,999_,246,5,2026-09-02T00:00:00+00:00,2026-09-09T00:00:00+00:00,7,116,115,0,7,ok,1.008695652173913,normal,10.722100656455142
9cafe8f3-0b6b-4802-9cbb-806b5b751517,Enfeebled17,247,5,2026-09-02T00:00:00+00:00,2026-09-09T00:00:00+00:00,8,138,119,0,8,ok,1.1596638655462186,normal,44.42013129102845
6d8adf92-798f-414c-9d29-2896ceb5ad72,smooya,248,5,2026-09-02T00:00:00+00:00,2026-09-09T00:00:00+00:00,16,314,247,0,16,ok,1.271255060728745,normal,66.95842450765865
eba3dd73-7d26-46ad-b766-85c5ae0d9273,hyp3else66,249,5,2026-09-02T00:00:00+00:00,2026-09-09T00:00:00+00:00,19,358,281,0,19,ok,1.2740213523131672,normal,67.39606126914661
bae30b49-8c07-4f3e-922e-fa23b7ac0953,rafaxF-,250,5,2026-09-02T00:00:00+00:00,2026-09-09T00:00:00+00:00,11,162,165,0,11,ok,0.9818181818181818,normal,9.190371991247265
c90b35e3-defd-41b1-b29d-d9cf1c46fc32,azukay367,251,5,2026-09-02T00:00:00+00:00,2026-09-09T00:00:00+00:00,47,954,856,0,47,ok,1.1144859813084111,normal,29.540481400437635
1e8bd26b-d7f9-4fbf-bed2-d12ed800eee2,Smaley,252,5,2026-09-02T00:00:00+00:00,2026-09-09T00:00:00+00:00,28,452,407,0,28,ok,1.1105651105651106,normal,28.665207877461707
52829e07-aa5c-42af-b8a1-e4fe6247cd48,Skrimo,253,5,2026-09-02T00:00:00+00:00,2026-09-09T00:00:00+00:00,14,215,179,0,14,ok,1.2011173184357542,normal,52.95404814004377
ddd3c081-0602-4e45-bb4f-d5c5e00b65c3,cPuTu,254,5,2026-09-02T00:00:00+00:00,2026-09-09T00:00:00+00:00,21,359,318,0,21,ok,1.128930817610063,normal,34.13566739606127
28da77e2-bcfd-4458-a91d-e4d59a1f38be,nopzy,255,5,2026-09-02T00:00:00+00:00,2026-09-09T00:00:00+00:00,22,375,348,0,22,ok,1.0775862068965518,normal,21.663019693654267
e64b6d73-6313-4527-b313-a852e6368cf2,redCS-,256,5,2026-09-02T00:00:00+00:00,2026-09-09T00:00:00+00:00,13,219,190,0,13,ok,1.1526315789473685,normal,42.23194748358862
dce1d644-6bf1-449a-85ff-6b399e4269dc,Botpa1,257,5,2026-09-02T00:00:00+00:00,2026-09-09T00:00:00+00:00,0,0,0,0,0,sem_partidas,,sem_partidas,
a387ff16-4062-4f6c-a1f6-c65650ff993e,-Kiyotakaaa,258,5,2026-09-02T00:00:00+00:00,2026-09-09T00:00:00+00:00,35,695,569,0,35,ok,1.2214411247803163,normal,56.67396061269147
13d0fd67-997f-4255-9f25-a410b4fad2d0,stratefIy,259,5,2026-09-02T00:00:00+00:00,2026-09-09T00:00:00+00:00,62,1245,1013,0,62,ok,1.2290227048371174,normal,58.86214442013129
a6ad9a5b-6575-447f-8f67-346bb4033189,dep999,260,5,2026-09-02T00:00:00+00:00,2026-09-09T00:00:00+00:00,6,187,112,0,6,ok,1.6696428571428572,outlier_positivo,98.03063457330416
1d92f104-8d0a-4866-bb6e-5c11196bfca6,MusorDropXD,261,5,2026-09-02T00:00:00+00:00,2026-09-09T00:00:00+00:00,16,346,271,0,16,ok,1.2767527675276753,normal,68.27133479212254
7def4124-36c7-4035-acb5-427ffa531be3,Dawy,262,5,2026-09-02T00:00:00+00:00,2026-09-09T00:00:00+00:00,12,218,194,0,12,ok,1.1237113402061856,normal,32.38512035010941
c5cb1b85-4421-4436-9390-49fa05ce45e3,-Kaide,263,5,2026-09-02T00:00:00+00:00,2026-09-09T00:00:00+00:00,8,185,139,0,8,ok,1.330935251798561,normal,77.89934354485777
a4a6fdca-b125-4d3b-8d35-3ad098b6a1fe,KursySSJ4,264,5,2026-09-02T00:00:00+00:00,2026-09-09T00:00:00+00:00,3,67,30,0,3,ok,2.2333333333333334,outlier_positivo,99.78118161925602
14015a66-b368-4b90-994d-bcf6fa504f44,--_-_--_---_,265,5,2026-09-02T00:00:00+00:00,2026-09-09T00:00:00+00:00,11,199,158,0,11,ok,1.259493670886076,normal,64.55142231947484
0bf80a9b-cead-4a3e-a245-ca145dc2ab3c,-0scar,266,5,2026-09-02T00:00:00+00:00,2026-09-09T00:00:00+00:00,48,723,710,0,48,ok,1.0183098591549296,normal,11.597374179431071
05dd1de4-82dd-4b55-be77-c30c4551d0d6,gothdespair,267,5,2026-09-02T00:00:00+00:00,2026-09-09T00:00:00+00:00,10,150,128,0,10,ok,1.171875,normal,46.82713347921225
04ab709e-2f70-4651-8e0c-c7bffd037a07,shantarO,268,5,2026-09-02T00:00:00+00:00,2026-09-09T00:00:00+00:00,23,411,353,0,23,ok,1.1643059490084986,normal,45.29540481400438
3dad5d84-2a16-4044-8a27-d473f0f6e353,herkulesz,269,5,2026-09-02T00:00:00+00:00,2026-09-09T00:00:00+00:00,8,151,121,0,8,ok,1.2479338842975207,normal,62.58205689277899
d5ff6f9f-c95d-4f7d-93b7-d9ba0cb19dab,Aliot,270,5,2026-09-02T00:00:00+00:00,2026-09-09T00:00:00+00:00,19,296,297,0,19,ok,0.9966329966329966,normal,10.065645514223196
bd70d269-6c10-4140-b03b-8e09fdf9ca35,fedko14,271,5,2026-09-02T00:00:00+00:00,2026-09-09T00:00:00+00:00,22,407,362,0,22,ok,1.1243093922651934,normal,33.04157549234136
8edcd93a-e63f-45ea-8c77-bf9aa1820a47,shg-,272,5,2026-09-02T00:00:00+00:00,2026-09-09T00:00:00+00:00,6,121,102,0,6,ok,1.1862745098039216,normal,50.10940919037199
b9dbab41-8e55-497a-b311-bb0514777fd7,ves111,273,5,2026-09-02T00:00:00+00:00,2026-09-09T00:00:00+00:00,35,650,574,0,35,ok,1.132404181184669,normal,35.010940919037196
326a3d6a-13ca-40b3-a56d-a47c27b6f2af,gehji,274,5,2026-09-02T00:00:00+00:00,2026-09-09T00:00:00+00:00,7,135,99,0,7,ok,1.3636363636363635,normal,82.05689277899344
e5c779f9-eaf5-4113-b095-e284d1e44748,X345,275,5,2026-09-02T00:00:00+00:00,2026-09-09T00:00:00+00:00,28,533,414,0,28,ok,1.28743961352657,normal,70.67833698030634
d428b36e-7c8a-4510-8262-9cda26a3ff85,-qw1zera,276,5,2026-09-02T00:00:00+00:00,2026-09-09T00:00:00+00:00,41,701,603,0,41,ok,1.1625207296849087,normal,44.63894967177243
f3988f23-6685-41a8-91c6-f336b98c5195,z0nger,277,5,2026-09-02T00:00:00+00:00,2026-09-09T00:00:00+00:00,12,183,189,0,12,ok,0.9682539682539683,normal,6.783369803063458
eb4f52d2-5b8f-4401-8c72-138c995358d4,-tasman,278,5,2026-09-02T00:00:00+00:00,2026-09-09T00:00:00+00:00,5,88,71,0,5,ok,1.2394366197183098,normal,60.83150984682714
e1bcffdd-7eeb-4744-b8d6-a582dcfb1670,Krad,279,5,2026-09-02T00:00:00+00:00,2026-09-09T00:00:00+00:00,6,98,78,0,6,ok,1.2564102564102564,normal,63.67614879649891
5ce742a9-a319-4e89-8164-4f4ca528c4cc,wh1teout,280,5,2026-09-02T00:00:00+00:00,2026-09-09T00:00:00+00:00,15,268,200,0,15,ok,1.34,normal,78.55579868708972
40846b8f-7a3f-4f9f-af8b-85d118c2774a,myltsi,281,5,2026-09-02T00:00:00+00:00,2026-09-09T00:00:00+00:00,17,288,250,0,17,ok,1.152,normal,41.57549234135667
4d1d7bb1-64b7-4e34-97e7-6ee7bba48259,-relaxbtw-,282,5,2026-09-02T00:00:00+00:00,2026-09-09T00:00:00+00:00,22,391,379,0,22,ok,1.0316622691292876,normal,13.785557986870897
daf44626-2073-4878-b7fd-4776b8a2c93b,Pelle-,283,5,2026-09-02T00:00:00+00:00,2026-09-09T00:00:00+00:00,32,592,562,0,32,ok,1.0533807829181494,normal,16.630196936542667
dddfd33a-cc0c-483c-b2c4-950de24e0c1c,z0t,284,5,2026-09-02T00:00:00+00:00,2026-09-09T00:00:00+00:00,28,572,390,0,28,ok,1.4666666666666666,normal,90.37199124726477
7c6afa87-48a4-4e7c-a5d4-33d4d48c603f,0MusorDrop,285,5,2026-09-02T00:00:00+00:00,2026-09-09T00:00:00+00:00,62,1149,1008,0,62,ok,1.1398809523809523,normal,37.41794310722101
08a4aed5-fb8a-402a-8119-ae428666c195,aimy,286,5,2026-09-02T00:00:00+00:00,2026-09-09T00:00:00+00:00,20,414,263,0,20,ok,1.5741444866920151,normal,95.40481400437638
209c88dc-d2e5-4dfd-a7b9-38900bb10a61,dod02k-,287,5,2026-09-02T00:00:00+00:00,2026-09-09T00:00:00+00:00,9,149,131,0,9,ok,1.1374045801526718,normal,36.76148796498906
dc49b288-2a75-485a-91b1-ee81ce2f25de,dziugss,288,5,2026-09-02T00:00:00+00:00,2026-09-09T00:00:00+00:00,6,129,92,0,6,ok,1.4021739130434783,normal,86.2144420131291
b255e1b5-0b6b-4c57-a7ce-ad53b5521d33,CoCuCbKu,289,5,2026-09-02T00:00:00+00:00,2026-09-09T00:00:00+00:00,63,1097,888,1,64,dados_incompletos,,dados_incompletos,
6f01bc34-897d-43d5-9b43-c6e49e408dd5,Twist,290,5,2026-09-02T00:00:00+00:00,2026-09-09T00:00:00+00:00,0,0,0,0,0,sem_partidas,,sem_partidas,
024d5042-e159-416f-bf84-cf69b8d5ac03,oopee,291,5,2026-09-02T00:00:00+00:00,2026-09-09T00:00:00+00:00,14,226,199,0,14,ok,1.135678391959799,normal,36.10503282275711
b63c3037-b9f3-471e-9065-5e33ebc28b6e,s1reN7,292,5,2026-09-02T00:00:00+00:00,2026-09-09T00:00:00+00:00,4,43,55,0,4,ok,0.7818181818181819,normal,1.312910284463895
06b0f344-d2e8-4951-ab93-23e9470ce95e,REDS7AR,293,5,2026-09-02T00:00:00+00:00,2026-09-09T00:00:00+00:00,13,257,204,0,13,ok,1.2598039215686274,normal,64.77024070021882
322dfefd-d0aa-4e24-a4ce-509e4c5ed28a,toshas-,294,5,2026-09-02T00:00:00+00:00,2026-09-09T00:00:00+00:00,16,260,236,1,17,dados_incompletos,,dados_incompletos,
fddc57f3-b5f8-4e63-99e7-b1fa798e849e,pavlebo,295,5,2026-09-02T00:00:00+00:00,2026-09-09T00:00:00+00:00,19,329,310,0,19,ok,1.0612903225806452,normal,17.72428884026258
b00eff15-ebaf-4805-aa15-b33bc18406b7,YUR0KY,296,5,2026-09-02T00:00:00+00:00,2026-09-09T00:00:00+00:00,30,474,441,0,30,ok,1.0748299319727892,normal,20.787746170678336
9d4d4f31-8168-4894-8574-0d6b9458fb8c,77nightlovel,297,5,2026-09-02T00:00:00+00:00,2026-09-09T00:00:00+00:00,37,766,563,0,37,ok,1.3605683836589697,normal,81.4004376367615
1ba6cea9-0e2d-4f6e-b1cc-0f93cf9d2dcd,KEiiiii,298,5,2026-09-02T00:00:00+00:00,2026-09-09T00:00:00+00:00,26,470,428,0,26,ok,1.0981308411214954,normal,26.477024070021884
41acaa8c-cc55-4dca-a85d-897af2c1f275,k99y,299,5,2026-09-02T00:00:00+00:00,2026-09-09T00:00:00+00:00,22,379,328,0,22,ok,1.1554878048780488,normal,42.88840262582057
3ad4eec5-fc86-438a-9730-e5d092821180,redzedsei,300,5,2026-09-02T00:00:00+00:00,2026-09-09T00:00:00+00:00,27,630,428,0,27,ok,1.47196261682243,normal,90.80962800875274
159069e0-7e7c-4e3e-989e-d9f723689e3a,-Dis1-,301,5,2026-09-02T00:00:00+00:00,2026-09-09T00:00:00+00:00,24,399,387,0,24,ok,1.0310077519379846,normal,13.566739606126916
086df609-d086-4b83-9474-4347714e1f76,Fessor,302,5,2026-09-02T00:00:00+00:00,2026-09-09T00:00:00+00:00,5,113,75,0,5,ok,1.5066666666666666,normal,93.21663019693655
3fa04793-fb47-46ee-be6f-c44cacd77099,h0sster,303,5,2026-09-02T00:00:00+00:00,2026-09-09T00:00:00+00:00,30,560,476,0,30,ok,1.1764705882352942,normal,47.4835886214442
de8546e3-f76c-4118-8671-2f0bed373ff4,Porya-,304,5,2026-09-02T00:00:00+00:00,2026-09-09T00:00:00+00:00,7,108,102,0,7,ok,1.0588235294117647,normal,17.286652078774615
9132c4ea-8c7f-4865-a55c-9d20aa2efe89,ronkyeee,305,5,2026-09-02T00:00:00+00:00,2026-09-09T00:00:00+00:00,39,657,589,0,39,ok,1.1154499151103565,normal,29.978118161925604
f7ade297-4f13-4e91-b103-cacdfc3e5ba5,VLDN,306,5,2026-09-02T00:00:00+00:00,2026-09-09T00:00:00+00:00,4,68,64,0,4,ok,1.0625,normal,18.161925601750546
48623ecb-e657-4292-8aa6-9389b4701b10,s1zzi,307,5,2026-09-02T00:00:00+00:00,2026-09-09T00:00:00+00:00,10,216,157,0,10,ok,1.375796178343949,normal,83.58862144420132
c14998db-c745-4904-8316-429d46510e49,NonAmEeEeR,308,5,2026-09-02T00:00:00+00:00,2026-09-09T00:00:00+00:00,0,0,0,0,0,sem_partidas,,sem_partidas,
0b71822e-4e5a-4c96-9b2c-be44ff7f7e86,DrammaGod,309,5,2026-09-02T00:00:00+00:00,2026-09-09T00:00:00+00:00,3,45,48,0,3,ok,0.9375,normal,4.3763676148796495
1a5c4cff-75d4-489f-91a2-970af1eda8eb,Sobol,310,5,2026-09-02T00:00:00+00:00,2026-09-09T00:00:00+00:00,6,85,87,0,6,ok,0.9770114942528736,normal,7.87746170678337
d0bad1c0-551e-40cb-8535-137ea7104ff6,Zerk1s-,311,5,2026-09-02T00:00:00+00:00,2026-09-09T00:00:00+00:00,41,739,585,0,41,ok,1.2632478632478632,normal,65.64551422319475
9b9ee020-9f73-4a4b-a68f-f6132bfb0377,Caleyy,312,5,2026-09-02T00:00:00+00:00,2026-09-09T00:00:00+00:00,17,318,309,0,17,ok,1.029126213592233,normal,13.347921225382933
f0f989d2-bbeb-4bdf-bb3e-9a92b9039c27,w1sely,313,5,2026-09-02T00:00:00+00:00,2026-09-09T00:00:00+00:00,0,0,0,0,0,sem_partidas,,sem_partidas,
c4bf8035-0124-44bb-974b-2860cb41ab5a,aparcik,314,5,2026-09-02T00:00:00+00:00,2026-09-09T00:00:00+00:00,64,1015,1037,0,64,ok,0.9787849566055931,normal,8.096280087527353
74407bd7-b090-4cd9-8797-c4e3af17ae50,turcinskis,315,5,2026-09-02T00:00:00+00:00,2026-09-09T00:00:00+00:00,36,724,555,0,36,ok,1.3045045045045045,normal,74.83588621444201
a7d9d607-a5ac-4aa1-ae41-4834085715c2,f0lkfan111,316,5,2026-09-02T00:00:00+00:00,2026-09-09T00:00:00+00:00,22,388,335,0,22,ok,1.1582089552238806,normal,43.7636761487965
9d76e440-f676-4ad0-a04a-a8c87f7c21fb,arbnorz-,317,5,2026-09-02T00:00:00+00:00,2026-09-09T00:00:00+00:00,19,305,297,0,19,ok,1.026936026936027,normal,13.129102844638949
92224fbc-fb31-4362-850b-735a0c1d6c8a,kidofpain,318,5,2026-09-02T00:00:00+00:00,2026-09-09T00:00:00+00:00,8,143,100,0,8,ok,1.43,normal,88.18380743982495
fbb6f5b8-c8ce-415d-b29f-374d6b543716,MrTrelog,319,5,2026-09-02T00:00:00+00:00,2026-09-09T00:00:00+00:00,34,516,527,0,34,ok,0.9791271347248577,normal,8.315098468271334
83270bc6-74aa-4ca3-942b-f28a3d704b6d,OneUn1que,320,5,2026-09-02T00:00:00+00:00,2026-09-09T00:00:00+00:00,7,140,102,0,7,ok,1.3725490196078431,normal,82.93216630196937
fddf0596-7573-4792-8012-79966c93689e,Licale,321,5,2026-09-02T00:00:00+00:00,2026-09-09T00:00:00+00:00,0,0,0,0,0,sem_partidas,,sem_partidas,
975adbfb-f21e-4b09-92a4-704ab60c8542,ulqu1ora,322,5,2026-09-02T00:00:00+00:00,2026-09-09T00:00:00+00:00,10,185,163,0,10,ok,1.1349693251533743,normal,35.44857768052516
bdf798c9-0041-4a81-b581-28c52fede922,chedzik,323,5,2026-09-02T00:00:00+00:00,2026-09-09T00:00:00+00:00,30,478,470,0,30,ok,1.0170212765957447,normal,11.37855579868709
798302b0-e3b3-40e7-b051-95c43766dabb,PhoeniXLUV,324,5,2026-09-02T00:00:00+00:00,2026-09-09T00:00:00+00:00,5,113,79,0,5,ok,1.4303797468354431,normal,88.40262582056893
5c60c1c4-653a-478d-90a4-441d1436a28e,-k0s,325,5,2026-09-02T00:00:00+00:00,2026-09-09T00:00:00+00:00,14,259,215,0,14,ok,1.2046511627906977,normal,53.610503282275715
e76908f9-d95c-4022-b419-786ad4cb8d4e,torox,326,5,2026-09-02T00:00:00+00:00,2026-09-09T00:00:00+00:00,31,619,449,0,31,ok,1.378619153674833,normal,84.46389496717724
37a13cea-9f8b-45d3-9886-40faf2506d69,m1QUSE272,327,5,2026-09-02T00:00:00+00:00,2026-09-09T00:00:00+00:00,3,48,42,0,3,ok,1.1428571428571428,normal,39.38730853391685
2f215405-df5f-4348-8b16-d07bb82b8f66,lockstocky,328,5,2026-09-02T00:00:00+00:00,2026-09-09T00:00:00+00:00,28,498,435,0,28,ok,1.1448275862068966,normal,39.606126914660834
25694913-c7e9-4a6f-9279-8fb932b04a4c,EBLANKANKA67,329,5,2026-09-02T00:00:00+00:00,2026-09-09T00:00:00+00:00,34,758,541,0,34,ok,1.4011090573012939,normal,85.99562363238512
0c482002-4ad9-4eb7-bbf4-c36f786cdbd8,ms2180,330,5,2026-09-02T00:00:00+00:00,2026-09-09T00:00:00+00:00,23,439,406,0,23,ok,1.0812807881773399,normal,22.100656455142232
42afba06-399e-4c2d-aaff-77595526ad70,cmtry64,331,5,2026-09-02T00:00:00+00:00,2026-09-09T00:00:00+00:00,37,806,586,0,37,ok,1.3754266211604096,normal,83.36980306345733
3b6a98b3-fd37-42ec-9d14-3ca58a1e54ef,sh4shlick,332,5,2026-09-02T00:00:00+00:00,2026-09-09T00:00:00+00:00,27,460,421,0,27,ok,1.0926365795724466,normal,25.38293216630197
e6970427-7853-42d5-960a-3b125aa3fe98,xseveN,333,5,2026-09-02T00:00:00+00:00,2026-09-09T00:00:00+00:00,3,40,46,0,3,ok,0.8695652173913043,normal,1.9693654266958425
0be6bdd3-7448-4711-84d6-79cfbbe86f71,musordrop983,334,5,2026-09-02T00:00:00+00:00,2026-09-09T00:00:00+00:00,48,851,745,0,48,ok,1.142281879194631,normal,38.949671772428886
6d612c68-1dd3-427a-bf4c-e5e8029c4450,mASKEDo,335,5,2026-09-02T00:00:00+00:00,2026-09-09T00:00:00+00:00,29,506,480,0,29,ok,1.0541666666666667,normal,16.849015317286653
dd00574a-37b8-4c5e-87fa-b0569f624546,tamefear,336,5,2026-09-02T00:00:00+00:00,2026-09-09T00:00:00+00:00,41,772,652,0,41,ok,1.1840490797546013,normal,49.01531728665208
8fc05816-4e4c-4df0-b6ab-4059965f95a5,feat-,337,5,2026-09-02T00:00:00+00:00,2026-09-09T00:00:00+00:00,2,32,30,0,2,ok,1.0666666666666667,normal,18.599562363238512
1efdfeb4-7237-4a34-837a-9b4657295a48,svemyy,338,5,2026-09-02T00:00:00+00:00,2026-09-09T00:00:00+00:00,0,0,0,0,0,sem_partidas,,sem_partidas,
2fd44fff-097a-44ca-9bf2-6badf3282398,Muciek,339,5,2026-09-02T00:00:00+00:00,2026-09-09T00:00:00+00:00,17,272,246,0,17,ok,1.1056910569105691,normal,28.227571115973742
dafc9a8d-9a0b-47c3-a703-e0919211b635,L0fer,340,5,2026-09-02T00:00:00+00:00,2026-09-09T00:00:00+00:00,60,1136,939,0,60,ok,1.2097976570820022,normal,54.26695842450766
400661b5-8cc7-4c40-9dcc-d1695b2047f6,Jisoo,341,5,2026-09-02T00:00:00+00:00,2026-09-09T00:00:00+00:00,14,264,195,0,14,ok,1.353846153846154,normal,79.64989059080962
36b19d20-ddac-466d-9868-b73f0212c3ad,BRIAN-_-HIZZ,342,5,2026-09-02T00:00:00+00:00,2026-09-09T00:00:00+00:00,38,559,586,0,38,ok,0.9539249146757679,normal,5.470459518599562
c0216481-6d6f-4a69-b480-e1f3c4f0c36a,LECY89,343,5,2026-09-02T00:00:00+00:00,2026-09-09T00:00:00+00:00,0,0,0,0,0,sem_partidas,,sem_partidas,
1983b3f0-bd89-4fe6-a110-42664904443a,w4rdeN-,344,5,2026-09-02T00:00:00+00:00,2026-09-09T00:00:00+00:00,31,524,482,0,31,ok,1.0871369294605808,normal,23.63238512035011
5e91d235-cef6-42c6-9b86-35560cc19e57,deeN--,345,5,2026-09-02T00:00:00+00:00,2026-09-09T00:00:00+00:00,2,51,26,0,2,ok,1.9615384615384615,outlier_positivo,99.12472647702407
4527302e-9120-4a42-a465-5e383580386c,kobz0n,346,5,2026-09-02T00:00:00+00:00,2026-09-09T00:00:00+00:00,10,161,141,0,10,ok,1.1418439716312057,normal,38.7308533916849
242f97b1-a39e-40e5-aca0-153d7a76828f,saizius,347,5,2026-09-02T00:00:00+00:00,2026-09-09T00:00:00+00:00,43,840,688,0,43,ok,1.2209302325581395,normal,56.236323851203494
9866bf07-6fc9-47b0-966e-e4302ecc93fb,rv1den,348,5,2026-09-02T00:00:00+00:00,2026-09-09T00:00:00+00:00,13,259,180,0,13,ok,1.4388888888888889,normal,89.05908096280088
7c38b5ca-b385-4cf2-942b-d7252521d266,ne1l,349,5,2026-09-02T00:00:00+00:00,2026-09-09T00:00:00+00:00,27,440,402,0,27,ok,1.0945273631840795,normal,25.82056892778993
a8efc434-5950-4621-8b51-72538fe6347d,dazzy-,350,5,2026-09-02T00:00:00+00:00,2026-09-09T00:00:00+00:00,0,0,0,0,0,sem_partidas,,sem_partidas,
9b79818c-8be6-40cc-b090-b92878f5baac,5swiz,351,5,2026-09-02T00:00:00+00:00,2026-09-09T00:00:00+00:00,47,845,741,0,47,ok,1.1403508771929824,normal,38.074398249452955
58f68286-29eb-4108-97e5-2d8d96c65e05,mezii--,352,5,2026-09-02T00:00:00+00:00,2026-09-09T00:00:00+00:00,0,0,0,0,0,sem_partidas,,sem_partidas,
dfa35d4d-f284-4ad2-9a7d-c3f0468b1e69,wignfan,353,5,2026-09-02T00:00:00+00:00,2026-09-09T00:00:00+00:00,38,682,575,0,38,ok,1.1860869565217391,normal,49.671772428884026
a3e05af2-cb94-4de5-b56c-e5b30bde9f0c,S3NSEYZjE,354,5,2026-09-02T00:00:00+00:00,2026-09-09T00:00:00+00:00,30,523,421,0,30,ok,1.2422802850356294,normal,61.48796498905909
5d834b85-5d4f-441a-a0e2-a88713818bc8,ottob,355,5,2026-09-02T00:00:00+00:00,2026-09-09T00:00:00+00:00,10,173,132,0,10,ok,1.3106060606060606,normal,75.49234135667396
3e96ad48-d280-40fe-b432-743bc6166e6a,bibu_,356,5,2026-09-02T00:00:00+00:00,2026-09-09T00:00:00+00:00,14,228,197,0,14,ok,1.1573604060913705,normal,43.32603938730853
2fe13779-4813-4886-975b-a23d66c22b50,rec1se,357,5,2026-09-02T00:00:00+00:00,2026-09-09T00:00:00+00:00,36,644,509,0,36,ok,1.2652259332023577,normal,65.86433260393873
6111a58f-ec43-4a35-ac5f-6a27d4a8442d,kade0,358,5,2026-09-02T00:00:00+00:00,2026-09-09T00:00:00+00:00,5,92,72,0,5,ok,1.2777777777777777,normal,68.7089715536105
08d5e3fa-ef86-447a-a441-7d61c106305c,nukkye,359,5,2026-09-02T00:00:00+00:00,2026-09-09T00:00:00+00:00,1,13,13,0,1,ok,1.0,normal,10.50328227571116
88aba0ad-9f4f-43f8-8691-78bd5935bb26,MAJ1X,360,5,2026-09-02T00:00:00+00:00,2026-09-09T00:00:00+00:00,4,64,71,0,4,ok,0.9014084507042254,normal,2.62582056892779
75b7d8c4-e346-492c-adef-a91fffeb3886,z1k4-,361,5,2026-09-02T00:00:00+00:00,2026-09-09T00:00:00+00:00,10,184,140,0,10,ok,1.3142857142857143,normal,75.92997811816193
1050ef15-3e72-45b8-a255-ba1c69f9ae03,karass28,362,5,2026-09-02T00:00:00+00:00,2026-09-09T00:00:00+00:00,37,578,532,0,37,ok,1.086466165413534,normal,23.194748358862142
b5ad53bf-7ef2-4e7f-b902-2218997c60f0,KATLEDICI7,363,5,2026-09-02T00:00:00+00:00,2026-09-09T00:00:00+00:00,43,785,712,0,43,ok,1.1025280898876404,normal,27.13347921225383
6b52e429-611a-4cff-a329-79640d71dcf9,serrakura111,364,5,2026-09-02T00:00:00+00:00,2026-09-09T00:00:00+00:00,6,104,97,0,6,ok,1.0721649484536082,normal,20.350109409190374
d4241a7e-40ed-428c-824b-186191cc1186,kkx-,365,5,2026-09-02T00:00:00+00:00,2026-09-09T00:00:00+00:00,10,156,153,0,10,ok,1.0196078431372548,normal,12.25382932166302
b0e6d782-b60b-464b-b825-0551219d184c,Botman,366,5,2026-09-02T00:00:00+00:00,2026-09-09T00:00:00+00:00,16,263,242,0,16,ok,1.0867768595041323,normal,23.413566739606125
43edb54f-28ed-41fb-9996-c53c1602b32a,taouser,367,5,2026-09-02T00:00:00+00:00,2026-09-09T00:00:00+00:00,1,9,15,0,1,ok,0.6,outlier_negativo,0.2188183807439825
bf53ac48-b4ac-4b17-9174-4018772ad411,Griller1221,368,5,2026-09-02T00:00:00+00:00,2026-09-09T00:00:00+00:00,9,177,137,0,9,ok,1.2919708029197081,normal,71.55361050328227
6051a477-a1fb-410a-bca9-5eb8e848a515,grekuwu,369,5,2026-09-02T00:00:00+00:00,2026-09-09T00:00:00+00:00,29,514,413,0,29,ok,1.2445520581113803,normal,62.144420131291035
32181c2b-b743-4bcd-abd1-1a76378beacf,zs0lt1-,370,5,2026-09-02T00:00:00+00:00,2026-09-09T00:00:00+00:00,20,401,310,0,20,ok,1.293548387096774,normal,72.21006564551422
35c42621-9863-49d8-a9d3-98cd2ebd3695,Sdaim,371,5,2026-09-02T00:00:00+00:00,2026-09-09T00:00:00+00:00,5,93,60,1,6,dados_incompletos,,dados_incompletos,
23b6ffbb-86ec-47ab-acaa-9c76bed0af66,jL-,372,5,2026-09-02T00:00:00+00:00,2026-09-09T00:00:00+00:00,1,24,24,0,1,ok,1.0,normal,10.50328227571116
abe4d53f-ed16-49fc-8d86-3d1abac2d5ef,yanni-_-,373,5,2026-09-02T00:00:00+00:00,2026-09-09T00:00:00+00:00,23,402,360,0,23,ok,1.1166666666666667,normal,30.63457330415755
9dd05297-26eb-4cb4-a2e2-544b242f0a08,DAN9ARMATURA,374,5,2026-09-02T00:00:00+00:00,2026-09-09T00:00:00+00:00,33,614,522,0,33,ok,1.1762452107279693,normal,47.26477024070022
0cf9c7b8-2003-404d-97d4-fa9b5fae1878,Jimpphat,375,5,2026-09-02T00:00:00+00:00,2026-09-09T00:00:00+00:00,0,0,0,0,0,sem_partidas,,sem_partidas,
a6b1e85a-0d17-4fa3-9c08-900211bf7692,mattloo,376,5,2026-09-02T00:00:00+00:00,2026-09-09T00:00:00+00:00,2,34,27,0,2,ok,1.2592592592592593,normal,64.33260393873084
c328112e-d19e-4dc2-b0d9-e95372a362e7,Hrdina1452,377,5,2026-09-02T00:00:00+00:00,2026-09-09T00:00:00+00:00,0,0,0,0,0,sem_partidas,,sem_partidas,
6f65cd76-e51e-480e-b0f4-d8ca78c3ec63,VILBy,378,5,2026-09-02T00:00:00+00:00,2026-09-09T00:00:00+00:00,4,73,65,0,4,ok,1.123076923076923,normal,32.16630196936542
40ca7ec3-ca11-4e1b-a3b3-3989c1aaf13f,baz,379,5,2026-09-02T00:00:00+00:00,2026-09-09T00:00:00+00:00,6,107,85,0,6,ok,1.2588235294117647,normal,63.89496717724289
08b00737-a7bf-46c2-b501-052c101f3e6e,siz-,380,5,2026-09-02T00:00:00+00:00,2026-09-09T00:00:00+00:00,5,77,69,0,5,ok,1.1159420289855073,normal,30.41575492341357
a86a13ca-a850-4e31-9e46-76026f25a8df,flawly,381,5,2026-09-02T00:00:00+00:00,2026-09-09T00:00:00+00:00,16,289,247,0,16,ok,1.1700404858299596,normal,46.608315098468275
95371621-2dc2-4ae2-8633-e70c1f754d25,kiy0o,382,5,2026-09-02T00:00:00+00:00,2026-09-09T00:00:00+00:00,12,226,165,0,12,ok,1.3696969696969696,normal,82.27571115973743
fa304d5e-0d2e-4b7c-a802-a9ee2989d6d7,musordrop01R,383,5,2026-09-02T00:00:00+00:00,2026-09-09T00:00:00+00:00,53,887,830,0,53,ok,1.0686746987951807,normal,19.25601750547046
e15c799e-2f9b-42fb-9233-db6908126b26,LunaticYF,384,5,2026-09-02T00:00:00+00:00,2026-09-09T00:00:00+00:00,91,1419,1456,0,91,ok,0.9745879120879121,normal,7.2210065645514225
57d0ffa1-44d3-4271-9360-f09bfb7e3466,Ayri21,385,5,2026-09-02T00:00:00+00:00,2026-09-09T00:00:00+00:00,10,180,158,0,10,ok,1.139240506329114,normal,37.199124726477024
ba3282ae-21a1-4a9d-a2e4-e579a67f2472,ToM223,386,5,2026-09-02T00:00:00+00:00,2026-09-09T00:00:00+00:00,9,169,139,0,9,ok,1.2158273381294964,normal,55.36105032822757
99726d5a-04d8-4b74-a12d-b5e012ae745c,anttzz,387,5,2026-09-02T00:00:00+00:00,2026-09-09T00:00:00+00:00,30,537,505,0,30,ok,1.0633663366336634,normal,18.38074398249453
803bd4ab-3891-4686-8301-aea69a426477,PsychoDoctor,388,5,2026-09-02T00:00:00+00:00,2026-09-09T00:00:00+00:00,4,97,56,0,4,ok,1.7321428571428572,outlier_positivo,98.24945295404814
7dfc0c4c-28a0-4126-8b97-349ba09bc314,neptun59,389,5,2026-09-02T00:00:00+00:00,2026-09-09T00:00:00+00:00,16,347,263,1,17,dados_incompletos,,dados_incompletos,
3bd30889-be3f-49cf-817f-1399c887f2d9,zeRRoFIX,390,5,2026-09-02T00:00:00+00:00,2026-09-09T00:00:00+00:00,17,326,284,0,17,ok,1.147887323943662,normal,40.26258205689278
651597b1-03b4-4c74-8848-dd688599cffa,sk1tt,391,5,2026-09-02T00:00:00+00:00,2026-09-09T00:00:00+00:00,11,189,159,0,11,ok,1.1886792452830188,normal,50.32822757111597
bffdd912-57c0-4c48-9735-3d36059236b3,SatoruGojo_,392,5,2026-09-02T00:00:00+00:00,2026-09-09T00:00:00+00:00,41,778,675,0,41,ok,1.1525925925925926,normal,42.01312910284464
9b9355f1-870d-4d85-bb37-9b71d591d779,608-,393,5,2026-09-02T00:00:00+00:00,2026-09-09T00:00:00+00:00,20,365,316,0,20,ok,1.1550632911392404,normal,42.669584245076585
79df73cc-00b8-40c2-9089-d20e81b91614,Nivera-,394,5,2026-09-02T00:00:00+00:00,2026-09-09T00:00:00+00:00,20,401,307,0,20,ok,1.3061889250814331,normal,75.054704595186
e5806414-a8b4-4f7e-b13d-e16066e3984a,suisha,395,5,2026-09-02T00:00:00+00:00,2026-09-09T00:00:00+00:00,33,574,507,0,33,ok,1.1321499013806706,normal,34.79212253829322
675b5450-f00f-4009-92b8-10d17524959a,Proinya,396,5,2026-09-02T00:00:00+00:00,2026-09-09T00:00:00+00:00,26,471,434,0,26,ok,1.0852534562211982,normal,22.75711159737418
a9147ac0-cd1b-4ab8-a634-a3562d29dc13,W0nderL4nd,397,5,2026-09-02T00:00:00+00:00,2026-09-09T00:00:00+00:00,32,549,481,0,32,ok,1.1413721413721414,normal,38.51203501094092
41e80191-23a9-40af-a3f5-b0452d31b7a5,xm1nd337,398,5,2026-09-02T00:00:00+00:00,2026-09-09T00:00:00+00:00,18,328,256,0,18,ok,1.28125,normal,69.80306345733041
381f4aa9-921e-498b-8548-af3a61a95f45,fall1ngxd,399,5,2026-09-02T00:00:00+00:00,2026-09-09T00:00:00+00:00,53,802,851,0,53,ok,0.9424206815511164,normal,4.814004376367615
0bd8a37f-2bf9-4a2a-8c4d-4ec60249c758,Kovvat,400,5,2026-09-02T00:00:00+00:00,2026-09-09T00:00:00+00:00,34,543,562,0,34,ok,0.9661921708185054,normal,6.564551422319474
a5f7f49b-13f4-406b-9868-99503a228d4c,Myggis,401,5,2026-09-02T00:00:00+00:00,2026-09-09T00:00:00+00:00,18,294,266,0,18,ok,1.105263157894737,normal,28.00875273522976
96675589-94d3-4a3f-942e-75e876c5407d,amanek,402,5,2026-09-02T00:00:00+00:00,2026-09-09T00:00:00+00:00,35,507,520,0,35,ok,0.975,normal,7.439824945295405
8f97a4ca-0315-4386-a97d-4ec6b74a432a,F0R3VER-,403,5,2026-09-02T00:00:00+00:00,2026-09-09T00:00:00+00:00,21,410,337,0,21,ok,1.2166172106824926,normal,55.57986870897156
3c1ca83f-5c0b-48c9-9efb-86e02999bad4,CoolezW,404,5,2026-09-02T00:00:00+00:00,2026-09-09T00:00:00+00:00,1,29,23,0,1,ok,1.2608695652173914,normal,64.98905908096279
f77f8060-0918-4c9c-84eb-4b871a0d0430,Farab1,405,5,2026-09-02T00:00:00+00:00,2026-09-09T00:00:00+00:00,40,602,577,0,40,ok,1.0433275563258233,normal,14.660831509846828
f317884c-2d70-4cb9-8f03-418064e114ed,markovich666,406,5,2026-09-02T00:00:00+00:00,2026-09-09T00:00:00+00:00,13,243,209,0,13,ok,1.1626794258373205,normal,44.85776805251641
cd355df3-21b0-4677-8e79-6d823aa6ebac,takanashi,407,5,2026-09-02T00:00:00+00:00,2026-09-09T00:00:00+00:00,24,450,367,0,24,ok,1.2261580381471389,normal,57.54923413566739
a421bf0b-db37-4194-8d57-59aa2cab64a0,NaYz,408,5,2026-09-02T00:00:00+00:00,2026-09-09T00:00:00+00:00,7,110,141,0,7,ok,0.7801418439716312,normal,0.87527352297593
14bf6f49-e335-4cca-b270-2bff1bc95485,whisperr23,409,5,2026-09-02T00:00:00+00:00,2026-09-09T00:00:00+00:00,31,666,491,0,31,ok,1.3564154786150713,normal,80.30634573304157
f0d7de73-a6e4-4fd8-961e-d4f5f283e931,kenjezz,410,5,2026-09-02T00:00:00+00:00,2026-09-09T00:00:00+00:00,16,213,231,0,16,ok,0.922077922077922,normal,3.282275711159737
e5b77795-ddbc-418b-a72a-e8e8e2787d54,eNs,411,5,2026-09-02T00:00:00+00:00,2026-09-09T00:00:00+00:00,0,0,0,0,0,sem_partidas,,sem_partidas,
917a60fe-0a2f-4cf8-b93e-8d8242e2aa87,Bl4zE333,412,5,2026-09-02T00:00:00+00:00,2026-09-09T00:00:00+00:00,32,595,462,0,32,ok,1.2878787878787878,normal,71.11597374179432
7b6558ed-94e8-4344-a805-788cb226d03e,oz1k,413,5,2026-09-02T00:00:00+00:00,2026-09-09T00:00:00+00:00,7,130,92,0,7,ok,1.4130434782608696,normal,87.30853391684902
31a278ea-2af3-4101-baad-2bff533b5c01,Blytz_,414,5,2026-09-02T00:00:00+00:00,2026-09-09T00:00:00+00:00,16,319,212,0,16,ok,1.5047169811320755,normal,92.99781181619255
13a07227-30a0-4590-9b66-e8e5841b7a8b,H4SAN4TOR,415,5,2026-09-02T00:00:00+00:00,2026-09-09T00:00:00+00:00,14,267,238,1,15,dados_incompletos,,dados_incompletos,
0afea8e8-c7e2-4ad7-a20e-ec4ba4ce80ff,3BL0S7R3L,416,5,2026-09-02T00:00:00+00:00,2026-09-09T00:00:00+00:00,54,899,926,0,54,ok,0.9708423326133909,normal,7.00218818380744
b65ca382-cb8c-42a2-aeb7-822fb72cb9a7,iffo,417,5,2026-09-02T00:00:00+00:00,2026-09-09T00:00:00+00:00,13,274,174,0,13,ok,1.5747126436781609,normal,95.62363238512035
685163c9-a0d4-41b9-8373-d0d2f26ab42b,kL1o,418,5,2026-09-02T00:00:00+00:00,2026-09-09T00:00:00+00:00,3,56,48,0,3,ok,1.1666666666666667,normal,45.951859956236326
1ace868a-d60c-46b8-a61e-f51d40d0305b,lilpeepfan-,419,5,2026-09-02T00:00:00+00:00,2026-09-09T00:00:00+00:00,17,307,223,0,17,ok,1.3766816143497758,normal,83.80743982494529
6e9625a5-9d91-4b07-9858-0042f5a53f6a,paz-,420,5,2026-09-02T00:00:00+00:00,2026-09-09T00:00:00+00:00,13,229,211,0,13,ok,1.085308056872038,normal,22.975929978118163
f34926cc-3857-4d91-bc5a-316ec071263a,djgor1lla,421,5,2026-09-02T00:00:00+00:00,2026-09-09T00:00:00+00:00,56,1056,967,0,56,ok,1.092037228541882,normal,24.945295404814004
f2e856bd-3ee0-4c05-85da-0f26ecdfcd69,Jhniewolkjer,422,5,2026-09-02T00:00:00+00:00,2026-09-09T00:00:00+00:00,6,91,99,0,6,ok,0.9191919191919192,normal,3.063457330415755
cd978277-44fe-46ef-85e9-c916be624bee,Maiser,423,5,2026-09-02T00:00:00+00:00,2026-09-09T00:00:00+00:00,26,376,352,0,26,ok,1.0681818181818181,normal,19.037199124726477
8dd252bc-7bed-4b80-a8af-08292429f90c,shaiK,424,5,2026-09-02T00:00:00+00:00,2026-09-09T00:00:00+00:00,0,0,0,0,0,sem_partidas,,sem_partidas,
01b56a15-1e5d-43ea-9173-8d2b812bc1c6,strixxxzz,425,5,2026-09-02T00:00:00+00:00,2026-09-09T00:00:00+00:00,28,593,402,1,29,dados_incompletos,,dados_incompletos,
92e63ac2-a228-4a2c-8db5-93e4a0b35e6f,SILNYI4EL,426,5,2026-09-02T00:00:00+00:00,2026-09-09T00:00:00+00:00,23,370,330,0,23,ok,1.121212121212121,normal,31.291028446389497
80396ca7-9e6b-440d-bea6-99c20a78758c,MadLife516,427,5,2026-09-02T00:00:00+00:00,2026-09-09T00:00:00+00:00,36,671,577,0,36,ok,1.1629116117850953,normal,45.076586433260395
53771794-0678-4e00-b12b-605404c711f0,icntflmfce,428,5,2026-09-02T00:00:00+00:00,2026-09-09T00:00:00+00:00,9,184,135,0,9,ok,1.362962962962963,normal,81.83807439824945
43cddbf7-48c8-402d-8ab5-2d7b35c519c2,Tired5,429,5,2026-09-02T00:00:00+00:00,2026-09-09T00:00:00+00:00,35,572,509,0,35,ok,1.1237721021611002,normal,32.60393873085339
f054b0fb-9841-45b9-b832-d3d38f3c948e,iNSANE-0_o,430,5,2026-09-02T00:00:00+00:00,2026-09-09T00:00:00+00:00,48,859,700,0,48,ok,1.227142857142857,normal,57.98687089715536
6a8c42f1-b66d-49d3-a89a-d0fd7c11d544,CHANKY-,431,5,2026-09-02T00:00:00+00:00,2026-09-09T00:00:00+00:00,22,390,354,1,23,dados_incompletos,,dados_incompletos,
0e5e5804-66dc-47fc-abf8-78fbabb2e486,x1nk1n,432,5,2026-09-02T00:00:00+00:00,2026-09-09T00:00:00+00:00,3,46,48,0,3,ok,0.9583333333333334,normal,6.12691466083151
fddec513-3b2c-46c2-8223-5baf9d7c44e1,qw3zy,433,5,2026-09-02T00:00:00+00:00,2026-09-09T00:00:00+00:00,16,270,211,0,16,ok,1.2796208530805686,normal,69.14660831509846
7755ecad-986d-418d-932e-2250132bee75,newnickname7,434,5,2026-09-02T00:00:00+00:00,2026-09-09T00:00:00+00:00,27,453,422,0,27,ok,1.0734597156398105,normal,20.568927789934357
4396868f-64f7-4847-8443-4703685a0aef,hitori,435,5,2026-09-02T00:00:00+00:00,2026-09-09T00:00:00+00:00,18,304,251,0,18,ok,1.2111553784860558,normal,54.92341356673961
1606bc69-b662-43ff-a5a6-cb3667b1175f,qw1ck,436,5,2026-09-02T00:00:00+00:00,2026-09-09T00:00:00+00:00,37,670,573,0,37,ok,1.169284467713787,normal,46.389496717724285
f20f58ba-b7f6-455e-9267-5700584798a7,resqz,437,5,2026-09-02T00:00:00+00:00,2026-09-09T00:00:00+00:00,17,294,243,0,17,ok,1.2098765432098766,normal,54.48577680525164
c1302426-7b94-464e-8074-934bd584a311,latayo,438,5,2026-09-02T00:00:00+00:00,2026-09-09T00:00:00+00:00,62,1146,1005,0,62,ok,1.1402985074626866,normal,37.85557986870897
47444e4a-3a2e-4952-a6d8-eb535f3f9c82,Something,439,5,2026-09-02T00:00:00+00:00,2026-09-09T00:00:00+00:00,12,236,200,0,12,ok,1.18,normal,48.35886214442014
bea77fb4-1e11-43bf-aae7-1ce463bc0a21,nukleos143,440,5,2026-09-02T00:00:00+00:00,2026-09-09T00:00:00+00:00,15,236,216,0,15,ok,1.0925925925925926,normal,25.164113785557984
5d950322-1f67-41fe-a8d7-3831ef236504,xz4yrix_-,441,5,2026-09-02T00:00:00+00:00,2026-09-09T00:00:00+00:00,35,656,553,0,35,ok,1.18625678119349,normal,49.89059080962801
b88c11ce-6c1c-4caf-826c-a3781f5ef95f,r3td,442,5,2026-09-02T00:00:00+00:00,2026-09-09T00:00:00+00:00,46,719,716,1,47,dados_incompletos,,dados_incompletos,
a890369c-f360-430b-bb2b-07320647239f,Sami,443,5,2026-09-02T00:00:00+00:00,2026-09-09T00:00:00+00:00,28,456,416,0,28,ok,1.0961538461538463,normal,26.258205689277897
41e2d7e1-a224-46b4-8565-cc04e4a9d1ea,crazed-_-,444,5,2026-09-02T00:00:00+00:00,2026-09-09T00:00:00+00:00,20,299,287,1,21,dados_incompletos,,dados_incompletos,
37032643-d56f-417e-b165-f058646f8076,wakash1ma666,445,5,2026-09-02T00:00:00+00:00,2026-09-09T00:00:00+00:00,36,644,524,0,36,ok,1.2290076335877862,normal,58.64332603938731
63bbf570-f8f3-4502-9c27-4b2d767bfeb8,newt,446,5,2026-09-02T00:00:00+00:00,2026-09-09T00:00:00+00:00,11,146,148,0,11,ok,0.9864864864864865,normal,9.409190371991247
5b8d259e-503e-4afe-b621-0dc202d46e43,Buzz,447,5,2026-09-02T00:00:00+00:00,2026-09-09T00:00:00+00:00,18,346,250,0,18,ok,1.384,normal,84.9015317286652
ec933b68-6007-408c-818d-10cc284b6838,-mortal666,448,5,2026-09-02T00:00:00+00:00,2026-09-09T00:00:00+00:00,37,536,571,0,37,ok,0.9387040280210157,normal,4.595185995623632
1e004a7b-a857-49ed-ad46-a3f8549d5b7e,Jaex-,449,5,2026-09-02T00:00:00+00:00,2026-09-09T00:00:00+00:00,12,193,167,0,12,ok,1.155688622754491,normal,43.10722100656455
ea125fed-a8af-4d17-91b9-4e05dc51a0ba,shalfey111,450,5,2026-09-02T00:00:00+00:00,2026-09-09T00:00:00+00:00,16,296,220,0,16,ok,1.3454545454545455,normal,78.99343544857767
c03e59a1-785d-4821-8300-e84d2a30a99c,fez,451,5,2026-09-02T00:00:00+00:00,2026-09-09T00:00:00+00:00,0,0,0,0,0,sem_partidas,,sem_partidas,
888098d7-ca11-498a-9d76-aa9bc8636708,-Aldikon,452,5,2026-09-02T00:00:00+00:00,2026-09-09T00:00:00+00:00,1,22,17,0,1,ok,1.2941176470588236,normal,72.42888402625822
9af7e56b-2661-4235-a853-788f9d07d7c5,safraleine33,453,5,2026-09-02T00:00:00+00:00,2026-09-09T00:00:00+00:00,81,1377,1324,0,81,ok,1.0400302114803626,normal,14.22319474835886
1fc5d089-ed6d-42bc-9014-b7bd8024a5ce,wouri,454,5,2026-09-02T00:00:00+00:00,2026-09-09T00:00:00+00:00,9,242,171,0,9,ok,1.4152046783625731,normal,87.527352297593
94f48ada-f249-4fd3-92cd-d7e1454bbeb3,percoshk3t,455,5,2026-09-02T00:00:00+00:00,2026-09-09T00:00:00+00:00,31,548,501,0,31,ok,1.093812375249501,normal,25.601750547045953
835047fa-11b8-44df-aff2-df367bacc016,domin0o_,456,5,2026-09-02T00:00:00+00:00,2026-09-09T00:00:00+00:00,6,120,95,0,6,ok,1.263157894736842,normal,65.42669584245077
9b60b444-681f-4075-9bb2-5b8a1e6c8c0c,zendirege,457,5,2026-09-02T00:00:00+00:00,2026-09-09T00:00:00+00:00,49,772,756,0,49,ok,1.0211640211640212,normal,12.472647702407002
45a216c4-0a48-4475-9e16-4548a1ab8a63,-guty,458,5,2026-09-02T00:00:00+00:00,2026-09-09T00:00:00+00:00,9,158,124,0,9,ok,1.2741935483870968,normal,67.6148796498906
24d172ce-17ac-4473-9bbf-604230499642,kaneko999,459,5,2026-09-02T00:00:00+00:00,2026-09-09T00:00:00+00:00,40,656,618,0,40,ok,1.0614886731391586,normal,17.943107221006567
766e6891-f43c-4caa-9069-6ff948384229,foidslayer--,460,5,2026-09-02T00:00:00+00:00,2026-09-09T00:00:00+00:00,2,23,30,0,2,ok,0.7666666666666667,outlier_negativo,0.6564551422319475
6226a775-1377-48c3-bac5-3a772af824fb,inwayz-_-,461,5,2026-09-02T00:00:00+00:00,2026-09-09T00:00:00+00:00,0,0,0,0,0,sem_partidas,,sem_partidas,
31344471-a809-45c0-9190-fd6420769871,hallzerk,462,5,2026-09-02T00:00:00+00:00,2026-09-09T00:00:00+00:00,0,0,0,0,0,sem_partidas,,sem_partidas,
07590cf0-6f1c-4a5c-b349-5af955627f30,kRaSnaI,463,5,2026-09-02T00:00:00+00:00,2026-09-09T00:00:00+00:00,28,431,413,0,28,ok,1.0435835351089588,normal,14.87964989059081
7620a1ae-c74b-4677-80c1-3e551c8c3fb7,PYREXX-,464,5,2026-09-02T00:00:00+00:00,2026-09-09T00:00:00+00:00,36,647,570,0,36,ok,1.1350877192982456,normal,35.667396061269145
2148ed19-15a3-4d2f-973e-4b7d6a29af6b,AI-Bagheera,465,5,2026-09-02T00:00:00+00:00,2026-09-09T00:00:00+00:00,27,417,371,0,27,ok,1.123989218328841,normal,32.822757111597376
a20678de-0c2d-4a9f-bf8e-3c856bceab45,b1t,466,5,2026-09-02T00:00:00+00:00,2026-09-09T00:00:00+00:00,5,102,81,0,5,ok,1.2592592592592593,normal,64.33260393873084
57bf2171-049e-46e6-8e16-131dcb92a415,avid-,467,5,2026-09-02T00:00:00+00:00,2026-09-09T00:00:00+00:00,1,17,14,0,1,ok,1.2142857142857142,normal,55.14223194748359
43e675a8-d54e-42c4-b055-c0d2062bbf7e,YumsaN,468,5,2026-09-02T00:00:00+00:00,2026-09-09T00:00:00+00:00,6,108,73,0,6,ok,1.4794520547945205,normal,91.02844638949672
b0ee1f18-598b-4f15-89d5-99b614cc93b0,Malkiss,469,5,2026-09-02T00:00:00+00:00,2026-09-09T00:00:00+00:00,9,130,105,0,9,ok,1.2380952380952381,normal,60.393873085339166
8a4b1c1b-7957-4b83-a18c-1dee110c4cfc,1nki7331,470,5,2026-09-02T00:00:00+00:00,2026-09-09T00:00:00+00:00,0,0,0,0,0,sem_partidas,,sem_partidas,
d9981652-0143-4c1f-9de5-7fed7f2315f5,k1ssly-,471,5,2026-09-02T00:00:00+00:00,2026-09-09T00:00:00+00:00,15,259,246,0,15,ok,1.0528455284552845,normal,16.192560175054705
d6537a7f-eb98-449d-9f31-cada1d6b910d,wswavdghfwd,472,5,2026-09-02T00:00:00+00:00,2026-09-09T00:00:00+00:00,8,154,129,0,8,ok,1.193798449612403,normal,51.64113785557986
2d83d2dc-abfd-490e-b05e-0019887cf33c,731MusorDrop,473,5,2026-09-02T00:00:00+00:00,2026-09-09T00:00:00+00:00,24,445,324,0,24,ok,1.373456790123457,normal,83.15098468271334
da235764-ca50-4d23-b071-38e9bf44a39b,jv2k,474,5,2026-09-02T00:00:00+00:00,2026-09-09T00:00:00+00:00,11,218,144,0,11,ok,1.5138888888888888,normal,93.8730853391685
f91a0186-c110-4c26-b82b-b77f885510a4,cheaterhs,475,5,2026-09-02T00:00:00+00:00,2026-09-09T00:00:00+00:00,14,243,194,0,14,ok,1.2525773195876289,normal,62.80087527352297
eda41a31-6cf9-49f9-9870-7b12bb0d9150,CASEKAICEDO,476,5,2026-09-02T00:00:00+00:00,2026-09-09T00:00:00+00:00,29,441,424,0,29,ok,1.0400943396226414,normal,14.442013129102845
d3f24072-38c0-44ac-9d8b-5dba72c47569,danil_potoke,477,5,2026-09-02T00:00:00+00:00,2026-09-09T00:00:00+00:00,27,403,430,0,27,ok,0.9372093023255814,normal,4.157549234135667
772edefc-9b9d-4e5b-b33e-2958eb6c38a7,H1jgnsh-_-,478,5,2026-09-02T00:00:00+00:00,2026-09-09T00:00:00+00:00,29,541,472,0,29,ok,1.146186440677966,normal,40.0437636761488
1495e67c-8aa5-4e8a-9e24-7f17e5ea3049,PUPA-9,479,5,2026-09-02T00:00:00+00:00,2026-09-09T00:00:00+00:00,19,369,322,0,19,ok,1.1459627329192548,normal,39.82494529540481
ee612218-4533-4dbc-a8db-21192d8217b8,epeaj666,480,5,2026-09-02T00:00:00+00:00,2026-09-09T00:00:00+00:00,32,544,493,0,32,ok,1.103448275862069,normal,27.35229759299781
15371e7d-a30d-4b6a-80d8-d8ca1b8cbc43,stavnmagi,481,5,2026-09-02T00:00:00+00:00,2026-09-09T00:00:00+00:00,6,129,80,0,6,ok,1.6125,normal,96.2800875273523
fed5173b-cc64-4d2a-914f-84273a4eb392,deliciousSs,482,5,2026-09-02T00:00:00+00:00,2026-09-09T00:00:00+00:00,12,177,193,0,12,ok,0.917098445595855,normal,2.8446389496717726
f140177f-6dec-4903-9bb6-598f1049e97f,her1tage111,483,5,2026-09-02T00:00:00+00:00,2026-09-09T00:00:00+00:00,14,269,229,0,14,ok,1.1746724890829694,normal,47.04595185995623
e35850f7-8043-4e71-9d3a-3748cb6dfdd7,Shoota-_-,484,5,2026-09-02T00:00:00+00:00,2026-09-09T00:00:00+00:00,14,256,237,0,14,ok,1.080168776371308,normal,21.88183807439825
c46fe7d1-7623-4014-a63b-2e8bc3cbac62,262,485,5,2026-09-02T00:00:00+00:00,2026-09-09T00:00:00+00:00,52,850,809,0,52,ok,1.0506798516687268,normal,15.973741794310722
defccfc4-ddf1-4aee-b441-51adf7306f37,m4d4ra666,486,5,2026-09-02T00:00:00+00:00,2026-09-09T00:00:00+00:00,15,323,248,0,15,ok,1.3024193548387097,normal,73.96061269146608
24a3d250-e64e-4212-9872-2f37997e3e5f,l4uvmaria,487,5,2026-09-02T00:00:00+00:00,2026-09-09T00:00:00+00:00,39,693,559,0,39,ok,1.2397137745974955,normal,61.050328227571114
c6ab629f-9142-4edb-9cb9-a88d5b6ac7ef,Chr1zN,488,5,2026-09-02T00:00:00+00:00,2026-09-09T00:00:00+00:00,3,58,44,0,3,ok,1.3181818181818181,normal,76.80525164113786
30d65106-6fb6-4f84-8a7a-66c10df34b72,--SanDy,489,5,2026-09-02T00:00:00+00:00,2026-09-09T00:00:00+00:00,20,359,299,0,20,ok,1.2006688963210703,normal,52.516411378555794
f02fe0de-fda4-490e-8048-a33cd7a47b54,Jayy2s,490,5,2026-09-02T00:00:00+00:00,2026-09-09T00:00:00+00:00,18,331,309,0,18,ok,1.0711974110032363,normal,20.13129102844639
a29dccc8-5ea9-49be-a884-09b80706b010,fdghnsfdgb,491,5,2026-09-02T00:00:00+00:00,2026-09-09T00:00:00+00:00,14,226,251,0,14,ok,0.900398406374502,normal,2.4070021881838075
75c35b01-719b-4d98-b110-e99a0369097a,whyalive999,492,5,2026-09-02T00:00:00+00:00,2026-09-09T00:00:00+00:00,4,77,72,0,4,ok,1.0694444444444444,normal,19.912472647702405
cab2a609-de2f-4023-a9c7-af89d5292c96,D0cC,493,5,2026-09-02T00:00:00+00:00,2026-09-09T00:00:00+00:00,0,0,0,0,0,sem_partidas,,sem_partidas,
c8a2d8f4-c3d9-46dd-b779-e20940697c76,emiii-,494,5,2026-09-02T00:00:00+00:00,2026-09-09T00:00:00+00:00,38,545,587,0,38,ok,0.9284497444633731,normal,3.7199124726477026
3783cdb7-ad5b-4c10-ba0e-ba14df7f8403,-Blam1e,495,5,2026-09-02T00:00:00+00:00,2026-09-09T00:00:00+00:00,12,204,181,0,12,ok,1.12707182320442,normal,33.69803063457331
f60f128f-693b-4be2-8d37-d8bf0ad519ec,faydett,496,5,2026-09-02T00:00:00+00:00,2026-09-09T00:00:00+00:00,18,281,241,0,18,ok,1.16597510373444,normal,45.73304157549234
1bce43de-6944-4533-8402-4631f989c56c,kagiriiii,497,5,2026-09-02T00:00:00+00:00,2026-09-09T00:00:00+00:00,8,183,163,0,8,ok,1.1226993865030674,normal,31.72866520787746
fa49d188-261a-4200-b10d-1c632dfeb87a,solb7,498,5,2026-09-02T00:00:00+00:00,2026-09-09T00:00:00+00:00,12,239,184,0,12,ok,1.298913043478261,normal,73.30415754923413
cc4540db-0be4-43d7-869d-0a10573e8902,PleaseF1xMe,499,5,2026-09-02T00:00:00+00:00,2026-09-09T00:00:00+00:00,5,95,79,0,5,ok,1.2025316455696202,normal,53.17286652078774
b89b63c3-72b3-4f94-ad9f-8f1cede7e874,edgyS,500,5,2026-09-02T00:00:00+00:00,2026-09-09T00:00:00+00:00,42,719,660,0,42,ok,1.0893939393939394,normal,24.288840262582056
e5e8e2a6-d716-4493-b949-e16965f41654,donk666,1,6,2026-09-09T00:00:00+00:00,2026-09-16T00:00:00+00:00,5,131,66,0,5,ok,1.9848484848484849,outlier_positivo,98.92933618843684
33c4e3c7-5428-46f2-bc0f-3fbdce907873,abiraju,2,6,2026-09-09T00:00:00+00:00,2026-09-16T00:00:00+00:00,8,131,105,0,8,ok,1.2476190476190476,normal,64.88222698072805
74df0e6b-5b41-42d7-93b4-05dc78b9a699,dem0nnnnnnnn,3,6,2026-09-09T00:00:00+00:00,2026-09-16T00:00:00+00:00,14,285,211,0,14,ok,1.3507109004739337,normal,79.22912205567452
5c96af4a-20e7-40dc-b91b-551803b6170a,1prince1,4,6,2026-09-09T00:00:00+00:00,2026-09-16T00:00:00+00:00,30,625,425,0,30,ok,1.4705882352941178,normal,88.86509635974305
e5b855bd-3dbc-4928-a216-241d615b431b,nipl,5,6,2026-09-09T00:00:00+00:00,2026-09-16T00:00:00+00:00,37,790,485,0,37,ok,1.6288659793814433,normal,95.71734475374733
34f9fcd0-4f1f-4693-bd96-c2e29df992e5,bluewh1te,6,6,2026-09-09T00:00:00+00:00,2026-09-16T00:00:00+00:00,15,292,219,0,15,ok,1.3333333333333333,normal,77.94432548179871
64000660-f2d2-4c9b-8e29-6ad5ec2b49cf,CEMEN_BAKIN,7,6,2026-09-09T00:00:00+00:00,2026-09-16T00:00:00+00:00,11,281,168,0,11,ok,1.6726190476190477,outlier_positivo,96.35974304068522
463b9403-9b63-4408-a962-d9452385af4d,z1Nny,8,6,2026-09-09T00:00:00+00:00,2026-09-16T00:00:00+00:00,7,145,119,0,7,ok,1.218487394957983,normal,57.81584582441114
be994de3-89c8-4d40-9286-c14035208743,-SYPH0,9,6,2026-09-09T00:00:00+00:00,2026-09-16T00:00:00+00:00,3,43,29,0,3,ok,1.4827586206896552,normal,89.50749464668094
2f5f6b1e-9705-45e8-9065-233680b8f4b8,synyx--,10,6,2026-09-09T00:00:00+00:00,2026-09-16T00:00:00+00:00,4,59,43,0,4,ok,1.372093023255814,normal,81.15631691648822
ae86bf74-eeda-444f-8db4-a4703a74fc95,1769-,11,6,2026-09-09T00:00:00+00:00,2026-09-16T00:00:00+00:00,28,520,410,0,28,ok,1.2682926829268293,normal,68.3083511777302
10b5e974-6308-46ba-8968-0d8b2f5e5c04,U10m3k,12,6,2026-09-09T00:00:00+00:00,2026-09-16T00:00:00+00:00,15,311,201,0,15,ok,1.5472636815920398,normal,93.36188436830835
7034bcab-8503-4615-b216-ba9f05c0ae13,adamb1,13,6,2026-09-09T00:00:00+00:00,2026-09-16T00:00:00+00:00,19,377,308,0,19,ok,1.224025974025974,normal,58.886509635974306
ca1a7e52-32d3-4330-9c4d-c6d91c7e1eca,kumao,14,6,2026-09-09T00:00:00+00:00,2026-09-16T00:00:00+00:00,11,210,172,0,11,ok,1.2209302325581395,normal,58.2441113490364
ba9547a0-c1de-40d7-92be-17dc224c2aec,Ex1st---,15,6,2026-09-09T00:00:00+00:00,2026-09-16T00:00:00+00:00,20,392,327,0,20,ok,1.198776758409786,normal,54.603854389721626
300012ab-d5be-4271-96be-e2ac66a8f4d4,tried,16,6,2026-09-09T00:00:00+00:00,2026-09-16T00:00:00+00:00,36,731,510,0,36,ok,1.4333333333333333,normal,86.29550321199143
b0bf2cc2-198a-4a78-988d-2e7ff7ee6815,Magnojezzz,17,6,2026-09-09T00:00:00+00:00,2026-09-16T00:00:00+00:00,0,0,0,0,0,sem_partidas,,sem_partidas,
a1d1b853-0d85-437f-9e21-2e9dea4976f5,kRaSnaL,18,6,2026-09-09T00:00:00+00:00,2026-09-16T00:00:00+00:00,58,971,902,0,58,ok,1.0764966740576496,normal,25.481798715203425
2ee20933-e330-4879-8eed-0eda12f63b60,Ryujin,19,6,2026-09-09T00:00:00+00:00,2026-09-16T00:00:00+00:00,31,624,473,0,31,ok,1.3192389006342495,normal,75.80299785867237
7cfd2312-1ff0-434c-a4b1-be10b033636f,xKacpersky,20,6,2026-09-09T00:00:00+00:00,2026-09-16T00:00:00+00:00,12,219,169,0,12,ok,1.2958579881656804,normal,72.37687366167023
dfe2650b-74ec-419f-8308-cbedfba7eae5,D9D9VOLODYA,21,6,2026-09-09T00:00:00+00:00,2026-09-16T00:00:00+00:00,48,903,730,0,48,ok,1.236986301369863,normal,61.88436830835118
512e4ffc-1edf-4f6b-819c-8d15498267b1,tronic,22,6,2026-09-09T00:00:00+00:00,2026-09-16T00:00:00+00:00,30,634,411,0,30,ok,1.5425790754257906,normal,93.14775160599572
f0b0bbdb-af3d-4ad2-a509-9d75e472a558,sakha,23,6,2026-09-09T00:00:00+00:00,2026-09-16T00:00:00+00:00,58,974,844,0,58,ok,1.1540284360189574,normal,43.897216274089935
d3b48a63-5d9d-4db7-ab3f-1dc325b0fc34,mazay,24,6,2026-09-09T00:00:00+00:00,2026-09-16T00:00:00+00:00,10,187,131,0,10,ok,1.4274809160305344,normal,85.86723768736617
2ce03e2d-72bd-45d8-872c-dfdefd172e72,nbl-,25,6,2026-09-09T00:00:00+00:00,2026-09-16T00:00:00+00:00,17,340,254,0,17,ok,1.3385826771653544,normal,78.37259100642399
14ade289-8e06-4e85-be76-7ffc51426cae,SquEzxc,26,6,2026-09-09T00:00:00+00:00,2026-09-16T00:00:00+00:00,15,265,199,0,15,ok,1.3316582914572865,normal,77.51605995717344
3b04032f-fa9d-4f8d-9cb5-a2481c51d4bd,Kopol9HEybuT,27,6,2026-09-09T00:00:00+00:00,2026-09-16T00:00:00+00:00,7,145,91,0,7,ok,1.5934065934065933,normal,95.07494646680942
ac784f9e-2975-4e9d-b3bc-f2b4a2e8c83b,trd73,28,6,2026-09-09T00:00:00+00:00,2026-09-16T00:00:00+00:00,13,242,191,0,13,ok,1.2670157068062826,normal,67.6659528907923
ac852ba6-6bcd-48f4-a216-1fbe64aeb6a5,mag1k3Y,29,6,2026-09-09T00:00:00+00:00,2026-09-16T00:00:00+00:00,14,265,191,0,14,ok,1.387434554973822,normal,82.86937901498929
58dabfcf-c6d3-4a31-bb0e-9c95ff9c891b,whyhurt,30,6,2026-09-09T00:00:00+00:00,2026-09-16T00:00:00+00:00,43,878,660,0,43,ok,1.3303030303030303,normal,77.30192719486081
3f31fb51-5179-4d2a-871f-831c46d51e5b,rifler,31,6,2026-09-09T00:00:00+00:00,2026-09-16T00:00:00+00:00,46,855,678,0,46,ok,1.261061946902655,normal,67.02355460385438
821d2f75-a314-48d7-8a90-5d2f152e761a,em0k1d,32,6,2026-09-09T00:00:00+00:00,2026-09-16T00:00:00+00:00,16,263,227,0,16,ok,1.158590308370044,normal,45.396145610278374
8f151c97-d096-40f1-b3ae-3afaaca644bb,hARNgAdd--,33,6,2026-09-09T00:00:00+00:00,2026-09-16T00:00:00+00:00,33,596,469,0,33,ok,1.2707889125799574,normal,68.73661670235546
e942341f-24df-45d9-ac6d-9817cfa6ad0b,frontales,34,6,2026-09-09T00:00:00+00:00,2026-09-16T00:00:00+00:00,12,252,212,0,12,ok,1.1886792452830188,normal,51.605995717344754
09013eac-138e-47ca-a38f-2ba9021c975f,flouzer,35,6,2026-09-09T00:00:00+00:00,2026-09-16T00:00:00+00:00,9,183,130,0,9,ok,1.4076923076923078,normal,83.94004282655246
f7320c44-0f99-4c4c-a56c-f83efb346eb8,fudzhy,36,6,2026-09-09T00:00:00+00:00,2026-09-16T00:00:00+00:00,17,354,244,0,17,ok,1.4508196721311475,normal,88.0085653104925
5f766d86-a43a-463c-8673-b4b3d8889631,tokyoshi,37,6,2026-09-09T00:00:00+00:00,2026-09-16T00:00:00+00:00,20,376,311,0,20,ok,1.2090032154340835,normal,55.88865096359743
89aee03d-1762-4b48-99b9-61ff5827dd3f,KAD1M,38,6,2026-09-09T00:00:00+00:00,2026-09-16T00:00:00+00:00,17,292,268,0,17,ok,1.0895522388059702,normal,29.1220556745182
16535c6a-fbce-4485-b5b8-fab4340b707e,b1st-,39,6,2026-09-09T00:00:00+00:00,2026-09-16T00:00:00+00:00,14,284,196,0,14,ok,1.4489795918367347,normal,87.79443254817987
3ecdb88c-0a97-457f-a130-d0782176f94d,FenomeN--,40,6,2026-09-09T00:00:00+00:00,2026-09-16T00:00:00+00:00,12,201,159,0,12,ok,1.2641509433962264,normal,67.23768736616702
31cf2b21-6afc-4bac-a36f-40cebaa6f862,cartilag,41,6,2026-09-09T00:00:00+00:00,2026-09-16T00:00:00+00:00,10,235,160,0,10,ok,1.46875,normal,88.6509635974304
7c15da7f-39d6-4f8d-b237-ddcc58d0751b,hey666,42,6,2026-09-09T00:00:00+00:00,2026-09-16T00:00:00+00:00,17,334,267,0,17,ok,1.250936329588015,normal,65.31049250535332
4b6a67fe-50fb-462d-9940-568d8ebd3f83,0SAMAS,43,6,2026-09-09T00:00:00+00:00,2026-09-16T00:00:00+00:00,48,922,748,0,48,ok,1.232620320855615,normal,60.81370449678801
18842687-3e2e-45fc-a146-0cc8d4d398e9,ayuki222,44,6,2026-09-09T00:00:00+00:00,2026-09-16T00:00:00+00:00,8,147,118,0,8,ok,1.2457627118644068,normal,63.811563169164884
e1c59162-b1e7-48c6-9831-eff3170045af,Tri-Borgg1,45,6,2026-09-09T00:00:00+00:00,2026-09-16T00:00:00+00:00,51,915,845,0,51,ok,1.0828402366863905,normal,26.552462526766597
24f68939-d90a-4e47-8e43-7e5137c86f48,stressarN,46,6,2026-09-09T00:00:00+00:00,2026-09-16T00:00:00+00:00,0,0,0,0,0,sem_partidas,,sem_partidas,
bf4c5d97-d8c0-4d0f-bdf3-26066898a7b9,777thienlao,47,6,2026-09-09T00:00:00+00:00,2026-09-16T00:00:00+00:00,60,1107,931,0,60,ok,1.1890440386680987,normal,51.82012847965739
4df4d439-0a99-470c-9c36-83b9405a2640,Pump-,48,6,2026-09-09T00:00:00+00:00,2026-09-16T00:00:00+00:00,8,134,113,0,8,ok,1.1858407079646018,normal,50.74946466809421
2d2af39e-de80-4670-91da-3a5f7c4a6d32,alkarenn56,49,6,2026-09-09T00:00:00+00:00,2026-09-16T00:00:00+00:00,10,243,179,0,10,ok,1.3575418994413408,normal,79.87152034261243
898780b2-bf70-4c28-8e0d-b9600be8397e,zweih1221,50,6,2026-09-09T00:00:00+00:00,2026-09-16T00:00:00+00:00,7,121,80,0,7,ok,1.5125,normal,91.43468950749465
009623b1-dd6e-4551-959e-990a21657f93,Mzinho,51,6,2026-09-09T00:00:00+00:00,2026-09-16T00:00:00+00:00,13,229,211,0,13,ok,1.085308056872038,normal,27.194860813704498
ee98a960-c028-4fc6-a62f-af6244e6226e,SiKO-_,52,6,2026-09-09T00:00:00+00:00,2026-09-16T00:00:00+00:00,47,747,722,0,47,ok,1.0346260387811634,normal,18.201284796573873
a280ed8a-3e2b-4305-8e71-fb4c9cc7fa98,kl1m--,53,6,2026-09-09T00:00:00+00:00,2026-09-16T00:00:00+00:00,15,286,219,0,15,ok,1.3059360730593608,normal,73.44753747323341
d9e2a538-9722-4d1c-9925-958f849de1ea,NertZ,54,6,2026-09-09T00:00:00+00:00,2026-09-16T00:00:00+00:00,4,79,82,0,4,ok,0.9634146341463414,normal,9.207708779443255
553eaffc-58b4-4534-8310-cc19b37f72de,lattykk,55,6,2026-09-09T00:00:00+00:00,2026-09-16T00:00:00+00:00,3,66,35,0,3,ok,1.8857142857142857,outlier_positivo,98.50107066381156
c5c1fd40-16a4-4a4f-81ff-b21839a9353b,-FpSSSSSSSSS,56,6,2026-09-09T00:00:00+00:00,2026-09-16T00:00:00+00:00,31,602,507,0,31,ok,1.1873767258382644,normal,51.17773019271949
840ac5b1-cf1e-4e54-aa54-fbb11bffd146,Kingway0,57,6,2026-09-09T00:00:00+00:00,2026-09-16T00:00:00+00:00,27,468,393,0,27,ok,1.1908396946564885,normal,52.890792291220556
dbba8660-90d5-432e-8eda-5e766ae13d23,top1sacer,58,6,2026-09-09T00:00:00+00:00,2026-09-16T00:00:00+00:00,53,890,833,0,53,ok,1.0684273709483794,normal,23.768736616702355
2864bdaf-21ab-4757-bab6-3262bec18ec5,ooh,59,6,2026-09-09T00:00:00+00:00,2026-09-16T00:00:00+00:00,26,554,391,0,26,ok,1.4168797953964194,normal,84.58244111349036
b9124784-0b46-4279-b95a-9e6c0a3701c6,rokilan,60,6,2026-09-09T00:00:00+00:00,2026-09-16T00:00:00+00:00,24,426,373,0,24,ok,1.1420911528150135,normal,41.32762312633833
d5f8380b-673c-4d53-8bbb-d537131ae2cf,Keksimage,61,6,2026-09-09T00:00:00+00:00,2026-09-16T00:00:00+00:00,24,429,349,0,24,ok,1.2292263610315186,normal,60.17130620985011
7657e31e-7356-4b24-9930-140c13afda49,Donii,62,6,2026-09-09T00:00:00+00:00,2026-09-16T00:00:00+00:00,24,521,378,0,24,ok,1.3783068783068784,normal,81.79871520342613
86ff5145-8f7f-49f2-b971-c9945f696e71,rendysky,63,6,2026-09-09T00:00:00+00:00,2026-09-16T00:00:00+00:00,2,38,29,0,2,ok,1.3103448275862069,normal,74.7323340471092
39bcd70b-01c9-439a-b1ef-029c92ec42ce,M1key-,64,6,2026-09-09T00:00:00+00:00,2026-09-16T00:00:00+00:00,16,315,223,0,16,ok,1.4125560538116593,normal,84.1541755888651
b3df676a-ce32-4229-8144-9329bb7a247b,dement3r-,65,6,2026-09-09T00:00:00+00:00,2026-09-16T00:00:00+00:00,5,84,66,0,5,ok,1.2727272727272727,normal,69.37901498929337
0372e659-5677-4481-aff7-496d2596e5cf,m3wsu,66,6,2026-09-09T00:00:00+00:00,2026-09-16T00:00:00+00:00,22,431,326,0,22,ok,1.322085889570552,normal,76.44539614561027
e767b78c-8a2d-4bee-b65c-766dd8bab560,gooddeph-7-,67,6,2026-09-09T00:00:00+00:00,2026-09-16T00:00:00+00:00,9,159,151,0,9,ok,1.0529801324503312,normal,20.985010706638114
c93012d6-5e6e-4b84-b39f-b7d4cadfa75c,OGbrigada77,68,6,2026-09-09T00:00:00+00:00,2026-09-16T00:00:00+00:00,17,295,208,0,17,ok,1.4182692307692308,normal,85.01070663811564
b5ecf6b6-0ad9-4976-9f6a-92470ea1c92d,FAZERY,69,6,2026-09-09T00:00:00+00:00,2026-09-16T00:00:00+00:00,9,183,121,0,9,ok,1.512396694214876,normal,91.22055674518201
4513b098-01b1-4bb5-aa89-8bfaa5ad92d1,k0gaSs,70,6,2026-09-09T00:00:00+00:00,2026-09-16T00:00:00+00:00,14,235,239,0,14,ok,0.9832635983263598,normal,12.419700214132762
75d9c4f8-7cef-4f19-9dd5-500ef0a5b9f0,thecursed-,71,6,2026-09-09T00:00:00+00:00,2026-09-16T00:00:00+00:00,33,640,526,0,33,ok,1.2167300380228137,normal,57.17344753747323
e64f169f-cf2f-47f1-aa84-0b04a9566c53,sqw--,72,6,2026-09-09T00:00:00+00:00,2026-09-16T00:00:00+00:00,12,201,199,0,12,ok,1.0100502512562815,normal,15.417558886509635
c11367d0-bbdd-4398-9a32-858ac23bf950,Maarkoos,73,6,2026-09-09T00:00:00+00:00,2026-09-16T00:00:00+00:00,38,693,583,0,38,ok,1.1886792452830188,normal,51.605995717344754
f2dea182-d1b6-42eb-a95c-909604817c12,idifuxa,74,6,2026-09-09T00:00:00+00:00,2026-09-16T00:00:00+00:00,9,181,130,0,9,ok,1.3923076923076922,normal,83.08351177730194
10735fa0-ab32-4b53-9725-f2f6ce9090de,youka,75,6,2026-09-09T00:00:00+00:00,2026-09-16T00:00:00+00:00,8,141,84,0,8,ok,1.6785714285714286,outlier_positivo,97.00214132762312
b3eca94a-e203-49b3-beeb-d994f6a4df63,--Mokuj1n,76,6,2026-09-09T00:00:00+00:00,2026-09-16T00:00:00+00:00,19,363,286,0,19,ok,1.2692307692307692,normal,68.52248394004282
3ae0a945-fef4-4738-b6b9-7b3b5db7f249,PR--,77,6,2026-09-09T00:00:00+00:00,2026-09-16T00:00:00+00:00,8,175,147,0,8,ok,1.1904761904761905,normal,52.67665952890792
e8d95f8f-ecb3-4bd2-9dd0-28da03c253f0,brutmonster,78,6,2026-09-09T00:00:00+00:00,2026-09-16T00:00:00+00:00,12,204,171,0,12,ok,1.1929824561403508,normal,53.747323340471084
560a0af8-5fcd-46fb-ace8-7a89ce987b27,dezl3bio,79,6,2026-09-09T00:00:00+00:00,2026-09-16T00:00:00+00:00,8,153,147,0,8,ok,1.0408163265306123,normal,18.843683083511777
93306681-bce6-4369-8c41-e0bdba2597ed,m0NESY,80,6,2026-09-09T00:00:00+00:00,2026-09-16T00:00:00+00:00,1,21,17,0,1,ok,1.2352941176470589,normal,61.67023554603854
cb38b461-9ead-4683-9406-237263c331db,slaxejezzz,81,6,2026-09-09T00:00:00+00:00,2026-09-16T00:00:00+00:00,2,45,29,0,2,ok,1.5517241379310345,normal,93.79014989293361
f45986f7-7618-485e-a9ff-ee3e629589cc,MaSvAl,82,6,2026-09-09T00:00:00+00:00,2026-09-16T00:00:00+00:00,6,90,89,0,6,ok,1.0112359550561798,normal,15.845824411134904
860eb93d-a963-418c-9e2c-69d39f270eb3,Krabeni,83,6,2026-09-09T00:00:00+00:00,2026-09-16T00:00:00+00:00,27,534,452,0,27,ok,1.1814159292035398,normal,50.32119914346895
657680fd-36af-4fa3-a506-8e1f6e64a1ff,kensizor,84,6,2026-09-09T00:00:00+00:00,2026-09-16T00:00:00+00:00,15,412,252,0,15,ok,1.6349206349206349,normal,95.93147751605996
00beb86f-d29e-4f4f-ad7c-580d9b1434b4,es0r7,85,6,2026-09-09T00:00:00+00:00,2026-09-16T00:00:00+00:00,7,97,114,0,7,ok,0.8508771929824561,normal,2.141327623126338
70afdb5a-9362-4aa9-bfcd-2e10e6447293,heavensent,86,6,2026-09-09T00:00:00+00:00,2026-09-16T00:00:00+00:00,1,34,26,0,1,ok,1.3076923076923077,normal,73.87580299785867
1a4ed498-cee4-44e7-8fee-ce1ecba7647c,executor,87,6,2026-09-09T00:00:00+00:00,2026-09-16T00:00:00+00:00,23,470,315,0,23,ok,1.492063492063492,normal,90.14989293361884
ff5a0714-0b89-4646-a6b3-34fc571913ff,Dyshbert,88,6,2026-09-09T00:00:00+00:00,2026-09-16T00:00:00+00:00,24,426,371,0,24,ok,1.1482479784366577,normal,42.82655246252677
f2ed130e-93c9-46c9-8f93-377b18a43007,m4tthiXD,89,6,2026-09-09T00:00:00+00:00,2026-09-16T00:00:00+00:00,20,317,266,0,20,ok,1.1917293233082706,normal,53.319057815845824
f2fe1b0a-5106-4943-a66e-61e9dad480e4,shen,90,6,2026-09-09T00:00:00+00:00,2026-09-16T00:00:00+00:00,13,237,155,0,13,ok,1.5290322580645161,normal,92.50535331905782
2d746c13-16de-48bf-a8a2-b7a0341aa66d,day0sTV,91,6,2026-09-09T00:00:00+00:00,2026-09-16T00:00:00+00:00,48,891,751,0,48,ok,1.1864181091877497,normal,50.96359743040685
9ba15dee-7a51-4524-a502-5161dbf1a604,Kiryasoo,92,6,2026-09-09T00:00:00+00:00,2026-09-16T00:00:00+00:00,35,857,573,0,35,ok,1.4956369982547992,normal,90.36402569593149
981a95bd-ff59-4ead-80ca-55cd3a3034ba,bl1x1,93,6,2026-09-09T00:00:00+00:00,2026-09-16T00:00:00+00:00,24,386,332,0,24,ok,1.1626506024096386,normal,46.03854389721627
07a67e4b-d42c-4352-802c-56f3d8a0c357,skept1K,94,6,2026-09-09T00:00:00+00:00,2026-09-16T00:00:00+00:00,9,182,115,0,9,ok,1.5826086956521739,normal,94.64668094218416
fb1af1d5-eee3-46e3-9939-01df9420b9d6,xelex,95,6,2026-09-09T00:00:00+00:00,2026-09-16T00:00:00+00:00,7,153,106,0,7,ok,1.4433962264150944,normal,87.15203426124198
f021a295-77ea-4eb4-a86d-f5de0fbae819,-k9ppy,96,6,2026-09-09T00:00:00+00:00,2026-09-16T00:00:00+00:00,38,654,569,0,38,ok,1.149384885764499,normal,43.25481798715203
3debc071-8e59-4823-86ab-ed3996ecc200,aMPYLS0N,97,6,2026-09-09T00:00:00+00:00,2026-09-16T00:00:00+00:00,43,725,677,0,43,ok,1.0709010339734122,normal,23.98286937901499
7dbf107a-1199-4932-823e-e38ccc46288e,MaiL09,98,6,2026-09-09T00:00:00+00:00,2026-09-16T00:00:00+00:00,18,319,215,0,18,ok,1.4837209302325582,normal,89.72162740899357
bd0c2058-84d7-42a7-9e52-d42caa1bcc47,Djon8,99,6,2026-09-09T00:00:00+00:00,2026-09-16T00:00:00+00:00,9,152,135,0,9,ok,1.125925925925926,normal,37.901498929336185
72e06938-b0cd-43d3-90d7-7db513dcfa0f,la3euka,100,6,2026-09-09T00:00:00+00:00,2026-09-16T00:00:00+00:00,26,420,339,0,26,ok,1.238938053097345,normal,62.526766595289075
9fd59dc3-fcff-4a13-a40b-52fe7391020b,headmashin1e,101,6,2026-09-09T00:00:00+00:00,2026-09-16T00:00:00+00:00,5,84,59,0,5,ok,1.423728813559322,normal,85.65310492505354
df7166cf-725c-4438-94a8-069e6df31a56,adex_-,102,6,2026-09-09T00:00:00+00:00,2026-09-16T00:00:00+00:00,21,376,290,0,21,ok,1.296551724137931,normal,72.80513918629549
ad239f19-d904-4771-8e6b-5a6c071bb94c,tO0RO,103,6,2026-09-09T00:00:00+00:00,2026-09-16T00:00:00+00:00,8,106,106,0,8,ok,1.0,normal,14.346895074946467
b16878a2-01c6-4d99-8a2e-7a9bc32a83a5,t3ns1on,104,6,2026-09-09T00:00:00+00:00,2026-09-16T00:00:00+00:00,4,96,41,0,4,ok,2.341463414634146,outlier_positivo,99.57173447537473
d649f36b-8ea1-4f0b-b326-a631f8508938,-Kunai,105,6,2026-09-09T00:00:00+00:00,2026-09-16T00:00:00+00:00,4,62,70,0,4,ok,0.8857142857142857,normal,3.640256959314775
dca638b9-fd2d-40eb-b7c6-c853242618d0,iRV1NG,106,6,2026-09-09T00:00:00+00:00,2026-09-16T00:00:00+00:00,1,23,16,0,1,ok,1.4375,normal,86.7237687366167
d413e287-2af5-49cc-a95c-8825702fa233,seximanjak,107,6,2026-09-09T00:00:00+00:00,2026-09-16T00:00:00+00:00,32,532,528,0,32,ok,1.0075757575757576,normal,14.989293361884368
1e01229f-b0d8-4cb1-82f0-6fd7dc362990,Qlocuu,108,6,2026-09-09T00:00:00+00:00,2026-09-16T00:00:00+00:00,13,212,140,0,13,ok,1.5142857142857142,normal,91.64882226980728
e8efe2d2-a8a7-428f-87b3-d2b3c29e0e5f,Anlelele,109,6,2026-09-09T00:00:00+00:00,2026-09-16T00:00:00+00:00,13,250,200,0,13,ok,1.25,normal,65.0963597430407
5ef454c3-1ff3-4a9d-a2df-097cbcb911a3,ayanokojii,110,6,2026-09-09T00:00:00+00:00,2026-09-16T00:00:00+00:00,30,532,412,0,30,ok,1.2912621359223302,normal,71.73447537473233
329c6a46-4acf-404a-8a29-fd391e6a88de,-kRyTouS,111,6,2026-09-09T00:00:00+00:00,2026-09-16T00:00:00+00:00,24,393,348,0,24,ok,1.1293103448275863,normal,39.186295503211994
2f96ef6e-c6f9-4c55-bee9-c49798801fd4,puuha,112,6,2026-09-09T00:00:00+00:00,2026-09-16T00:00:00+00:00,19,313,284,0,19,ok,1.102112676056338,normal,31.905781584582442
085e0f56-1417-48df-b9f8-2279c8756854,musordrop853,113,6,2026-09-09T00:00:00+00:00,2026-09-16T00:00:00+00:00,24,464,411,0,24,ok,1.1289537712895377,normal,38.97216274089936
dcc5bb48-c74c-413e-9773-20d3294dcbb0,MoDo,114,6,2026-09-09T00:00:00+00:00,2026-09-16T00:00:00+00:00,7,191,75,0,7,ok,2.546666666666667,outlier_positivo,100.0
c84f9dbb-69e3-4d31-a283-21516bfe9a3d,Cliqq,115,6,2026-09-09T00:00:00+00:00,2026-09-16T00:00:00+00:00,58,956,863,0,58,ok,1.1077636152954808,normal,33.61884368308351
559a164d-93d6-4197-a902-f9cd92ee65ff,ketsuo,116,6,2026-09-09T00:00:00+00:00,2026-09-16T00:00:00+00:00,15,243,206,0,15,ok,1.1796116504854368,normal,49.892933618843685
7ea66ae5-c99f-4846-8fc2-cd6e03a5559f,kurosa,117,6,2026-09-09T00:00:00+00:00,2026-09-16T00:00:00+00:00,25,550,392,0,25,ok,1.403061224489796,normal,83.72591006423983
b6daa950-11e5-4f51-b58e-b4e01e112500,sirah,118,6,2026-09-09T00:00:00+00:00,2026-09-16T00:00:00+00:00,4,77,62,0,4,ok,1.2419354838709677,normal,63.16916488222698
64696280-3883-4ef0-ad27-4b5748dd0985,ICY--,119,6,2026-09-09T00:00:00+00:00,2026-09-16T00:00:00+00:00,17,314,235,0,17,ok,1.3361702127659574,normal,78.15845824411134
55c8eb63-6051-4e71-a95a-711a47b5cef0,Beccie,120,6,2026-09-09T00:00:00+00:00,2026-09-16T00:00:00+00:00,21,422,319,0,21,ok,1.322884012539185,normal,76.65952890792292
60aa5adc-ce7d-488c-a52b-20d69663177f,bleedmagneto,121,6,2026-09-09T00:00:00+00:00,2026-09-16T00:00:00+00:00,23,468,361,0,23,ok,1.296398891966759,normal,72.59100642398288
74f9240e-fe24-4aac-aa37-53b2b5e804d8,-Staehr-,122,6,2026-09-09T00:00:00+00:00,2026-09-16T00:00:00+00:00,8,152,131,0,8,ok,1.1603053435114503,normal,45.610278372591004
21046047-4026-4689-8f01-dc5d6588f120,halfjix,123,6,2026-09-09T00:00:00+00:00,2026-09-16T00:00:00+00:00,39,735,655,0,39,ok,1.1221374045801527,normal,36.83083511777302
39056d07-cdc5-4613-906d-e900a1f781a2,-xTRAVIS,124,6,2026-09-09T00:00:00+00:00,2026-09-16T00:00:00+00:00,27,512,382,0,27,ok,1.3403141361256545,normal,78.58672376873662
790ce1ad-38e3-4a45-b44a-5d33658102e6,qw1nk1,125,6,2026-09-09T00:00:00+00:00,2026-09-16T00:00:00+00:00,0,0,0,0,0,sem_partidas,,sem_partidas,
cd6867e2-cc11-4456-a649-ca87609f56eb,bodygu4rdd,126,6,2026-09-09T00:00:00+00:00,2026-09-16T00:00:00+00:00,18,335,272,0,18,ok,1.2316176470588236,normal,60.599571734475376
4d6756dc-387a-499c-89ad-d7bc558c4c95,bobeksde,127,6,2026-09-09T00:00:00+00:00,2026-09-16T00:00:00+00:00,14,257,198,0,14,ok,1.297979797979798,normal,73.23340471092077
414273a0-38f0-4680-9f85-204aa8649c3a,premtroll,128,6,2026-09-09T00:00:00+00:00,2026-09-16T00:00:00+00:00,14,253,178,0,14,ok,1.4213483146067416,normal,85.22483940042827
3f6dc8a5-1881-4955-b78c-573f57f3646f,h21f,129,6,2026-09-09T00:00:00+00:00,2026-09-16T00:00:00+00:00,17,313,266,0,17,ok,1.1766917293233083,normal,48.82226980728051
3af5d1af-75db-4cc2-aa8b-76b1f1b76af8,xEternaLxx,130,6,2026-09-09T00:00:00+00:00,2026-09-16T00:00:00+00:00,12,238,200,0,12,ok,1.19,normal,52.24839400428265
c71b99ef-1147-4529-b0df-ebe1d743c04b,amaterasu27,131,6,2026-09-09T00:00:00+00:00,2026-09-16T00:00:00+00:00,20,475,254,0,20,ok,1.8700787401574803,outlier_positivo,98.28693790149893
4af7ce32-5534-4bca-9a8e-1d3b3ecb9585,Netrix,132,6,2026-09-09T00:00:00+00:00,2026-09-16T00:00:00+00:00,23,408,385,0,23,ok,1.0597402597402596,normal,22.483940042826553
74331d2e-c318-43aa-9b4d-106b209412ac,91914,133,6,2026-09-09T00:00:00+00:00,2026-09-16T00:00:00+00:00,16,317,262,0,16,ok,1.2099236641221374,normal,56.3169164882227
f67e6116-a332-4414-be60-fb4cc06da41c,11chigiri,134,6,2026-09-09T00:00:00+00:00,2026-09-16T00:00:00+00:00,33,624,511,0,33,ok,1.2211350293542074,normal,58.45824411134903
ab74ab79-36ce-4c44-a09d-453006dcf9e1,awks,135,6,2026-09-09T00:00:00+00:00,2026-09-16T00:00:00+00:00,54,891,801,0,54,ok,1.1123595505617978,normal,34.68950749464668
0c938952-475b-4689-ad04-60100e76ef81,r1pa4-,136,6,2026-09-09T00:00:00+00:00,2026-09-16T00:00:00+00:00,22,449,342,0,22,ok,1.3128654970760234,normal,75.16059957173448
be2af9a3-ef6d-428c-b8f4-6921d6275638,wetfy,137,6,2026-09-09T00:00:00+00:00,2026-09-16T00:00:00+00:00,9,156,121,0,9,ok,1.2892561983471074,normal,71.09207708779444
826a8c4b-9b0f-403e-8bc8-11295ff894ff,28ddeiv,138,6,2026-09-09T00:00:00+00:00,2026-09-16T00:00:00+00:00,1,34,14,0,1,ok,2.4285714285714284,outlier_positivo,99.78586723768737
33268a14-c768-41f4-819e-cec913a99b82,seberya,139,6,2026-09-09T00:00:00+00:00,2026-09-16T00:00:00+00:00,2,34,31,0,2,ok,1.096774193548387,normal,30.83511777301927
36f96e7b-6bf3-48b1-8f1a-cd35aee83702,sSen,140,6,2026-09-09T00:00:00+00:00,2026-09-16T00:00:00+00:00,3,63,39,0,3,ok,1.6153846153846154,normal,95.50321199143468
d9168434-7466-43ed-9a8c-f883d953d77d,SnexLy,141,6,2026-09-09T00:00:00+00:00,2026-09-16T00:00:00+00:00,11,202,148,0,11,ok,1.364864864864865,normal,80.51391862955032
ee99d9a7-d14b-4642-9731-0890b63be81e,1suzu,142,6,2026-09-09T00:00:00+00:00,2026-09-16T00:00:00+00:00,5,96,88,0,5,ok,1.0909090909090908,normal,29.550321199143468
bae31a43-7767-4d7a-be80-429992f78ec0,cronuss,143,6,2026-09-09T00:00:00+00:00,2026-09-16T00:00:00+00:00,29,593,465,0,29,ok,1.2752688172043012,normal,69.593147751606
e326eb2d-4e3e-4ebe-a34d-4a07def33893,adamS,144,6,2026-09-09T00:00:00+00:00,2026-09-16T00:00:00+00:00,9,192,132,0,9,ok,1.4545454545454546,normal,88.22269807280514
f858b6d9-5717-4335-8d4d-166a9fc305bc,Mride,145,6,2026-09-09T00:00:00+00:00,2026-09-16T00:00:00+00:00,32,490,490,0,32,ok,1.0,normal,14.346895074946467
591e26a3-eb86-4d4c-afa8-b5754455dc03,w0nderful,146,6,2026-09-09T00:00:00+00:00,2026-09-16T00:00:00+00:00,18,362,229,0,18,ok,1.5807860262008733,normal,94.43254817987152
b0f7ff0c-5051-4826-9dd4-b7e0219de821,fakerealityy,147,6,2026-09-09T00:00:00+00:00,2026-09-16T00:00:00+00:00,25,441,342,0,25,ok,1.2894736842105263,normal,71.30620985010707
7a51f50f-6fdd-4fe8-9c30-455cd3b8d694,yasxozhysyma,148,6,2026-09-09T00:00:00+00:00,2026-09-16T00:00:00+00:00,30,608,401,0,30,ok,1.5162094763092269,normal,92.07708779443254
5ffc6439-29f3-47a6-aebb-f73ef591827c,soerrr,149,6,2026-09-09T00:00:00+00:00,2026-09-16T00:00:00+00:00,19,286,285,0,19,ok,1.0035087719298246,normal,14.5610278372591
4c3a4a59-0cdb-4477-b90b-1109a1d0cf13,BOROS,150,6,2026-09-09T00:00:00+00:00,2026-09-16T00:00:00+00:00,41,877,669,0,41,ok,1.3109118086696563,normal,74.94646680942184
df5ba290-c6a6-4481-8e9e-d16ceb4dbc6b,KaiR0N-993,151,6,2026-09-09T00:00:00+00:00,2026-09-16T00:00:00+00:00,2,31,31,0,2,ok,1.0,normal,14.346895074946467
793ea9e5-fef6-4571-9b30-7c5d9f323215,darui,152,6,2026-09-09T00:00:00+00:00,2026-09-16T00:00:00+00:00,23,432,389,0,23,ok,1.1105398457583548,normal,34.475374732334046
a99dd5a7-45a6-4019-8bc6-0f30fd554ef5,aidKiT,153,6,2026-09-09T00:00:00+00:00,2026-09-16T00:00:00+00:00,8,134,110,0,8,ok,1.2181818181818183,normal,57.601713062098504
0965c421-4957-4e48-86e2-2c3966abae3f,cairne-,154,6,2026-09-09T00:00:00+00:00,2026-09-16T00:00:00+00:00,20,403,299,0,20,ok,1.3478260869565217,normal,78.80085653104925
4cabcf3b-8baa-4c71-a1d3-cf98d581e971,Toshiikk,155,6,2026-09-09T00:00:00+00:00,2026-09-16T00:00:00+00:00,40,642,572,0,40,ok,1.1223776223776223,normal,37.04496788008566
cb0cc456-8ae0-438f-bf8b-4e000e4e0476,s4rsen-,156,6,2026-09-09T00:00:00+00:00,2026-09-16T00:00:00+00:00,37,652,548,0,37,ok,1.1897810218978102,normal,52.03426124197003
24636d00-25cc-4ab7-9cbd-67c633c08d0c,topo-,157,6,2026-09-09T00:00:00+00:00,2026-09-16T00:00:00+00:00,0,0,0,0,0,sem_partidas,,sem_partidas,
d15e9f85-12c3-4ad9-a174-6d0248d6393d,Nosik,158,6,2026-09-09T00:00:00+00:00,2026-09-16T00:00:00+00:00,6,88,93,0,6,ok,0.946236559139785,normal,7.922912205567452
c41561a6-a5f4-459c-8a5c-bde5f8eac911,Muk0s,159,6,2026-09-09T00:00:00+00:00,2026-09-16T00:00:00+00:00,8,103,130,0,8,ok,0.7923076923076923,normal,1.070663811563169
8b3dcf0e-1a09-409e-b4a9-51002dc2079f,WaSdyy,160,6,2026-09-09T00:00:00+00:00,2026-09-16T00:00:00+00:00,38,649,572,0,38,ok,1.1346153846153846,normal,40.04282655246253
d700efb0-363a-468d-88cd-f22c3567bcd6,rose88,161,6,2026-09-09T00:00:00+00:00,2026-09-16T00:00:00+00:00,32,547,479,0,32,ok,1.1419624217118998,normal,41.113490364025694
67345c91-57b6-42dc-b49c-330b091da3a6,chronic111,162,6,2026-09-09T00:00:00+00:00,2026-09-16T00:00:00+00:00,36,670,557,0,36,ok,1.2028725314183124,normal,55.0321199143469
08eb0b0f-b360-4b61-94ad-c949afd665ea,Krimbo,163,6,2026-09-09T00:00:00+00:00,2026-09-16T00:00:00+00:00,2,45,30,0,2,ok,1.5,normal,90.79229122055675
ae6f1503-1de9-4b9b-9a29-f1b9de916870,jabbi,164,6,2026-09-09T00:00:00+00:00,2026-09-16T00:00:00+00:00,3,48,42,0,3,ok,1.1428571428571428,normal,41.7558886509636
43857419-1f5a-4b9d-aba7-011092133de3,KENNY-_,165,6,2026-09-09T00:00:00+00:00,2026-09-16T00:00:00+00:00,29,467,426,0,29,ok,1.096244131455399,normal,30.406852248394006
5e18dd12-2e40-48c4-a66f-886108f095ed,HeavyGod,166,6,2026-09-09T00:00:00+00:00,2026-09-16T00:00:00+00:00,0,0,0,0,0,sem_partidas,,sem_partidas,
4c27b599-0a56-4f3e-80cb-6ef83b6df2cf,Slaxx-,167,6,2026-09-09T00:00:00+00:00,2026-09-16T00:00:00+00:00,8,123,113,0,8,ok,1.0884955752212389,normal,28.26552462526767
f3fef601-52ca-4bd2-8ec6-9e9f532a6c6b,nikusharain,168,6,2026-09-09T00:00:00+00:00,2026-09-16T00:00:00+00:00,61,1128,878,0,61,ok,1.284738041002278,normal,70.44967880085653
c519d8f3-0c93-4476-af3e-38395ee7c297,teses,169,6,2026-09-09T00:00:00+00:00,2026-09-16T00:00:00+00:00,14,254,185,0,14,ok,1.372972972972973,normal,81.37044967880087
a699663a-e65d-4c93-9a92-fd5a91955cc4,cadnyx,170,6,2026-09-09T00:00:00+00:00,2026-09-16T00:00:00+00:00,13,221,200,0,13,ok,1.105,normal,32.54817987152035
078ff0df-ebb9-4352-b7ee-dc2044dd676f,-finW,171,6,2026-09-09T00:00:00+00:00,2026-09-16T00:00:00+00:00,3,57,34,0,3,ok,1.6764705882352942,outlier_positivo,96.78800856531049
84f4489d-e23e-4a8a-b3c5-dccf57610195,-rim3,172,6,2026-09-09T00:00:00+00:00,2026-09-16T00:00:00+00:00,14,284,178,0,14,ok,1.595505617977528,normal,95.28907922912205
6dc1d190-e2e0-4762-9fbe-5f3d40ea1522,Br4tkO,173,6,2026-09-09T00:00:00+00:00,2026-09-16T00:00:00+00:00,17,289,248,0,17,ok,1.1653225806451613,normal,46.895074946466806
b030ed65-9170-4668-9bfa-ac6c2e53954c,St0m4k,174,6,2026-09-09T00:00:00+00:00,2026-09-16T00:00:00+00:00,8,156,109,0,8,ok,1.4311926605504588,normal,86.0813704496788
36577e6e-2c58-4812-bc6a-6b110ce00e56,nesh66,175,6,2026-09-09T00:00:00+00:00,2026-09-16T00:00:00+00:00,73,1326,1196,0,73,ok,1.108695652173913,normal,33.83297644539615
bc74e768-9ee4-4472-bb10-6280b47fb94b,mak1se,176,6,2026-09-09T00:00:00+00:00,2026-09-16T00:00:00+00:00,4,63,49,0,4,ok,1.2857142857142858,normal,70.8779443254818
d5fa1a5b-9fde-4996-bd1e-bab0aa9bb0d2,ryu777,177,6,2026-09-09T00:00:00+00:00,2026-09-16T00:00:00+00:00,12,217,160,0,12,ok,1.35625,normal,79.65738758029978
8d345deb-661c-4286-b663-96679d9bcda7,DEBABA,178,6,2026-09-09T00:00:00+00:00,2026-09-16T00:00:00+00:00,18,260,277,0,18,ok,0.9386281588447654,normal,6.852248394004283
41867c48-0982-4608-af44-d9749c2b5b6a,MoNaTy,179,6,2026-09-09T00:00:00+00:00,2026-09-16T00:00:00+00:00,14,240,195,0,14,ok,1.2307692307692308,normal,60.38543897216274
1e1d8f20-c572-4e53-bf37-4590a5512687,--DeDe,180,6,2026-09-09T00:00:00+00:00,2026-09-16T00:00:00+00:00,30,554,491,0,30,ok,1.1283095723014256,normal,38.54389721627409
2e65b3ea-fdb0-466c-9aca-89e170c67b61,depact,181,6,2026-09-09T00:00:00+00:00,2026-09-16T00:00:00+00:00,19,303,298,0,19,ok,1.016778523489933,normal,16.916488222698074
ab2bf7fd-7997-4a7a-9c94-6b7d52ffd200,yxngstxr,182,6,2026-09-09T00:00:00+00:00,2026-09-16T00:00:00+00:00,19,321,314,0,19,ok,1.0222929936305734,normal,17.130620985010705
5be133c1-38b6-4dde-9107-b64c7458452e,notineki,183,6,2026-09-09T00:00:00+00:00,2026-09-16T00:00:00+00:00,32,553,470,0,32,ok,1.176595744680851,normal,48.60813704496788
a258abc5-326b-4824-a9ad-b3fa2855b712,kalymbs1,184,6,2026-09-09T00:00:00+00:00,2026-09-16T00:00:00+00:00,18,331,267,0,18,ok,1.2397003745318351,normal,62.95503211991434
02b26fe9-49d1-47e7-afa0-1b5c562ca4e2,KatzRead,185,6,2026-09-09T00:00:00+00:00,2026-09-16T00:00:00+00:00,36,542,500,0,36,ok,1.084,normal,26.98072805139186
194afbb1-cb96-4fc8-8bd6-5f932b3fcfa3,susp,186,6,2026-09-09T00:00:00+00:00,2026-09-16T00:00:00+00:00,7,141,121,0,7,ok,1.165289256198347,normal,46.680942184154176
95adb33f-5e6f-4c6d-be25-f2e8b1d9c628,Amarogo,187,6,2026-09-09T00:00:00+00:00,2026-09-16T00:00:00+00:00,0,0,0,0,0,sem_partidas,,sem_partidas,
32c49d7e-20fc-4fb5-a54a-c99f90262311,emiIio-,188,6,2026-09-09T00:00:00+00:00,2026-09-16T00:00:00+00:00,35,575,536,0,35,ok,1.0727611940298507,normal,24.839400428265524
2060bf4b-cf44-41ad-92ca-2492bc95f88d,2016wasfun,189,6,2026-09-09T00:00:00+00:00,2026-09-16T00:00:00+00:00,23,379,375,0,23,ok,1.0106666666666666,normal,15.631691648822269
504ca567-8911-45dd-a680-a617dff2c00c,swetsi_1win,190,6,2026-09-09T00:00:00+00:00,2026-09-16T00:00:00+00:00,6,104,105,0,6,ok,0.9904761904761905,normal,12.633832976445397
b27101a3-c6e1-44c8-b83d-19dab54cb7ac,sl3nd-,191,6,2026-09-09T00:00:00+00:00,2026-09-16T00:00:00+00:00,17,292,282,0,17,ok,1.0354609929078014,normal,18.41541755888651
472386e2-8e2b-43ab-bd00-5ea49d71d33b,7MusorDrop67,192,6,2026-09-09T00:00:00+00:00,2026-09-16T00:00:00+00:00,9,161,174,0,9,ok,0.9252873563218391,normal,5.353319057815846
931f1364-a519-43c6-ab02-a73e8416481a,Saax_,193,6,2026-09-09T00:00:00+00:00,2026-09-16T00:00:00+00:00,40,696,579,0,40,ok,1.2020725388601037,normal,54.81798715203426
967b6309-c289-4900-8459-0e33ce488b1c,L00m1,194,6,2026-09-09T00:00:00+00:00,2026-09-16T00:00:00+00:00,12,255,169,0,12,ok,1.5088757396449703,normal,91.00642398286938
b8c3743e-a4c3-4168-ad0f-348a37a77a72,GrandLove,195,6,2026-09-09T00:00:00+00:00,2026-09-16T00:00:00+00:00,59,911,1031,0,59,ok,0.88360814742968,normal,3.2119914346895073
dfc49048-07fd-4d4e-825d-f2d7f155c4bb,somehxw,196,6,2026-09-09T00:00:00+00:00,2026-09-16T00:00:00+00:00,36,635,574,0,36,ok,1.1062717770034842,normal,32.97644539614561
3e7ed0d7-2105-4d2d-929a-f6befe6d8cc0,ayalkasi,197,6,2026-09-09T00:00:00+00:00,2026-09-16T00:00:00+00:00,11,190,180,0,11,ok,1.0555555555555556,normal,21.627408993576015
18911949-a23d-4b42-bd0b-7a970b51824c,frozen_-,198,6,2026-09-09T00:00:00+00:00,2026-09-16T00:00:00+00:00,13,276,211,0,13,ok,1.3080568720379147,normal,74.08993576017131
720fc287-1f03-46ff-a6e2-4c9bede77262,-yummy,199,6,2026-09-09T00:00:00+00:00,2026-09-16T00:00:00+00:00,35,594,514,0,35,ok,1.1556420233463034,normal,44.3254817987152
964410bb-394d-4633-87fd-501ec0fbb914,ritchiE,200,6,2026-09-09T00:00:00+00:00,2026-09-16T00:00:00+00:00,5,81,87,0,5,ok,0.9310344827586207,normal,6.209850107066381
6ac4baef-7bbb-4bc5-9f2b-aa95176bd8ab,YEKINDAR_,201,6,2026-09-09T00:00:00+00:00,2026-09-16T00:00:00+00:00,35,617,568,0,35,ok,1.0862676056338028,normal,27.8372591006424
78407773-ed65-456a-a507-ca50cbd78e17,SEMSY,202,6,2026-09-09T00:00:00+00:00,2026-09-16T00:00:00+00:00,29,504,466,0,29,ok,1.0815450643776825,normal,26.124197002141326
4e841b14-b668-476d-b7db-774f68aa4ed4,Patsi-,203,6,2026-09-09T00:00:00+00:00,2026-09-16T00:00:00+00:00,27,430,395,0,27,ok,1.0886075949367089,normal,28.693790149892934
b58c8c5c-41da-4388-9864-0f3f72ca13db,datet-_-,204,6,2026-09-09T00:00:00+00:00,2026-09-16T00:00:00+00:00,18,316,291,0,18,ok,1.0859106529209621,normal,27.62312633832976
86383974-b132-48a2-a66f-cf9d3a3d68fd,tENZY,205,6,2026-09-09T00:00:00+00:00,2026-09-16T00:00:00+00:00,11,218,181,0,11,ok,1.2044198895027625,normal,55.24625267665952
075ed300-7ed3-4377-88ba-9572f9ea8e3d,n0rb3r7,206,6,2026-09-09T00:00:00+00:00,2026-09-16T00:00:00+00:00,10,168,167,0,10,ok,1.0059880239520957,normal,14.775160599571734
a8570791-3e92-4b4d-9e45-8c2f8da95fb6,kwaren11,207,6,2026-09-09T00:00:00+00:00,2026-09-16T00:00:00+00:00,36,623,586,0,36,ok,1.0631399317406143,normal,22.91220556745182
21ee0d80-64f6-4277-80b9-c734d92a2880,torzsi,208,6,2026-09-09T00:00:00+00:00,2026-09-16T00:00:00+00:00,9,157,137,0,9,ok,1.145985401459854,normal,42.398286937901496
4c5c2a03-15b4-48e1-8791-d54d6a2b3668,Altekz,209,6,2026-09-09T00:00:00+00:00,2026-09-16T00:00:00+00:00,24,507,319,0,24,ok,1.5893416927899686,normal,94.86081370449678
254dbfc8-0e3d-4e8b-95a4-88e19fec565a,jekuya,210,6,2026-09-09T00:00:00+00:00,2026-09-16T00:00:00+00:00,34,572,511,0,34,ok,1.1193737769080234,normal,36.402569593147746
d682a62e-43f5-49be-b8c9-de923adcf564,SunPayus,211,6,2026-09-09T00:00:00+00:00,2026-09-16T00:00:00+00:00,13,274,158,0,13,ok,1.7341772151898733,outlier_positivo,97.21627408993577
6a5abce7-952f-4434-9db5-160392ec356d,miwo,212,6,2026-09-09T00:00:00+00:00,2026-09-16T00:00:00+00:00,14,211,205,0,14,ok,1.0292682926829269,normal,17.77301927194861
ebc37641-39d0-4692-bde6-c7a11ac1e90e,mara5m,213,6,2026-09-09T00:00:00+00:00,2026-09-16T00:00:00+00:00,10,197,133,0,10,ok,1.481203007518797,normal,89.29336188436831
13222ab8-3b38-4beb-993f-a585df257ea3,EgorK,214,6,2026-09-09T00:00:00+00:00,2026-09-16T00:00:00+00:00,56,933,813,0,56,ok,1.1476014760147601,normal,42.61241970021413
9aad1747-b65d-4a0f-9a14-2ef947fe92b5,Sowalio,215,6,2026-09-09T00:00:00+00:00,2026-09-16T00:00:00+00:00,0,0,0,0,0,sem_partidas,,sem_partidas,
520ada08-ad17-4b3b-a373-8c8534154e2a,TOKYOPEEK,216,6,2026-09-09T00:00:00+00:00,2026-09-16T00:00:00+00:00,33,502,539,0,33,ok,0.9313543599257885,normal,6.423982869379015
6b692694-71cf-4a80-ae97-57c3f2f7425c,blissfuIperc,217,6,2026-09-09T00:00:00+00:00,2026-09-16T00:00:00+00:00,37,570,514,0,37,ok,1.1089494163424125,normal,34.04710920770878
43febbb3-7f82-47c0-88fa-e2f122d5f20e,Rex1111,218,6,2026-09-09T00:00:00+00:00,2026-09-16T00:00:00+00:00,21,313,325,0,21,ok,0.963076923076923,normal,8.993576017130621
1ad1b7ff-b644-4431-9ac4-a5cf09855910,1ader,219,6,2026-09-09T00:00:00+00:00,2026-09-16T00:00:00+00:00,49,815,768,0,49,ok,1.0611979166666667,normal,22.698072805139187
f1174c0a-fa42-4a2f-8160-b870b8879ef5,KOT_XAMEP,220,6,2026-09-09T00:00:00+00:00,2026-09-16T00:00:00+00:00,15,285,201,0,15,ok,1.4179104477611941,normal,84.79657387580299
656ffaa4-415b-4896-8a19-931366de23c8,ich1zoku,221,6,2026-09-09T00:00:00+00:00,2026-09-16T00:00:00+00:00,12,178,184,0,12,ok,0.967391304347826,normal,10.492505353319057
3939bd47-6a42-43f0-936c-eb53bc5f16e5,kaioriii,222,6,2026-09-09T00:00:00+00:00,2026-09-16T00:00:00+00:00,5,111,92,0,5,ok,1.2065217391304348,normal,55.46038543897216
fb2e77e7-ec1d-40fa-83a1-c01646167651,Z1W0W666,223,6,2026-09-09T00:00:00+00:00,2026-09-16T00:00:00+00:00,3,81,42,0,3,ok,1.9285714285714286,outlier_positivo,98.7152034261242
c39663f6-8e91-483c-8319-503449563713,Lewis,224,6,2026-09-09T00:00:00+00:00,2026-09-16T00:00:00+00:00,11,179,170,0,11,ok,1.0529411764705883,normal,20.770877944325484
32cf4622-150d-4362-83d5-de543ed16262,regele,225,6,2026-09-09T00:00:00+00:00,2026-09-16T00:00:00+00:00,57,840,804,0,57,ok,1.044776119402985,normal,19.700214132762312
8e59e230-0935-4309-b335-a16211617ed7,SBolt-,226,6,2026-09-09T00:00:00+00:00,2026-09-16T00:00:00+00:00,18,386,282,0,18,ok,1.3687943262411348,normal,80.94218415417559
88cb74cd-d98e-408c-85c2-b39e55004658,billz,227,6,2026-09-09T00:00:00+00:00,2026-09-16T00:00:00+00:00,38,762,553,0,38,ok,1.3779385171790235,normal,81.5845824411135
220685cd-1a18-4402-a9a9-ac240313cabd,xeedo,228,6,2026-09-09T00:00:00+00:00,2026-09-16T00:00:00+00:00,4,73,59,0,4,ok,1.2372881355932204,normal,62.098501070663815
4c2a6018-4aaf-4294-8449-777ccfad144b,goddrain,229,6,2026-09-09T00:00:00+00:00,2026-09-16T00:00:00+00:00,7,101,114,0,7,ok,0.8859649122807017,normal,3.854389721627409
b87eadad-7829-4f17-a85a-281ff569829a,ForesterONE,230,6,2026-09-09T00:00:00+00:00,2026-09-16T00:00:00+00:00,2,37,30,0,2,ok,1.2333333333333334,normal,61.24197002141327
6db5e566-77ae-4c30-852d-4fa54c4445aa,Alv68,231,6,2026-09-09T00:00:00+00:00,2026-09-16T00:00:00+00:00,0,0,0,0,0,sem_partidas,,sem_partidas,
a4c4fb77-1996-47bd-b5e1-c14d86cf9997,444rainy,232,6,2026-09-09T00:00:00+00:00,2026-09-16T00:00:00+00:00,20,365,296,0,20,ok,1.2331081081081081,normal,61.02783725910065
9e36e2b1-c0e0-4d77-a442-d5947ec19225,bajmano,233,6,2026-09-09T00:00:00+00:00,2026-09-16T00:00:00+00:00,57,969,877,0,57,ok,1.104903078677309,normal,32.33404710920771
892ca5ae-5720-4d5d-8a98-33dc117041aa,narkoman812,234,6,2026-09-09T00:00:00+00:00,2026-09-16T00:00:00+00:00,62,1121,1044,0,62,ok,1.0737547892720307,normal,25.053533190578158
34aaf94c-d15a-4a1b-977d-82810a025407,tommy10,235,6,2026-09-09T00:00:00+00:00,2026-09-16T00:00:00+00:00,11,181,144,0,11,ok,1.2569444444444444,normal,65.95289079229121
98f1d2a1-6302-4d93-bf38-cc25f6b25256,gr1ks,236,6,2026-09-09T00:00:00+00:00,2026-09-16T00:00:00+00:00,4,136,75,0,4,ok,1.8133333333333332,outlier_positivo,97.4304068522484
f3f50c96-9d1b-4642-9074-477a07e54507,-khaN,237,6,2026-09-09T00:00:00+00:00,2026-09-16T00:00:00+00:00,0,0,0,0,0,sem_partidas,,sem_partidas,
522ecdd7-5fe2-4bd5-9806-4c015b9a1f8a,dwushka,238,6,2026-09-09T00:00:00+00:00,2026-09-16T00:00:00+00:00,0,0,0,0,0,sem_partidas,,sem_partidas,
fd16a07c-5735-4148-8859-3369feb41275,stefienson,239,6,2026-09-09T00:00:00+00:00,2026-09-16T00:00:00+00:00,18,253,255,0,18,ok,0.9921568627450981,normal,12.84796573875803
507c6778-89e2-45cc-8f8f-cf04615df6c8,Frip,240,6,2026-09-09T00:00:00+00:00,2026-09-16T00:00:00+00:00,21,347,302,0,21,ok,1.1490066225165563,normal,43.0406852248394
0b2a4c62-2071-4582-be3e-50fbe6f53544,Eldarqwe-,241,6,2026-09-09T00:00:00+00:00,2026-09-16T00:00:00+00:00,39,699,627,0,39,ok,1.1148325358851674,normal,35.33190578158458
6dce33f7-ba07-401a-bfe7-af51cc597a76,Woro2k,242,6,2026-09-09T00:00:00+00:00,2026-09-16T00:00:00+00:00,2,29,30,0,2,ok,0.9666666666666667,normal,9.850107066381156
3429651a-5020-4d07-85ef-34049adff713,starmie666,243,6,2026-09-09T00:00:00+00:00,2026-09-16T00:00:00+00:00,15,302,224,0,15,ok,1.3482142857142858,normal,79.01498929336188
c44f1259-0651-4942-8543-af0f03e62ac5,SELLTER,244,6,2026-09-09T00:00:00+00:00,2026-09-16T00:00:00+00:00,4,38,43,0,4,ok,0.8837209302325582,normal,3.4261241970021414
2a82893f-3a7e-4458-9141-0b19673fa049,kashl1d,245,6,2026-09-09T00:00:00+00:00,2026-09-16T00:00:00+00:00,3,66,36,0,3,ok,1.8333333333333333,outlier_positivo,97.64453961456103
c85a67d7-2635-42c3-991b-4c1f0b93c5cb,999_,246,6,2026-09-09T00:00:00+00:00,2026-09-16T00:00:00+00:00,3,56,44,0,3,ok,1.2727272727272727,normal,69.37901498929337
9cafe8f3-0b6b-4802-9cbb-806b5b751517,Enfeebled17,247,6,2026-09-09T00:00:00+00:00,2026-09-16T00:00:00+00:00,24,417,354,0,24,ok,1.1779661016949152,normal,49.46466809421842
6d8adf92-798f-414c-9d29-2896ceb5ad72,smooya,248,6,2026-09-09T00:00:00+00:00,2026-09-16T00:00:00+00:00,27,495,388,0,27,ok,1.2757731958762886,normal,69.80728051391864
eba3dd73-7d26-46ad-b766-85c5ae0d9273,hyp3else66,249,6,2026-09-09T00:00:00+00:00,2026-09-16T00:00:00+00:00,6,171,102,0,6,ok,1.6764705882352942,outlier_positivo,96.78800856531049
bae30b49-8c07-4f3e-922e-fa23b7ac0953,rafaxF-,250,6,2026-09-09T00:00:00+00:00,2026-09-16T00:00:00+00:00,16,269,230,0,16,ok,1.1695652173913043,normal,47.75160599571734
c90b35e3-defd-41b1-b29d-d9cf1c46fc32,azukay367,251,6,2026-09-09T00:00:00+00:00,2026-09-16T00:00:00+00:00,56,1090,926,0,56,ok,1.1771058315334773,normal,49.03640256959314
1e8bd26b-d7f9-4fbf-bed2-d12ed800eee2,Smaley,252,6,2026-09-09T00:00:00+00:00,2026-09-16T00:00:00+00:00,46,852,683,0,46,ok,1.247437774524158,normal,64.45396145610277
52829e07-aa5c-42af-b8a1-e4fe6247cd48,Skrimo,253,6,2026-09-09T00:00:00+00:00,2026-09-16T00:00:00+00:00,9,120,142,0,9,ok,0.8450704225352113,normal,1.7130620985010707
ddd3c081-0602-4e45-bb4f-d5c5e00b65c3,cPuTu,254,6,2026-09-09T00:00:00+00:00,2026-09-16T00:00:00+00:00,24,399,363,0,24,ok,1.0991735537190082,normal,31.263383297644538
28da77e2-bcfd-4458-a91d-e4d59a1f38be,nopzy,255,6,2026-09-09T00:00:00+00:00,2026-09-16T00:00:00+00:00,10,146,128,0,10,ok,1.140625,normal,40.899357601713064
e64b6d73-6313-4527-b313-a852e6368cf2,redCS-,256,6,2026-09-09T00:00:00+00:00,2026-09-16T00:00:00+00:00,23,395,376,0,23,ok,1.050531914893617,normal,20.342612419700217
dce1d644-6bf1-449a-85ff-6b399e4269dc,Botpa1,257,6,2026-09-09T00:00:00+00:00,2026-09-16T00:00:00+00:00,5,85,73,0,5,ok,1.1643835616438356,normal,46.466809421841546
a387ff16-4062-4f6c-a1f6-c65650ff993e,-Kiyotakaaa,258,6,2026-09-09T00:00:00+00:00,2026-09-16T00:00:00+00:00,50,898,740,0,50,ok,1.2135135135135136,normal,56.74518201284796
13d0fd67-997f-4255-9f25-a410b4fad2d0,stratefIy,259,6,2026-09-09T00:00:00+00:00,2026-09-16T00:00:00+00:00,20,391,299,0,20,ok,1.3076923076923077,normal,73.87580299785867
a6ad9a5b-6575-447f-8f67-346bb4033189,dep999,260,6,2026-09-09T00:00:00+00:00,2026-09-16T00:00:00+00:00,19,384,296,0,19,ok,1.2972972972972974,normal,73.01927194860814
1d92f104-8d0a-4866-bb6e-5c11196bfca6,MusorDropXD,261,6,2026-09-09T00:00:00+00:00,2026-09-16T00:00:00+00:00,40,826,674,0,40,ok,1.225519287833828,normal,59.100642398286936
7def4124-36c7-4035-acb5-427ffa531be3,Dawy,262,6,2026-09-09T00:00:00+00:00,2026-09-16T00:00:00+00:00,0,0,0,0,0,sem_partidas,,sem_partidas,
c5cb1b85-4421-4436-9390-49fa05ce45e3,-Kaide,263,6,2026-09-09T00:00:00+00:00,2026-09-16T00:00:00+00:00,2,50,33,0,2,ok,1.5151515151515151,normal,91.86295503211991
a4a6fdca-b125-4d3b-8d35-3ad098b6a1fe,KursySSJ4,264,6,2026-09-09T00:00:00+00:00,2026-09-16T00:00:00+00:00,13,254,177,0,13,ok,1.4350282485875707,normal,86.50963597430406
14015a66-b368-4b90-994d-bcf6fa504f44,--_-_--_---_,265,6,2026-09-09T00:00:00+00:00,2026-09-16T00:00:00+00:00,0,0,0,0,0,sem_partidas,,sem_partidas,
0bf80a9b-cead-4a3e-a245-ca145dc2ab3c,-0scar,266,6,2026-09-09T00:00:00+00:00,2026-09-16T00:00:00+00:00,50,886,672,0,50,ok,1.318452380952381,normal,75.58886509635975
05dd1de4-82dd-4b55-be77-c30c4551d0d6,gothdespair,267,6,2026-09-09T00:00:00+00:00,2026-09-16T00:00:00+00:00,19,302,256,0,19,ok,1.1796875,normal,50.107066381156315
04ab709e-2f70-4651-8e0c-c7bffd037a07,shantarO,268,6,2026-09-09T00:00:00+00:00,2026-09-16T00:00:00+00:00,18,292,268,0,18,ok,1.0895522388059702,normal,29.1220556745182
3dad5d84-2a16-4044-8a27-d473f0f6e353,herkulesz,269,6,2026-09-09T00:00:00+00:00,2026-09-16T00:00:00+00:00,14,253,206,0,14,ok,1.2281553398058251,normal,59.743040685224834
d5ff6f9f-c95d-4f7d-93b7-d9ba0cb19dab,Aliot,270,6,2026-09-09T00:00:00+00:00,2026-09-16T00:00:00+00:00,5,60,68,0,5,ok,0.8823529411764706,normal,2.9978586723768736
bd70d269-6c10-4140-b03b-8e09fdf9ca35,fedko14,271,6,2026-09-09T00:00:00+00:00,2026-09-16T00:00:00+00:00,20,274,301,0,20,ok,0.9102990033222591,normal,4.710920770877944
8edcd93a-e63f-45ea-8c77-bf9aa1820a47,shg-,272,6,2026-09-09T00:00:00+00:00,2026-09-16T00:00:00+00:00,4,89,68,0,4,ok,1.3088235294117647,normal,74.30406852248393
b9dbab41-8e55-497a-b311-bb0514777fd7,ves111,273,6,2026-09-09T00:00:00+00:00,2026-09-16T00:00:00+00:00,73,1508,1190,0,73,ok,1.2672268907563025,normal,67.88008565310493
326a3d6a-13ca-40b3-a56d-a47c27b6f2af,gehji,274,6,2026-09-09T00:00:00+00:00,2026-09-16T00:00:00+00:00,8,162,122,0,8,ok,1.3278688524590163,normal,76.87366167023555
e5c779f9-eaf5-4113-b095-e284d1e44748,X345,275,6,2026-09-09T00:00:00+00:00,2026-09-16T00:00:00+00:00,20,356,308,0,20,ok,1.155844155844156,normal,44.75374732334047
d428b36e-7c8a-4510-8262-9cda26a3ff85,-qw1zera,276,6,2026-09-09T00:00:00+00:00,2026-09-16T00:00:00+00:00,44,780,615,0,44,ok,1.2682926829268293,normal,68.3083511777302
f3988f23-6685-41a8-91c6-f336b98c5195,z0nger,277,6,2026-09-09T00:00:00+00:00,2026-09-16T00:00:00+00:00,21,341,282,0,21,ok,1.2092198581560283,normal,56.102783725910065
eb4f52d2-5b8f-4401-8c72-138c995358d4,-tasman,278,6,2026-09-09T00:00:00+00:00,2026-09-16T00:00:00+00:00,9,167,151,0,9,ok,1.1059602649006623,normal,32.76231263383298
e1bcffdd-7eeb-4744-b8d6-a582dcfb1670,Krad,279,6,2026-09-09T00:00:00+00:00,2026-09-16T00:00:00+00:00,10,157,126,0,10,ok,1.246031746031746,normal,64.02569593147751
5ce742a9-a319-4e89-8164-4f4ca528c4cc,wh1teout,280,6,2026-09-09T00:00:00+00:00,2026-09-16T00:00:00+00:00,10,129,133,0,10,ok,0.9699248120300752,normal,10.706638115631693
40846b8f-7a3f-4f9f-af8b-85d118c2774a,myltsi,281,6,2026-09-09T00:00:00+00:00,2026-09-16T00:00:00+00:00,17,298,254,0,17,ok,1.1732283464566928,normal,48.17987152034261
4d1d7bb1-64b7-4e34-97e7-6ee7bba48259,-relaxbtw-,282,6,2026-09-09T00:00:00+00:00,2026-09-16T00:00:00+00:00,18,315,277,0,18,ok,1.1371841155234657,normal,40.471092077087796
daf44626-2073-4878-b7fd-4776b8a2c93b,Pelle-,283,6,2026-09-09T00:00:00+00:00,2026-09-16T00:00:00+00:00,17,287,247,0,17,ok,1.1619433198380567,normal,45.82441113490364
dddfd33a-cc0c-483c-b2c4-950de24e0c1c,z0t,284,6,2026-09-09T00:00:00+00:00,2026-09-16T00:00:00+00:00,31,541,473,0,31,ok,1.1437632135306555,normal,41.97002141327623
7c6afa87-48a4-4e7c-a5d4-33d4d48c603f,0MusorDrop,285,6,2026-09-09T00:00:00+00:00,2026-09-16T00:00:00+00:00,44,687,677,0,44,ok,1.0147710487444608,normal,16.488222698072803
08a4aed5-fb8a-402a-8119-ae428666c195,aimy,286,6,2026-09-09T00:00:00+00:00,2026-09-16T00:00:00+00:00,9,149,128,0,9,ok,1.1640625,normal,46.25267665952891
209c88dc-d2e5-4dfd-a7b9-38900bb10a61,dod02k-,287,6,2026-09-09T00:00:00+00:00,2026-09-16T00:00:00+00:00,0,0,0,0,0,sem_partidas,,sem_partidas,
dc49b288-2a75-485a-91b1-ee81ce2f25de,dziugss,288,6,2026-09-09T00:00:00+00:00,2026-09-16T00:00:00+00:00,7,116,94,0,7,ok,1.2340425531914894,normal,61.45610278372591
b255e1b5-0b6b-4c57-a7ce-ad53b5521d33,CoCuCbKu,289,6,2026-09-09T00:00:00+00:00,2026-09-16T00:00:00+00:00,71,1278,1084,0,71,ok,1.1789667896678966,normal,49.67880085653105
6f01bc34-897d-43d5-9b43-c6e49e408dd5,Twist,290,6,2026-09-09T00:00:00+00:00,2026-09-16T00:00:00+00:00,3,63,63,0,3,ok,1.0,normal,14.346895074946467
024d5042-e159-416f-bf84-cf69b8d5ac03,oopee,291,6,2026-09-09T00:00:00+00:00,2026-09-16T00:00:00+00:00,2,45,29,0,2,ok,1.5517241379310345,normal,93.79014989293361
b63c3037-b9f3-471e-9065-5e33ebc28b6e,s1reN7,292,6,2026-09-09T00:00:00+00:00,2026-09-16T00:00:00+00:00,0,0,0,0,0,sem_partidas,,sem_partidas,
06b0f344-d2e8-4951-ab93-23e9470ce95e,REDS7AR,293,6,2026-09-09T00:00:00+00:00,2026-09-16T00:00:00+00:00,8,148,104,0,8,ok,1.4230769230769231,normal,85.4389721627409
322dfefd-d0aa-4e24-a4ce-509e4c5ed28a,toshas-,294,6,2026-09-09T00:00:00+00:00,2026-09-16T00:00:00+00:00,16,202,220,0,16,ok,0.9181818181818182,normal,4.925053533190578
fddc57f3-b5f8-4e63-99e7-b1fa798e849e,pavlebo,295,6,2026-09-09T00:00:00+00:00,2026-09-16T00:00:00+00:00,16,276,292,0,16,ok,0.9452054794520548,normal,7.708779443254818
b00eff15-ebaf-4805-aa15-b33bc18406b7,YUR0KY,296,6,2026-09-09T00:00:00+00:00,2026-09-16T00:00:00+00:00,33,499,516,0,33,ok,0.9670542635658915,normal,10.278372591006423
9d4d4f31-8168-4894-8574-0d6b9458fb8c,77nightlovel,297,6,2026-09-09T00:00:00+00:00,2026-09-16T00:00:00+00:00,0,0,0,0,0,sem_partidas,,sem_partidas,
1ba6cea9-0e2d-4f6e-b1cc-0f93cf9d2dcd,KEiiiii,298,6,2026-09-09T00:00:00+00:00,2026-09-16T00:00:00+00:00,27,440,434,0,27,ok,1.0138248847926268,normal,16.274089935760173
41acaa8c-cc55-4dca-a85d-897af2c1f275,k99y,299,6,2026-09-09T00:00:00+00:00,2026-09-16T00:00:00+00:00,23,448,339,0,23,ok,1.3215339233038348,normal,76.017130620985
3ad4eec5-fc86-438a-9730-e5d092821180,redzedsei,300,6,2026-09-09T00:00:00+00:00,2026-09-16T00:00:00+00:00,30,629,451,0,30,ok,1.394678492239468,normal,83.29764453961455
159069e0-7e7c-4e3e-989e-d9f723689e3a,-Dis1-,301,6,2026-09-09T00:00:00+00:00,2026-09-16T00:00:00+00:00,18,312,304,0,18,ok,1.0263157894736843,normal,17.34475374732334
086df609-d086-4b83-9474-4347714e1f76,Fessor,302,6,2026-09-09T00:00:00+00:00,2026-09-16T00:00:00+00:00,21,392,307,0,21,ok,1.276872964169381,normal,70.02141327623126
3fa04793-fb47-46ee-be6f-c44cacd77099,h0sster,303,6,2026-09-09T00:00:00+00:00,2026-09-16T00:00:00+00:00,27,492,401,0,27,ok,1.226932668329177,normal,59.52890792291221
de8546e3-f76c-4118-8671-2f0bed373ff4,Porya-,304,6,2026-09-09T00:00:00+00:00,2026-09-16T00:00:00+00:00,20,335,302,0,20,ok,1.109271523178808,normal,34.26124197002141
9132c4ea-8c7f-4865-a55c-9d20aa2efe89,ronkyeee,305,6,2026-09-09T00:00:00+00:00,2026-09-16T00:00:00+00:00,41,633,645,0,41,ok,0.9813953488372092,normal,11.991434689507495
f7ade297-4f13-4e91-b103-cacdfc3e5ba5,VLDN,306,6,2026-09-09T00:00:00+00:00,2026-09-16T00:00:00+00:00,1,21,21,0,1,ok,1.0,normal,14.346895074946467
48623ecb-e657-4292-8aa6-9389b4701b10,s1zzi,307,6,2026-09-09T00:00:00+00:00,2026-09-16T00:00:00+00:00,18,380,274,0,18,ok,1.3868613138686132,normal,82.65524625267666
c14998db-c745-4904-8316-429d46510e49,NonAmEeEeR,308,6,2026-09-09T00:00:00+00:00,2026-09-16T00:00:00+00:00,18,277,282,0,18,ok,0.9822695035460993,normal,12.205567451820128
0b71822e-4e5a-4c96-9b2c-be44ff7f7e86,DrammaGod,309,6,2026-09-09T00:00:00+00:00,2026-09-16T00:00:00+00:00,8,152,103,0,8,ok,1.4757281553398058,normal,89.07922912205566
1a5c4cff-75d4-489f-91a2-970af1eda8eb,Sobol,310,6,2026-09-09T00:00:00+00:00,2026-09-16T00:00:00+00:00,4,70,64,0,4,ok,1.09375,normal,29.978586723768736
d0bad1c0-551e-40cb-8535-137ea7104ff6,Zerk1s-,311,6,2026-09-09T00:00:00+00:00,2026-09-16T00:00:00+00:00,52,877,751,0,52,ok,1.1677762982689748,normal,47.109207708779444
9b9ee020-9f73-4a4b-a68f-f6132bfb0377,Caleyy,312,6,2026-09-09T00:00:00+00:00,2026-09-16T00:00:00+00:00,32,706,563,0,32,ok,1.2539964476021315,normal,65.73875802997858
f0f989d2-bbeb-4bdf-bb3e-9a92b9039c27,w1sely,313,6,2026-09-09T00:00:00+00:00,2026-09-16T00:00:00+00:00,5,100,65,0,5,ok,1.5384615384615385,normal,92.93361884368309
c4bf8035-0124-44bb-974b-2860cb41ab5a,aparcik,314,6,2026-09-09T00:00:00+00:00,2026-09-16T00:00:00+00:00,47,743,686,0,47,ok,1.0830903790087463,normal,26.76659528907923
74407bd7-b090-4cd9-8797-c4e3af17ae50,turcinskis,315,6,2026-09-09T00:00:00+00:00,2026-09-16T00:00:00+00:00,77,1326,1202,0,77,ok,1.103161397670549,normal,32.11991434689507
a7d9d607-a5ac-4aa1-ae41-4834085715c2,f0lkfan111,316,6,2026-09-09T00:00:00+00:00,2026-09-16T00:00:00+00:00,12,231,190,0,12,ok,1.2157894736842105,normal,56.9593147751606
9d76e440-f676-4ad0-a04a-a8c87f7c21fb,arbnorz-,317,6,2026-09-09T00:00:00+00:00,2026-09-16T00:00:00+00:00,18,293,262,0,18,ok,1.118320610687023,normal,36.188436830835116
92224fbc-fb31-4362-850b-735a0c1d6c8a,kidofpain,318,6,2026-09-09T00:00:00+00:00,2026-09-16T00:00:00+00:00,14,292,232,0,14,ok,1.2586206896551724,normal,66.38115631691649
fbb6f5b8-c8ce-415d-b29f-374d6b543716,MrTrelog,319,6,2026-09-09T00:00:00+00:00,2026-09-16T00:00:00+00:00,36,601,514,0,36,ok,1.1692607003891051,normal,47.53747323340471
83270bc6-74aa-4ca3-942b-f28a3d704b6d,OneUn1que,320,6,2026-09-09T00:00:00+00:00,2026-09-16T00:00:00+00:00,28,488,397,0,28,ok,1.2292191435768263,normal,59.95717344753747
fddf0596-7573-4792-8012-79966c93689e,Licale,321,6,2026-09-09T00:00:00+00:00,2026-09-16T00:00:00+00:00,0,0,0,0,0,sem_partidas,,sem_partidas,
975adbfb-f21e-4b09-92a4-704ab60c8542,ulqu1ora,322,6,2026-09-09T00:00:00+00:00,2026-09-16T00:00:00+00:00,28,428,406,0,28,ok,1.0541871921182266,normal,21.199143468950748
bdf798c9-0041-4a81-b581-28c52fede922,chedzik,323,6,2026-09-09T00:00:00+00:00,2026-09-16T00:00:00+00:00,27,410,430,0,27,ok,0.9534883720930233,normal,8.35117773019272
798302b0-e3b3-40e7-b051-95c43766dabb,PhoeniXLUV,324,6,2026-09-09T00:00:00+00:00,2026-09-16T00:00:00+00:00,15,232,238,0,15,ok,0.9747899159663865,normal,11.134903640256958
5c60c1c4-653a-478d-90a4-441d1436a28e,-k0s,325,6,2026-09-09T00:00:00+00:00,2026-09-16T00:00:00+00:00,7,130,150,0,7,ok,0.8666666666666667,normal,2.569593147751606
e76908f9-d95c-4022-b419-786ad4cb8d4e,torox,326,6,2026-09-09T00:00:00+00:00,2026-09-16T00:00:00+00:00,37,756,559,0,37,ok,1.3524150268336315,normal,79.44325481798715
37a13cea-9f8b-45d3-9886-40faf2506d69,m1QUSE272,327,6,2026-09-09T00:00:00+00:00,2026-09-16T00:00:00+00:00,1,10,18,0,1,ok,0.5555555555555556,outlier_negativo,0.21413276231263384
2f215405-df5f-4348-8b16-d07bb82b8f66,lockstocky,328,6,2026-09-09T00:00:00+00:00,2026-09-16T00:00:00+00:00,34,650,460,0,34,ok,1.4130434782608696,normal,84.36830835117773
25694913-c7e9-4a6f-9279-8fb932b04a4c,EBLANKANKA67,329,6,2026-09-09T00:00:00+00:00,2026-09-16T00:00:00+00:00,30,604,419,0,30,ok,1.441527446300716,normal,86.93790149892934
0c482002-4ad9-4eb7-bbf4-c36f786cdbd8,ms2180,330,6,2026-09-09T00:00:00+00:00,2026-09-16T00:00:00+00:00,35,598,510,0,35,ok,1.1725490196078432,normal,47.96573875802998
42afba06-399e-4c2d-aaff-77595526ad70,cmtry64,331,6,2026-09-09T00:00:00+00:00,2026-09-16T00:00:00+00:00,32,603,485,0,32,ok,1.243298969072165,normal,63.38329764453962
3b6a98b3-fd37-42ec-9d14-3ca58a1e54ef,sh4shlick,332,6,2026-09-09T00:00:00+00:00,2026-09-16T00:00:00+00:00,39,642,656,0,39,ok,0.9786585365853658,normal,11.777301927194861
e6970427-7853-42d5-960a-3b125aa3fe98,xseveN,333,6,2026-09-09T00:00:00+00:00,2026-09-16T00:00:00+00:00,13,215,171,0,13,ok,1.2573099415204678,normal,66.16702355460386
0be6bdd3-7448-4711-84d6-79cfbbe86f71,musordrop983,334,6,2026-09-09T00:00:00+00:00,2026-09-16T00:00:00+00:00,50,809,718,0,50,ok,1.126740947075209,normal,38.11563169164882
6d612c68-1dd3-427a-bf4c-e5e8029c4450,mASKEDo,335,6,2026-09-09T00:00:00+00:00,2026-09-16T00:00:00+00:00,33,551,520,0,33,ok,1.0596153846153846,normal,22.269807280513916
dd00574a-37b8-4c5e-87fa-b0569f624546,tamefear,336,6,2026-09-09T00:00:00+00:00,2026-09-16T00:00:00+00:00,8,125,157,0,8,ok,0.7961783439490446,normal,1.284796573875803
8fc05816-4e4c-4df0-b6ab-4059965f95a5,feat-,337,6,2026-09-09T00:00:00+00:00,2026-09-16T00:00:00+00:00,0,0,0,0,0,sem_partidas,,sem_partidas,
1efdfeb4-7237-4a34-837a-9b4657295a48,svemyy,338,6,2026-09-09T00:00:00+00:00,2026-09-16T00:00:00+00:00,0,0,0,0,0,sem_partidas,,sem_partidas,
2fd44fff-097a-44ca-9bf2-6badf3282398,Muciek,339,6,2026-09-09T00:00:00+00:00,2026-09-16T00:00:00+00:00,17,256,228,0,17,ok,1.1228070175438596,normal,37.25910064239829
dafc9a8d-9a0b-47c3-a703-e0919211b635,L0fer,340,6,2026-09-09T00:00:00+00:00,2026-09-16T00:00:00+00:00,57,1077,870,0,57,ok,1.2379310344827585,normal,62.31263383297645
400661b5-8cc7-4c40-9dcc-d1695b2047f6,Jisoo,341,6,2026-09-09T00:00:00+00:00,2026-09-16T00:00:00+00:00,19,286,261,0,19,ok,1.0957854406130267,normal,30.19271948608137
36b19d20-ddac-466d-9868-b73f0212c3ad,BRIAN-_-HIZZ,342,6,2026-09-09T00:00:00+00:00,2026-09-16T00:00:00+00:00,20,343,275,0,20,ok,1.2472727272727273,normal,64.23982869379014
c0216481-6d6f-4a69-b480-e1f3c4f0c36a,LECY89,343,6,2026-09-09T00:00:00+00:00,2026-09-16T00:00:00+00:00,0,0,0,0,0,sem_partidas,,sem_partidas,
1983b3f0-bd89-4fe6-a110-42664904443a,w4rdeN-,344,6,2026-09-09T00:00:00+00:00,2026-09-16T00:00:00+00:00,30,512,444,0,30,ok,1.1531531531531531,normal,43.683083511777305
5e91d235-cef6-42c6-9b86-35560cc19e57,deeN--,345,6,2026-09-09T00:00:00+00:00,2026-09-16T00:00:00+00:00,11,199,154,0,11,ok,1.2922077922077921,normal,71.94860813704497
4527302e-9120-4a42-a465-5e383580386c,kobz0n,346,6,2026-09-09T00:00:00+00:00,2026-09-16T00:00:00+00:00,29,487,434,0,29,ok,1.1221198156682028,normal,36.61670235546038
242f97b1-a39e-40e5-aca0-153d7a76828f,saizius,347,6,2026-09-09T00:00:00+00:00,2026-09-16T00:00:00+00:00,23,453,341,0,23,ok,1.3284457478005864,normal,77.08779443254818
9866bf07-6fc9-47b0-966e-e4302ecc93fb,rv1den,348,6,2026-09-09T00:00:00+00:00,2026-09-16T00:00:00+00:00,25,460,367,0,25,ok,1.2534059945504088,normal,65.52462526766595
7c38b5ca-b385-4cf2-942b-d7252521d266,ne1l,349,6,2026-09-09T00:00:00+00:00,2026-09-16T00:00:00+00:00,3,50,41,0,3,ok,1.2195121951219512,normal,58.02997858672377
a8efc434-5950-4621-8b51-72538fe6347d,dazzy-,350,6,2026-09-09T00:00:00+00:00,2026-09-16T00:00:00+00:00,0,0,0,0,0,sem_partidas,,sem_partidas,
9b79818c-8be6-40cc-b090-b92878f5baac,5swiz,351,6,2026-09-09T00:00:00+00:00,2026-09-16T00:00:00+00:00,37,660,592,0,37,ok,1.114864864864865,normal,35.54603854389722
58f68286-29eb-4108-97e5-2d8d96c65e05,mezii--,352,6,2026-09-09T00:00:00+00:00,2026-09-16T00:00:00+00:00,0,0,0,0,0,sem_partidas,,sem_partidas,
dfa35d4d-f284-4ad2-9a7d-c3f0468b1e69,wignfan,353,6,2026-09-09T00:00:00+00:00,2026-09-16T00:00:00+00:00,0,0,0,0,0,sem_partidas,,sem_partidas,
a3e05af2-cb94-4de5-b56c-e5b30bde9f0c,S3NSEYZjE,354,6,2026-09-09T00:00:00+00:00,2026-09-16T00:00:00+00:00,1,12,16,0,1,ok,0.75,normal,0.6423982869379015
5d834b85-5d4f-441a-a0e2-a88713818bc8,ottob,355,6,2026-09-09T00:00:00+00:00,2026-09-16T00:00:00+00:00,33,582,496,0,33,ok,1.1733870967741935,normal,48.394004282655246
3e96ad48-d280-40fe-b432-743bc6166e6a,bibu_,356,6,2026-09-09T00:00:00+00:00,2026-09-16T00:00:00+00:00,18,271,253,0,18,ok,1.0711462450592886,normal,24.197002141327623
2fe13779-4813-4886-975b-a23d66c22b50,rec1se,357,6,2026-09-09T00:00:00+00:00,2026-09-16T00:00:00+00:00,22,436,321,0,22,ok,1.3582554517133956,normal,80.08565310492506
6111a58f-ec43-4a35-ac5f-6a27d4a8442d,kade0,358,6,2026-09-09T00:00:00+00:00,2026-09-16T00:00:00+00:00,7,130,122,0,7,ok,1.0655737704918034,normal,23.126338329764454
08d5e3fa-ef86-447a-a441-7d61c106305c,nukkye,359,6,2026-09-09T00:00:00+00:00,2026-09-16T00:00:00+00:00,6,111,105,0,6,ok,1.0571428571428572,normal,22.055674518201286
88aba0ad-9f4f-43f8-8691-78bd5935bb26,MAJ1X,360,6,2026-09-09T00:00:00+00:00,2026-09-16T00:00:00+00:00,8,178,123,0,8,ok,1.4471544715447155,normal,87.58029978586723
75b7d8c4-e346-492c-adef-a91fffeb3886,z1k4-,361,6,2026-09-09T00:00:00+00:00,2026-09-16T00:00:00+00:00,13,252,198,0,13,ok,1.2727272727272727,normal,69.37901498929337
1050ef15-3e72-45b8-a255-ba1c69f9ae03,karass28,362,6,2026-09-09T00:00:00+00:00,2026-09-16T00:00:00+00:00,27,449,419,0,27,ok,1.071599045346062,normal,24.62526766595289
b5ad53bf-7ef2-4e7f-b902-2218997c60f0,KATLEDICI7,363,6,2026-09-09T00:00:00+00:00,2026-09-16T00:00:00+00:00,54,871,857,0,54,ok,1.0163360560093349,normal,16.70235546038544
6b52e429-611a-4cff-a329-79640d71dcf9,serrakura111,364,6,2026-09-09T00:00:00+00:00,2026-09-16T00:00:00+00:00,0,0,0,0,0,sem_partidas,,sem_partidas,
d4241a7e-40ed-428c-824b-186191cc1186,kkx-,365,6,2026-09-09T00:00:00+00:00,2026-09-16T00:00:00+00:00,35,530,544,0,35,ok,0.9742647058823529,normal,10.920770877944326
b0e6d782-b60b-464b-b825-0551219d184c,Botman,366,6,2026-09-09T00:00:00+00:00,2026-09-16T00:00:00+00:00,11,192,144,0,11,ok,1.3333333333333333,normal,77.94432548179871
43edb54f-28ed-41fb-9996-c53c1602b32a,taouser,367,6,2026-09-09T00:00:00+00:00,2026-09-16T00:00:00+00:00,3,53,45,0,3,ok,1.1777777777777778,normal,49.25053533190578
bf53ac48-b4ac-4b17-9174-4018772ad411,Griller1221,368,6,2026-09-09T00:00:00+00:00,2026-09-16T00:00:00+00:00,17,293,239,0,17,ok,1.2259414225941423,normal,59.314775160599574
6051a477-a1fb-410a-bca9-5eb8e848a515,grekuwu,369,6,2026-09-09T00:00:00+00:00,2026-09-16T00:00:00+00:00,25,395,349,0,25,ok,1.1318051575931232,normal,39.400428265524624
32181c2b-b743-4bcd-abd1-1a76378beacf,zs0lt1-,370,6,2026-09-09T00:00:00+00:00,2026-09-16T00:00:00+00:00,35,683,542,0,35,ok,1.2601476014760147,normal,66.59528907922912
35c42621-9863-49d8-a9d3-98cd2ebd3695,Sdaim,371,6,2026-09-09T00:00:00+00:00,2026-09-16T00:00:00+00:00,4,71,63,0,4,ok,1.126984126984127,normal,38.32976445396146
23b6ffbb-86ec-47ab-acaa-9c76bed0af66,jL-,372,6,2026-09-09T00:00:00+00:00,2026-09-16T00:00:00+00:00,18,403,246,0,18,ok,1.6382113821138211,normal,96.1456102783726
abe4d53f-ed16-49fc-8d86-3d1abac2d5ef,yanni-_-,373,6,2026-09-09T00:00:00+00:00,2026-09-16T00:00:00+00:00,30,521,451,0,30,ok,1.1552106430155211,normal,44.11134903640257
9dd05297-26eb-4cb4-a2e2-544b242f0a08,DAN9ARMATURA,374,6,2026-09-09T00:00:00+00:00,2026-09-16T00:00:00+00:00,6,91,83,0,6,ok,1.0963855421686748,normal,30.620985010706637
0cf9c7b8-2003-404d-97d4-fa9b5fae1878,Jimpphat,375,6,2026-09-09T00:00:00+00:00,2026-09-16T00:00:00+00:00,0,0,0,0,0,sem_partidas,,sem_partidas,
a6b1e85a-0d17-4fa3-9c08-900211bf7692,mattloo,376,6,2026-09-09T00:00:00+00:00,2026-09-16T00:00:00+00:00,1,15,14,0,1,ok,1.0714285714285714,normal,24.411134903640257
c328112e-d19e-4dc2-b0d9-e95372a362e7,Hrdina1452,377,6,2026-09-09T00:00:00+00:00,2026-09-16T00:00:00+00:00,6,83,88,0,6,ok,0.9431818181818182,normal,7.494646680942184
6f65cd76-e51e-480e-b0f4-d8ca78c3ec63,VILBy,378,6,2026-09-09T00:00:00+00:00,2026-09-16T00:00:00+00:00,13,237,198,0,13,ok,1.196969696969697,normal,54.389721627408996
40ca7ec3-ca11-4e1b-a3b3-3989c1aaf13f,baz,379,6,2026-09-09T00:00:00+00:00,2026-09-16T00:00:00+00:00,28,436,394,0,28,ok,1.1065989847715736,normal,33.190578158458244
08b00737-a7bf-46c2-b501-052c101f3e6e,siz-,380,6,2026-09-09T00:00:00+00:00,2026-09-16T00:00:00+00:00,7,127,92,0,7,ok,1.3804347826086956,normal,82.01284796573876
a86a13ca-a850-4e31-9e46-76026f25a8df,flawly,381,6,2026-09-09T00:00:00+00:00,2026-09-16T00:00:00+00:00,2,31,33,0,2,ok,0.9393939393939394,normal,7.28051391862955
95371621-2dc2-4ae2-8633-e70c1f754d25,kiy0o,382,6,2026-09-09T00:00:00+00:00,2026-09-16T00:00:00+00:00,28,511,431,0,28,ok,1.185614849187935,normal,50.53533190578159
fa304d5e-0d2e-4b7c-a802-a9ee2989d6d7,musordrop01R,383,6,2026-09-09T00:00:00+00:00,2026-09-16T00:00:00+00:00,36,591,567,0,36,ok,1.0423280423280423,normal,19.271948608137045
e15c799e-2f9b-42fb-9233-db6908126b26,LunaticYF,384,6,2026-09-09T00:00:00+00:00,2026-09-16T00:00:00+00:00,50,767,821,0,50,ok,0.9342265529841657,normal,6.638115631691649
57d0ffa1-44d3-4271-9360-f09bfb7e3466,Ayri21,385,6,2026-09-09T00:00:00+00:00,2026-09-16T00:00:00+00:00,8,142,114,0,8,ok,1.2456140350877194,normal,63.597430406852254
ba3282ae-21a1-4a9d-a2e4-e579a67f2472,ToM223,386,6,2026-09-09T00:00:00+00:00,2026-09-16T00:00:00+00:00,15,241,216,0,15,ok,1.1157407407407407,normal,35.76017130620985
99726d5a-04d8-4b74-a12d-b5e012ae745c,anttzz,387,6,2026-09-09T00:00:00+00:00,2026-09-16T00:00:00+00:00,55,1024,895,0,55,ok,1.1441340782122904,normal,42.184154175588866
803bd4ab-3891-4686-8301-aea69a426477,PsychoDoctor,388,6,2026-09-09T00:00:00+00:00,2026-09-16T00:00:00+00:00,17,296,242,0,17,ok,1.2231404958677685,normal,58.67237687366167
7dfc0c4c-28a0-4126-8b97-349ba09bc314,neptun59,389,6,2026-09-09T00:00:00+00:00,2026-09-16T00:00:00+00:00,11,219,143,0,11,ok,1.5314685314685315,normal,92.71948608137045
3bd30889-be3f-49cf-817f-1399c887f2d9,zeRRoFIX,390,6,2026-09-09T00:00:00+00:00,2026-09-16T00:00:00+00:00,4,65,59,0,4,ok,1.1016949152542372,normal,31.69164882226981
651597b1-03b4-4c74-8848-dd688599cffa,sk1tt,391,6,2026-09-09T00:00:00+00:00,2026-09-16T00:00:00+00:00,13,231,179,0,13,ok,1.2905027932960893,normal,71.5203426124197
bffdd912-57c0-4c48-9735-3d36059236b3,SatoruGojo_,392,6,2026-09-09T00:00:00+00:00,2026-09-16T00:00:00+00:00,37,584,605,0,37,ok,0.9652892561983472,normal,9.635974304068522
9b9355f1-870d-4d85-bb37-9b71d591d779,608-,393,6,2026-09-09T00:00:00+00:00,2026-09-16T00:00:00+00:00,43,760,667,0,43,ok,1.1394302848575713,normal,40.68522483940043
79df73cc-00b8-40c2-9089-d20e81b91614,Nivera-,394,6,2026-09-09T00:00:00+00:00,2026-09-16T00:00:00+00:00,18,336,282,0,18,ok,1.1914893617021276,normal,53.104925053533194
e5806414-a8b4-4f7e-b13d-e16066e3984a,suisha,395,6,2026-09-09T00:00:00+00:00,2026-09-16T00:00:00+00:00,36,577,561,0,36,ok,1.0285204991087344,normal,17.558886509635975
675b5450-f00f-4009-92b8-10d17524959a,Proinya,396,6,2026-09-09T00:00:00+00:00,2026-09-16T00:00:00+00:00,2,52,36,0,2,ok,1.4444444444444444,normal,87.36616702355461
a9147ac0-cd1b-4ab8-a634-a3562d29dc13,W0nderL4nd,397,6,2026-09-09T00:00:00+00:00,2026-09-16T00:00:00+00:00,24,412,356,0,24,ok,1.1573033707865168,normal,44.96788008565311
41e80191-23a9-40af-a3f5-b0452d31b7a5,xm1nd337,398,6,2026-09-09T00:00:00+00:00,2026-09-16T00:00:00+00:00,27,461,420,0,27,ok,1.0976190476190477,normal,31.049250535331907
381f4aa9-921e-498b-8548-af3a61a95f45,fall1ngxd,399,6,2026-09-09T00:00:00+00:00,2026-09-16T00:00:00+00:00,46,670,737,0,46,ok,0.9090909090909091,normal,4.496788008565311
0bd8a37f-2bf9-4a2a-8c4d-4ec60249c758,Kovvat,400,6,2026-09-09T00:00:00+00:00,2026-09-16T00:00:00+00:00,33,528,490,0,33,ok,1.0775510204081633,normal,25.910064239828696
a5f7f49b-13f4-406b-9868-99503a228d4c,Myggis,401,6,2026-09-09T00:00:00+00:00,2026-09-16T00:00:00+00:00,31,521,488,0,31,ok,1.0676229508196722,normal,23.340471092077088
96675589-94d3-4a3f-942e-75e876c5407d,amanek,402,6,2026-09-09T00:00:00+00:00,2026-09-16T00:00:00+00:00,49,613,661,0,49,ok,0.9273827534039334,normal,5.781584582441114
8f97a4ca-0315-4386-a97d-4ec6b74a432a,F0R3VER-,403,6,2026-09-09T00:00:00+00:00,2026-09-16T00:00:00+00:00,15,239,259,0,15,ok,0.9227799227799228,normal,5.139186295503212
3c1ca83f-5c0b-48c9-9efb-86e02999bad4,CoolezW,404,6,2026-09-09T00:00:00+00:00,2026-09-16T00:00:00+00:00,5,89,88,0,5,ok,1.0113636363636365,normal,16.059957173447536
f77f8060-0918-4c9c-84eb-4b871a0d0430,Farab1,405,6,2026-09-09T00:00:00+00:00,2026-09-16T00:00:00+00:00,39,615,617,0,39,ok,0.9967585089141004,normal,13.062098501070663
f317884c-2d70-4cb9-8f03-418064e114ed,markovich666,406,6,2026-09-09T00:00:00+00:00,2026-09-16T00:00:00+00:00,6,115,87,0,6,ok,1.3218390804597702,normal,76.23126338329764
cd355df3-21b0-4677-8e79-6d823aa6ebac,takanashi,407,6,2026-09-09T00:00:00+00:00,2026-09-16T00:00:00+00:00,16,276,248,0,16,ok,1.1129032258064515,normal,34.90364025695932
a421bf0b-db37-4194-8d57-59aa2cab64a0,NaYz,408,6,2026-09-09T00:00:00+00:00,2026-09-16T00:00:00+00:00,2,23,33,0,2,ok,0.696969696969697,outlier_negativo,0.4282655246252677
14bf6f49-e335-4cca-b270-2bff1bc95485,whisperr23,409,6,2026-09-09T00:00:00+00:00,2026-09-16T00:00:00+00:00,12,262,176,0,12,ok,1.4886363636363635,normal,89.93576017130621
f0d7de73-a6e4-4fd8-961e-d4f5f283e931,kenjezz,410,6,2026-09-09T00:00:00+00:00,2026-09-16T00:00:00+00:00,17,294,255,0,17,ok,1.1529411764705881,normal,43.46895074946467
e5b77795-ddbc-418b-a72a-e8e8e2787d54,eNs,411,6,2026-09-09T00:00:00+00:00,2026-09-16T00:00:00+00:00,7,159,80,0,7,ok,1.9875,outlier_positivo,99.14346895074947
917a60fe-0a2f-4cf8-b93e-8d8242e2aa87,Bl4zE333,412,6,2026-09-09T00:00:00+00:00,2026-09-16T00:00:00+00:00,36,709,572,0,36,ok,1.2395104895104896,normal,62.74089935760171
7b6558ed-94e8-4344-a805-788cb226d03e,oz1k,413,6,2026-09-09T00:00:00+00:00,2026-09-16T00:00:00+00:00,13,264,170,0,13,ok,1.5529411764705883,normal,94.00428265524626
31a278ea-2af3-4101-baad-2bff533b5c01,Blytz_,414,6,2026-09-09T00:00:00+00:00,2026-09-16T00:00:00+00:00,0,0,0,0,0,sem_partidas,,sem_partidas,
13a07227-30a0-4590-9b66-e8e5841b7a8b,H4SAN4TOR,415,6,2026-09-09T00:00:00+00:00,2026-09-16T00:00:00+00:00,10,172,163,0,10,ok,1.0552147239263803,normal,21.413276231263385
0afea8e8-c7e2-4ad7-a20e-ec4ba4ce80ff,3BL0S7R3L,416,6,2026-09-09T00:00:00+00:00,2026-09-16T00:00:00+00:00,32,547,512,0,32,ok,1.068359375,normal,23.554603854389722
b65ca382-cb8c-42a2-aeb7-822fb72cb9a7,iffo,417,6,2026-09-09T00:00:00+00:00,2026-09-16T00:00:00+00:00,33,624,445,0,33,ok,1.402247191011236,normal,83.5117773019272
685163c9-a0d4-41b9-8373-d0d2f26ab42b,kL1o,418,6,2026-09-09T00:00:00+00:00,2026-09-16T00:00:00+00:00,0,0,0,0,0,sem_partidas,,sem_partidas,
1ace868a-d60c-46b8-a61e-f51d40d0305b,lilpeepfan-,419,6,2026-09-09T00:00:00+00:00,2026-09-16T00:00:00+00:00,0,0,0,0,0,sem_partidas,,sem_partidas,
6e9625a5-9d91-4b07-9858-0042f5a53f6a,paz-,420,6,2026-09-09T00:00:00+00:00,2026-09-16T00:00:00+00:00,44,904,652,0,44,ok,1.3865030674846626,normal,82.44111349036403
f34926cc-3857-4d91-bc5a-316ec071263a,djgor1lla,421,6,2026-09-09T00:00:00+00:00,2026-09-16T00:00:00+00:00,64,1082,1025,0,64,ok,1.055609756097561,normal,21.841541755888652
f2e856bd-3ee0-4c05-85da-0f26ecdfcd69,Jhniewolkjer,422,6,2026-09-09T00:00:00+00:00,2026-09-16T00:00:00+00:00,3,50,48,0,3,ok,1.0416666666666667,normal,19.05781584582441
cd978277-44fe-46ef-85e9-c916be624bee,Maiser,423,6,2026-09-09T00:00:00+00:00,2026-09-16T00:00:00+00:00,24,422,379,0,24,ok,1.1134564643799472,normal,35.11777301927195
8dd252bc-7bed-4b80-a8af-08292429f90c,shaiK,424,6,2026-09-09T00:00:00+00:00,2026-09-16T00:00:00+00:00,0,0,0,0,0,sem_partidas,,sem_partidas,
01b56a15-1e5d-43ea-9173-8d2b812bc1c6,strixxxzz,425,6,2026-09-09T00:00:00+00:00,2026-09-16T00:00:00+00:00,27,582,428,0,27,ok,1.3598130841121496,normal,80.29978586723769
92e63ac2-a228-4a2c-8db5-93e4a0b35e6f,SILNYI4EL,426,6,2026-09-09T00:00:00+00:00,2026-09-16T00:00:00+00:00,16,247,230,0,16,ok,1.0739130434782609,normal,25.267665952890795
80396ca7-9e6b-440d-bea6-99c20a78758c,MadLife516,427,6,2026-09-09T00:00:00+00:00,2026-09-16T00:00:00+00:00,27,409,418,0,27,ok,0.9784688995215312,normal,11.563169164882227
53771794-0678-4e00-b12b-605404c711f0,icntflmfce,428,6,2026-09-09T00:00:00+00:00,2026-09-16T00:00:00+00:00,19,352,295,0,19,ok,1.193220338983051,normal,53.96145610278372
43cddbf7-48c8-402d-8ab5-2d7b35c519c2,Tired5,429,6,2026-09-09T00:00:00+00:00,2026-09-16T00:00:00+00:00,16,238,247,0,16,ok,0.9635627530364372,normal,9.421841541755889
f054b0fb-9841-45b9-b832-d3d38f3c948e,iNSANE-0_o,430,6,2026-09-09T00:00:00+00:00,2026-09-16T00:00:00+00:00,36,593,574,0,36,ok,1.0331010452961673,normal,17.987152034261243
6a8c42f1-b66d-49d3-a89a-d0fd7c11d544,CHANKY-,431,6,2026-09-09T00:00:00+00:00,2026-09-16T00:00:00+00:00,11,185,122,0,11,ok,1.5163934426229508,normal,92.29122055674517
0e5e5804-66dc-47fc-abf8-78fbabb2e486,x1nk1n,432,6,2026-09-09T00:00:00+00:00,2026-09-16T00:00:00+00:00,16,283,237,0,16,ok,1.1940928270042195,normal,54.17558886509636
fddec513-3b2c-46c2-8223-5baf9d7c44e1,qw3zy,433,6,2026-09-09T00:00:00+00:00,2026-09-16T00:00:00+00:00,4,45,53,0,4,ok,0.8490566037735849,normal,1.9271948608137044
7755ecad-986d-418d-932e-2250132bee75,newnickname7,434,6,2026-09-09T00:00:00+00:00,2026-09-16T00:00:00+00:00,15,273,213,0,15,ok,1.2816901408450705,normal,70.2355460385439
4396868f-64f7-4847-8443-4703685a0aef,hitori,435,6,2026-09-09T00:00:00+00:00,2026-09-16T00:00:00+00:00,27,459,408,0,27,ok,1.125,normal,37.687366167023555
1606bc69-b662-43ff-a5a6-cb3667b1175f,qw1ck,436,6,2026-09-09T00:00:00+00:00,2026-09-16T00:00:00+00:00,47,739,770,0,47,ok,0.9597402597402598,normal,8.565310492505352
f20f58ba-b7f6-455e-9267-5700584798a7,resqz,437,6,2026-09-09T00:00:00+00:00,2026-09-16T00:00:00+00:00,21,341,338,0,21,ok,1.0088757396449703,normal,15.203426124197003
c1302426-7b94-464e-8074-934bd584a311,latayo,438,6,2026-09-09T00:00:00+00:00,2026-09-16T00:00:00+00:00,38,690,597,0,38,ok,1.1557788944723617,normal,44.53961456102783
47444e4a-3a2e-4952-a6d8-eb535f3f9c82,Something,439,6,2026-09-09T00:00:00+00:00,2026-09-16T00:00:00+00:00,31,517,494,0,31,ok,1.0465587044534412,normal,20.12847965738758
bea77fb4-1e11-43bf-aae7-1ce463bc0a21,nukleos143,440,6,2026-09-09T00:00:00+00:00,2026-09-16T00:00:00+00:00,29,447,396,0,29,ok,1.128787878787879,normal,38.75802997858672
5d950322-1f67-41fe-a8d7-3831ef236504,xz4yrix_-,441,6,2026-09-09T00:00:00+00:00,2026-09-16T00:00:00+00:00,55,910,870,0,55,ok,1.0459770114942528,normal,19.914346895074946
b88c11ce-6c1c-4caf-826c-a3781f5ef95f,r3td,442,6,2026-09-09T00:00:00+00:00,2026-09-16T00:00:00+00:00,14,194,199,0,14,ok,0.9748743718592965,normal,11.349036402569594
a890369c-f360-430b-bb2b-07320647239f,Sami,443,6,2026-09-09T00:00:00+00:00,2026-09-16T00:00:00+00:00,9,127,137,0,9,ok,0.927007299270073,normal,5.567451820128479
41e2d7e1-a224-46b4-8565-cc04e4a9d1ea,crazed-_-,444,6,2026-09-09T00:00:00+00:00,2026-09-16T00:00:00+00:00,4,62,66,0,4,ok,0.9393939393939394,normal,7.28051391862955
37032643-d56f-417e-b165-f058646f8076,wakash1ma666,445,6,2026-09-09T00:00:00+00:00,2026-09-16T00:00:00+00:00,40,708,606,0,40,ok,1.1683168316831682,normal,47.32334047109208
63bbf570-f8f3-4502-9c27-4b2d767bfeb8,newt,446,6,2026-09-09T00:00:00+00:00,2026-09-16T00:00:00+00:00,20,328,303,0,20,ok,1.0825082508250825,normal,26.33832976445396
5b8d259e-503e-4afe-b621-0dc202d46e43,Buzz,447,6,2026-09-09T00:00:00+00:00,2026-09-16T00:00:00+00:00,7,162,108,0,7,ok,1.5,normal,90.79229122055675
ec933b68-6007-408c-818d-10cc284b6838,-mortal666,448,6,2026-09-09T00:00:00+00:00,2026-09-16T00:00:00+00:00,20,283,331,0,20,ok,0.8549848942598187,normal,2.355460385438972
1e004a7b-a857-49ed-ad46-a3f8549d5b7e,Jaex-,449,6,2026-09-09T00:00:00+00:00,2026-09-16T00:00:00+00:00,17,286,235,0,17,ok,1.2170212765957447,normal,57.38758029978587
ea125fed-a8af-4d17-91b9-4e05dc51a0ba,shalfey111,450,6,2026-09-09T00:00:00+00:00,2026-09-16T00:00:00+00:00,5,76,70,0,5,ok,1.0857142857142856,normal,27.40899357601713
c03e59a1-785d-4821-8300-e84d2a30a99c,fez,451,6,2026-09-09T00:00:00+00:00,2026-09-16T00:00:00+00:00,13,254,173,0,13,ok,1.4682080924855492,normal,88.43683083511777
888098d7-ca11-498a-9d76-aa9bc8636708,-Aldikon,452,6,2026-09-09T00:00:00+00:00,2026-09-16T00:00:00+00:00,4,95,51,0,4,ok,1.8627450980392157,outlier_positivo,98.07280513918629
9af7e56b-2661-4235-a853-788f9d07d7c5,safraleine33,453,6,2026-09-09T00:00:00+00:00,2026-09-16T00:00:00+00:00,81,1366,1309,0,81,ok,1.0435446906035142,normal,19.48608137044968
1fc5d089-ed6d-42bc-9014-b7bd8024a5ce,wouri,454,6,2026-09-09T00:00:00+00:00,2026-09-16T00:00:00+00:00,31,518,468,0,31,ok,1.106837606837607,normal,33.40471092077088
94f48ada-f249-4fd3-92cd-d7e1454bbeb3,percoshk3t,455,6,2026-09-09T00:00:00+00:00,2026-09-16T00:00:00+00:00,19,344,316,0,19,ok,1.0886075949367089,normal,28.693790149892934
835047fa-11b8-44df-aff2-df367bacc016,domin0o_,456,6,2026-09-09T00:00:00+00:00,2026-09-16T00:00:00+00:00,5,97,70,0,5,ok,1.3857142857142857,normal,82.22698072805139
9b60b444-681f-4075-9bb2-5b8a1e6c8c0c,zendirege,457,6,2026-09-09T00:00:00+00:00,2026-09-16T00:00:00+00:00,51,889,791,0,51,ok,1.1238938053097345,normal,37.47323340471092
45a216c4-0a48-4475-9e16-4548a1ab8a63,-guty,458,6,2026-09-09T00:00:00+00:00,2026-09-16T00:00:00+00:00,3,55,42,0,3,ok,1.3095238095238095,normal,74.51820128479658
24d172ce-17ac-4473-9bbf-604230499642,kaneko999,459,6,2026-09-09T00:00:00+00:00,2026-09-16T00:00:00+00:00,43,675,698,0,43,ok,0.9670487106017192,normal,10.06423982869379
766e6891-f43c-4caa-9069-6ff948384229,foidslayer--,460,6,2026-09-09T00:00:00+00:00,2026-09-16T00:00:00+00:00,24,462,414,0,24,ok,1.1159420289855073,normal,35.974304068522486
6226a775-1377-48c3-bac5-3a772af824fb,inwayz-_-,461,6,2026-09-09T00:00:00+00:00,2026-09-16T00:00:00+00:00,14,292,186,0,14,ok,1.5698924731182795,normal,94.21841541755889
31344471-a809-45c0-9190-fd6420769871,hallzerk,462,6,2026-09-09T00:00:00+00:00,2026-09-16T00:00:00+00:00,6,108,82,0,6,ok,1.3170731707317074,normal,75.37473233404711
07590cf0-6f1c-4a5c-b349-5af955627f30,kRaSnaI,463,6,2026-09-09T00:00:00+00:00,2026-09-16T00:00:00+00:00,0,0,0,0,0,sem_partidas,,sem_partidas,
7620a1ae-c74b-4677-80c1-3e551c8c3fb7,PYREXX-,464,6,2026-09-09T00:00:00+00:00,2026-09-16T00:00:00+00:00,0,0,0,0,0,sem_partidas,,sem_partidas,
2148ed19-15a3-4d2f-973e-4b7d6a29af6b,AI-Bagheera,465,6,2026-09-09T00:00:00+00:00,2026-09-16T00:00:00+00:00,13,255,197,0,13,ok,1.2944162436548223,normal,72.1627408993576
a20678de-0c2d-4a9f-bf8e-3c856bceab45,b1t,466,6,2026-09-09T00:00:00+00:00,2026-09-16T00:00:00+00:00,9,162,128,0,9,ok,1.265625,normal,67.45182012847965
57bf2171-049e-46e6-8e16-131dcb92a415,avid-,467,6,2026-09-09T00:00:00+00:00,2026-09-16T00:00:00+00:00,10,161,135,0,10,ok,1.1925925925925926,normal,53.53319057815846
43e675a8-d54e-42c4-b055-c0d2062bbf7e,YumsaN,468,6,2026-09-09T00:00:00+00:00,2026-09-16T00:00:00+00:00,0,0,0,0,0,sem_partidas,,sem_partidas,
b0ee1f18-598b-4f15-89d5-99b614cc93b0,Malkiss,469,6,2026-09-09T00:00:00+00:00,2026-09-16T00:00:00+00:00,16,251,230,0,16,ok,1.0913043478260869,normal,29.764453961456105
8a4b1c1b-7957-4b83-a18c-1dee110c4cfc,1nki7331,470,6,2026-09-09T00:00:00+00:00,2026-09-16T00:00:00+00:00,0,0,0,0,0,sem_partidas,,sem_partidas,
d9981652-0143-4c1f-9de5-7fed7f2315f5,k1ssly-,471,6,2026-09-09T00:00:00+00:00,2026-09-16T00:00:00+00:00,5,77,83,0,5,ok,0.927710843373494,normal,5.995717344753747
d6537a7f-eb98-449d-9f31-cada1d6b910d,wswavdghfwd,472,6,2026-09-09T00:00:00+00:00,2026-09-16T00:00:00+00:00,27,509,408,0,27,ok,1.2475490196078431,normal,64.66809421841542
2d83d2dc-abfd-490e-b05e-0019887cf33c,731MusorDrop,473,6,2026-09-09T00:00:00+00:00,2026-09-16T00:00:00+00:00,32,575,456,0,32,ok,1.2609649122807018,normal,66.80942184154176
da235764-ca50-4d23-b071-38e9bf44a39b,jv2k,474,6,2026-09-09T00:00:00+00:00,2026-09-16T00:00:00+00:00,10,135,155,0,10,ok,0.8709677419354839,normal,2.7837259100642395
f91a0186-c110-4c26-b82b-b77f885510a4,cheaterhs,475,6,2026-09-09T00:00:00+00:00,2026-09-16T00:00:00+00:00,22,338,307,0,22,ok,1.1009771986970684,normal,31.47751605995717
eda41a31-6cf9-49f9-9870-7b12bb0d9150,CASEKAICEDO,476,6,2026-09-09T00:00:00+00:00,2026-09-16T00:00:00+00:00,35,518,519,0,35,ok,0.9980732177263969,normal,13.276231263383298
d3f24072-38c0-44ac-9d8b-5dba72c47569,danil_potoke,477,6,2026-09-09T00:00:00+00:00,2026-09-16T00:00:00+00:00,21,282,296,0,21,ok,0.9527027027027027,normal,8.137044967880087
772edefc-9b9d-4e5b-b33e-2958eb6c38a7,H1jgnsh-_-,478,6,2026-09-09T00:00:00+00:00,2026-09-16T00:00:00+00:00,27,449,412,0,27,ok,1.0898058252427185,normal,29.336188436830835
1495e67c-8aa5-4e8a-9e24-7f17e5ea3049,PUPA-9,479,6,2026-09-09T00:00:00+00:00,2026-09-16T00:00:00+00:00,3,67,49,0,3,ok,1.3673469387755102,normal,80.72805139186295
ee612218-4533-4dbc-a8db-21192d8217b8,epeaj666,480,6,2026-09-09T00:00:00+00:00,2026-09-16T00:00:00+00:00,36,644,522,1,37,dados_incompletos,,dados_incompletos,
15371e7d-a30d-4b6a-80d8-d8ca1b8cbc43,stavnmagi,481,6,2026-09-09T00:00:00+00:00,2026-09-16T00:00:00+00:00,1,19,9,0,1,ok,2.111111111111111,outlier_positivo,99.3576017130621
fed5173b-cc64-4d2a-914f-84273a4eb392,deliciousSs,482,6,2026-09-09T00:00:00+00:00,2026-09-16T00:00:00+00:00,21,339,352,0,21,ok,0.9630681818181818,normal,8.779443254817988
f140177f-6dec-4903-9bb6-598f1049e97f,her1tage111,483,6,2026-09-09T00:00:00+00:00,2026-09-16T00:00:00+00:00,4,68,60,0,4,ok,1.1333333333333333,normal,39.61456102783726
e35850f7-8043-4e71-9d3a-3748cb6dfdd7,Shoota-_-,484,6,2026-09-09T00:00:00+00:00,2026-09-16T00:00:00+00:00,13,217,179,0,13,ok,1.2122905027932962,normal,56.53104925053534
c46fe7d1-7623-4014-a63b-2e8bc3cbac62,262,485,6,2026-09-09T00:00:00+00:00,2026-09-16T00:00:00+00:00,36,538,512,0,36,ok,1.05078125,normal,20.556745182012847
defccfc4-ddf1-4aee-b441-51adf7306f37,m4d4ra666,486,6,2026-09-09T00:00:00+00:00,2026-09-16T00:00:00+00:00,6,78,100,0,6,ok,0.78,normal,0.8565310492505354
24a3d250-e64e-4212-9872-2f37997e3e5f,l4uvmaria,487,6,2026-09-09T00:00:00+00:00,2026-09-16T00:00:00+00:00,45,814,684,0,45,ok,1.1900584795321638,normal,52.46252676659529
c6ab629f-9142-4edb-9cb9-a88d5b6ac7ef,Chr1zN,488,6,2026-09-09T00:00:00+00:00,2026-09-16T00:00:00+00:00,4,88,76,0,4,ok,1.1578947368421053,normal,45.182012847965744
30d65106-6fb6-4f84-8a7a-66c10df34b72,--SanDy,489,6,2026-09-09T00:00:00+00:00,2026-09-16T00:00:00+00:00,12,164,158,0,12,ok,1.0379746835443038,normal,18.629550321199144
f02fe0de-fda4-490e-8048-a33cd7a47b54,Jayy2s,490,6,2026-09-09T00:00:00+00:00,2026-09-16T00:00:00+00:00,11,183,161,0,11,ok,1.1366459627329193,normal,40.25695931477516
a29dccc8-5ea9-49be-a884-09b80706b010,fdghnsfdgb,491,6,2026-09-09T00:00:00+00:00,2026-09-16T00:00:00+00:00,34,499,550,0,34,ok,0.9072727272727272,normal,4.282655246252676
75c35b01-719b-4d98-b110-e99a0369097a,whyalive999,492,6,2026-09-09T00:00:00+00:00,2026-09-16T00:00:00+00:00,14,290,240,0,14,ok,1.2083333333333333,normal,55.6745182012848
cab2a609-de2f-4023-a9c7-af89d5292c96,D0cC,493,6,2026-09-09T00:00:00+00:00,2026-09-16T00:00:00+00:00,9,215,117,0,9,ok,1.8376068376068375,outlier_positivo,97.85867237687366
c8a2d8f4-c3d9-46dd-b779-e20940697c76,emiii-,494,6,2026-09-09T00:00:00+00:00,2026-09-16T00:00:00+00:00,25,370,409,0,25,ok,0.9046454767726161,normal,4.068522483940043
3783cdb7-ad5b-4c10-ba0e-ba14df7f8403,-Blam1e,495,6,2026-09-09T00:00:00+00:00,2026-09-16T00:00:00+00:00,9,137,126,0,9,ok,1.0873015873015872,normal,28.051391862955033
f60f128f-693b-4be2-8d37-d8bf0ad519ec,faydett,496,6,2026-09-09T00:00:00+00:00,2026-09-16T00:00:00+00:00,4,46,55,0,4,ok,0.8363636363636363,normal,1.4989293361884368
1bce43de-6944-4533-8402-4631f989c56c,kagiriiii,497,6,2026-09-09T00:00:00+00:00,2026-09-16T00:00:00+00:00,12,238,221,0,12,ok,1.0769230769230769,normal,25.69593147751606
fa49d188-261a-4200-b10d-1c632dfeb87a,solb7,498,6,2026-09-09T00:00:00+00:00,2026-09-16T00:00:00+00:00,25,448,392,0,25,ok,1.1428571428571428,normal,41.7558886509636
cc4540db-0be4-43d7-869d-0a10573e8902,PleaseF1xMe,499,6,2026-09-09T00:00:00+00:00,2026-09-16T00:00:00+00:00,2,36,28,0,2,ok,1.2857142857142858,normal,70.8779443254818
b89b63c3-72b3-4f94-ad9f-8f1cede7e874,edgyS,500,6,2026-09-09T00:00:00+00:00,2026-09-16T00:00:00+00:00,21,365,322,0,21,ok,1.1335403726708075,normal,39.82869379014989
e5e8e2a6-d716-4493-b949-e16965f41654,donk666,1,7,2026-09-16T00:00:00+00:00,2026-09-23T00:00:00+00:00,29,740,412,0,29,ok,1.796116504854369,outlier_positivo,98.50746268656717
33c4e3c7-5428-46f2-bc0f-3fbdce907873,abiraju,2,7,2026-09-16T00:00:00+00:00,2026-09-23T00:00:00+00:00,24,397,368,0,24,ok,1.078804347826087,normal,23.454157782515992
74df0e6b-5b41-42d7-93b4-05dc78b9a699,dem0nnnnnnnn,3,7,2026-09-16T00:00:00+00:00,2026-09-23T00:00:00+00:00,16,378,247,0,16,ok,1.5303643724696356,normal,94.24307036247335
5c96af4a-20e7-40dc-b91b-551803b6170a,1prince1,4,7,2026-09-16T00:00:00+00:00,2026-09-23T00:00:00+00:00,4,93,55,0,4,ok,1.690909090909091,outlier_positivo,97.44136460554371
e5b855bd-3dbc-4928-a216-241d615b431b,nipl,5,7,2026-09-16T00:00:00+00:00,2026-09-23T00:00:00+00:00,14,242,212,0,14,ok,1.1415094339622642,normal,37.10021321961621
34f9fcd0-4f1f-4693-bd96-c2e29df992e5,bluewh1te,6,7,2026-09-16T00:00:00+00:00,2026-09-23T00:00:00+00:00,21,335,334,0,21,ok,1.0029940119760479,normal,9.808102345415778
64000660-f2d2-4c9b-8e29-6ad5ec2b49cf,CEMEN_BAKIN,7,7,2026-09-16T00:00:00+00:00,2026-09-23T00:00:00+00:00,45,989,694,0,45,ok,1.42507204610951,normal,88.4861407249467
463b9403-9b63-4408-a962-d9452385af4d,z1Nny,8,7,2026-09-16T00:00:00+00:00,2026-09-23T00:00:00+00:00,17,329,244,0,17,ok,1.348360655737705,normal,79.317697228145
be994de3-89c8-4d40-9286-c14035208743,-SYPH0,9,7,2026-09-16T00:00:00+00:00,2026-09-23T00:00:00+00:00,13,215,181,0,13,ok,1.1878453038674033,normal,47.54797441364605
2f5f6b1e-9705-45e8-9065-233680b8f4b8,synyx--,10,7,2026-09-16T00:00:00+00:00,2026-09-23T00:00:00+00:00,4,73,67,0,4,ok,1.0895522388059702,normal,25.5863539445629
ae86bf74-eeda-444f-8db4-a4703a74fc95,1769-,11,7,2026-09-16T00:00:00+00:00,2026-09-23T00:00:00+00:00,34,756,515,0,34,ok,1.4679611650485438,normal,91.47121535181236
10b5e974-6308-46ba-8968-0d8b2f5e5c04,U10m3k,12,7,2026-09-16T00:00:00+00:00,2026-09-23T00:00:00+00:00,8,136,99,0,8,ok,1.3737373737373737,normal,82.51599147121536
7034bcab-8503-4615-b216-ba9f05c0ae13,adamb1,13,7,2026-09-16T00:00:00+00:00,2026-09-23T00:00:00+00:00,15,314,214,0,15,ok,1.4672897196261683,normal,91.25799573560768
ca1a7e52-32d3-4330-9c4d-c6d91c7e1eca,kumao,14,7,2026-09-16T00:00:00+00:00,2026-09-23T00:00:00+00:00,11,187,184,0,11,ok,1.016304347826087,normal,11.513859275053305
ba9547a0-c1de-40d7-92be-17dc224c2aec,Ex1st---,15,7,2026-09-16T00:00:00+00:00,2026-09-23T00:00:00+00:00,13,238,196,0,13,ok,1.2142857142857142,normal,55.65031982942431
300012ab-d5be-4271-96be-e2ac66a8f4d4,tried,16,7,2026-09-16T00:00:00+00:00,2026-09-23T00:00:00+00:00,44,885,612,0,44,ok,1.446078431372549,normal,90.19189765458422
b0bf2cc2-198a-4a78-988d-2e7ff7ee6815,Magnojezzz,17,7,2026-09-16T00:00:00+00:00,2026-09-23T00:00:00+00:00,35,669,490,0,35,ok,1.3653061224489795,normal,80.38379530916845
a1d1b853-0d85-437f-9e21-2e9dea4976f5,kRaSnaL,18,7,2026-09-16T00:00:00+00:00,2026-09-23T00:00:00+00:00,33,573,531,0,33,ok,1.07909604519774,normal,23.66737739872068
2ee20933-e330-4879-8eed-0eda12f63b60,Ryujin,19,7,2026-09-16T00:00:00+00:00,2026-09-23T00:00:00+00:00,16,344,256,0,16,ok,1.34375,normal,78.89125799573561
7cfd2312-1ff0-434c-a4b1-be10b033636f,xKacpersky,20,7,2026-09-16T00:00:00+00:00,2026-09-23T00:00:00+00:00,11,200,191,0,11,ok,1.0471204188481675,normal,16.631130063965884
dfe2650b-74ec-419f-8308-cbedfba7eae5,D9D9VOLODYA,21,7,2026-09-16T00:00:00+00:00,2026-09-23T00:00:00+00:00,59,1096,906,0,59,ok,1.2097130242825607,normal,54.79744136460555
512e4ffc-1edf-4f6b-819c-8d15498267b1,tronic,22,7,2026-09-16T00:00:00+00:00,2026-09-23T00:00:00+00:00,30,639,399,0,30,ok,1.6015037593984962,normal,95.52238805970148
f0b0bbdb-af3d-4ad2-a509-9d75e472a558,sakha,23,7,2026-09-16T00:00:00+00:00,2026-09-23T00:00:00+00:00,50,731,710,0,50,ok,1.0295774647887324,normal,13.00639658848614
d3b48a63-5d9d-4db7-ab3f-1dc325b0fc34,mazay,24,7,2026-09-16T00:00:00+00:00,2026-09-23T00:00:00+00:00,6,122,73,0,6,ok,1.6712328767123288,outlier_positivo,97.22814498933901
2ce03e2d-72bd-45d8-872c-dfdefd172e72,nbl-,25,7,2026-09-16T00:00:00+00:00,2026-09-23T00:00:00+00:00,16,298,229,0,16,ok,1.3013100436681222,normal,73.56076759061834
14ade289-8e06-4e85-be76-7ffc51426cae,SquEzxc,26,7,2026-09-16T00:00:00+00:00,2026-09-23T00:00:00+00:00,18,301,236,0,18,ok,1.2754237288135593,normal,68.65671641791045
3b04032f-fa9d-4f8d-9cb5-a2481c51d4bd,Kopol9HEybuT,27,7,2026-09-16T00:00:00+00:00,2026-09-23T00:00:00+00:00,19,322,267,0,19,ok,1.205992509363296,normal,53.304904051172706
ac784f9e-2975-4e9d-b3bc-f2b4a2e8c83b,trd73,28,7,2026-09-16T00:00:00+00:00,2026-09-23T00:00:00+00:00,13,270,201,0,13,ok,1.3432835820895523,normal,78.67803837953092
ac852ba6-6bcd-48f4-a216-1fbe64aeb6a5,mag1k3Y,29,7,2026-09-16T00:00:00+00:00,2026-09-23T00:00:00+00:00,21,443,312,0,21,ok,1.419871794871795,normal,88.05970149253731
58dabfcf-c6d3-4a31-bb0e-9c95ff9c891b,whyhurt,30,7,2026-09-16T00:00:00+00:00,2026-09-23T00:00:00+00:00,45,800,749,0,45,ok,1.0680907877169559,normal,20.8955223880597
3f31fb51-5179-4d2a-871f-831c46d51e5b,rifler,31,7,2026-09-16T00:00:00+00:00,2026-09-23T00:00:00+00:00,33,574,443,0,33,ok,1.2957110609480813,normal,72.28144989339019
821d2f75-a314-48d7-8a90-5d2f152e761a,em0k1d,32,7,2026-09-16T00:00:00+00:00,2026-09-23T00:00:00+00:00,14,214,184,0,14,ok,1.1630434782608696,normal,42.857142857142854
8f151c97-d096-40f1-b3ae-3afaaca644bb,hARNgAdd--,33,7,2026-09-16T00:00:00+00:00,2026-09-23T00:00:00+00:00,11,230,168,0,11,ok,1.369047619047619,normal,81.2366737739872
e942341f-24df-45d9-ac6d-9817cfa6ad0b,frontales,34,7,2026-09-16T00:00:00+00:00,2026-09-23T00:00:00+00:00,21,405,331,0,21,ok,1.2235649546827794,normal,57.995735607675904
09013eac-138e-47ca-a38f-2ba9021c975f,flouzer,35,7,2026-09-16T00:00:00+00:00,2026-09-23T00:00:00+00:00,29,556,445,0,29,ok,1.249438202247191,normal,63.11300639658849
f7320c44-0f99-4c4c-a56c-f83efb346eb8,fudzhy,36,7,2026-09-16T00:00:00+00:00,2026-09-23T00:00:00+00:00,15,277,230,0,15,ok,1.2043478260869565,normal,52.66524520255863
5f766d86-a43a-463c-8673-b4b3d8889631,tokyoshi,37,7,2026-09-16T00:00:00+00:00,2026-09-23T00:00:00+00:00,46,811,664,0,46,ok,1.2213855421686748,normal,57.14285714285714
89aee03d-1762-4b48-99b9-61ff5827dd3f,KAD1M,38,7,2026-09-16T00:00:00+00:00,2026-09-23T00:00:00+00:00,19,421,293,0,19,ok,1.4368600682593857,normal,89.33901918976545
16535c6a-fbce-4485-b5b8-fab4340b707e,b1st-,39,7,2026-09-16T00:00:00+00:00,2026-09-23T00:00:00+00:00,5,104,75,0,5,ok,1.3866666666666667,normal,83.7953091684435
3ecdb88c-0a97-457f-a130-d0782176f94d,FenomeN--,40,7,2026-09-16T00:00:00+00:00,2026-09-23T00:00:00+00:00,25,517,331,0,25,ok,1.5619335347432024,normal,94.88272921108742
31cf2b21-6afc-4bac-a36f-40cebaa6f862,cartilag,41,7,2026-09-16T00:00:00+00:00,2026-09-23T00:00:00+00:00,41,914,562,0,41,ok,1.6263345195729537,normal,96.37526652452026
7c15da7f-39d6-4f8d-b237-ddcc58d0751b,hey666,42,7,2026-09-16T00:00:00+00:00,2026-09-23T00:00:00+00:00,18,315,242,0,18,ok,1.3016528925619835,normal,73.77398720682304
4b6a67fe-50fb-462d-9940-568d8ebd3f83,0SAMAS,43,7,2026-09-16T00:00:00+00:00,2026-09-23T00:00:00+00:00,31,609,508,0,31,ok,1.1988188976377954,normal,50.95948827292111
18842687-3e2e-45fc-a146-0cc8d4d398e9,ayuki222,44,7,2026-09-16T00:00:00+00:00,2026-09-23T00:00:00+00:00,5,87,66,0,5,ok,1.3181818181818181,normal,75.47974413646055
e1c59162-b1e7-48c6-9831-eff3170045af,Tri-Borgg1,45,7,2026-09-16T00:00:00+00:00,2026-09-23T00:00:00+00:00,33,589,525,0,33,ok,1.121904761904762,normal,31.769722814498934
24f68939-d90a-4e47-8e43-7e5137c86f48,stressarN,46,7,2026-09-16T00:00:00+00:00,2026-09-23T00:00:00+00:00,17,338,246,0,17,ok,1.3739837398373984,normal,82.72921108742004
bf4c5d97-d8c0-4d0f-bdf3-26066898a7b9,777thienlao,47,7,2026-09-16T00:00:00+00:00,2026-09-23T00:00:00+00:00,28,488,467,0,28,ok,1.044967880085653,normal,16.204690831556505
4df4d439-0a99-470c-9c36-83b9405a2640,Pump-,48,7,2026-09-16T00:00:00+00:00,2026-09-23T00:00:00+00:00,23,397,334,0,23,ok,1.188622754491018,normal,47.76119402985074
2d2af39e-de80-4670-91da-3a5f7c4a6d32,alkarenn56,49,7,2026-09-16T00:00:00+00:00,2026-09-23T00:00:00+00:00,11,221,169,0,11,ok,1.3076923076923077,normal,74.6268656716418
898780b2-bf70-4c28-8e0d-b9600be8397e,zweih1221,50,7,2026-09-16T00:00:00+00:00,2026-09-23T00:00:00+00:00,19,353,279,0,19,ok,1.2652329749103943,normal,66.73773987206823
009623b1-dd6e-4551-959e-990a21657f93,Mzinho,51,7,2026-09-16T00:00:00+00:00,2026-09-23T00:00:00+00:00,0,0,0,0,0,sem_partidas,,sem_partidas,
ee98a960-c028-4fc6-a62f-af6244e6226e,SiKO-_,52,7,2026-09-16T00:00:00+00:00,2026-09-23T00:00:00+00:00,25,476,385,0,25,ok,1.2363636363636363,normal,61.407249466950965
a280ed8a-3e2b-4305-8e71-fb4c9cc7fa98,kl1m--,53,7,2026-09-16T00:00:00+00:00,2026-09-23T00:00:00+00:00,18,415,258,0,18,ok,1.6085271317829457,normal,95.73560767590618
d9e2a538-9722-4d1c-9925-958f849de1ea,NertZ,54,7,2026-09-16T00:00:00+00:00,2026-09-23T00:00:00+00:00,18,352,246,0,18,ok,1.4308943089430894,normal,89.12579957356077
553eaffc-58b4-4534-8310-cc19b37f72de,lattykk,55,7,2026-09-16T00:00:00+00:00,2026-09-23T00:00:00+00:00,0,0,0,0,0,sem_partidas,,sem_partidas,
c5c1fd40-16a4-4a4f-81ff-b21839a9353b,-FpSSSSSSSSS,56,7,2026-09-16T00:00:00+00:00,2026-09-23T00:00:00+00:00,43,824,652,0,43,ok,1.2638036809815951,normal,66.31130063965884
840ac5b1-cf1e-4e54-aa54-fbb11bffd146,Kingway0,57,7,2026-09-16T00:00:00+00:00,2026-09-23T00:00:00+00:00,22,357,313,0,22,ok,1.1405750798722045,normal,36.88699360341152
dbba8660-90d5-432e-8eda-5e766ae13d23,top1sacer,58,7,2026-09-16T00:00:00+00:00,2026-09-23T00:00:00+00:00,73,1298,1229,0,73,ok,1.0561432058584215,normal,17.91044776119403
2864bdaf-21ab-4757-bab6-3262bec18ec5,ooh,59,7,2026-09-16T00:00:00+00:00,2026-09-23T00:00:00+00:00,32,645,431,0,32,ok,1.4965197215777262,normal,93.17697228144989
b9124784-0b46-4279-b95a-9e6c0a3701c6,rokilan,60,7,2026-09-16T00:00:00+00:00,2026-09-23T00:00:00+00:00,29,532,442,0,29,ok,1.2036199095022624,normal,52.45202558635395
d5f8380b-673c-4d53-8bbb-d537131ae2cf,Keksimage,61,7,2026-09-16T00:00:00+00:00,2026-09-23T00:00:00+00:00,44,736,648,0,44,ok,1.1358024691358024,normal,34.11513859275053
7657e31e-7356-4b24-9930-140c13afda49,Donii,62,7,2026-09-16T00:00:00+00:00,2026-09-23T00:00:00+00:00,33,607,496,0,33,ok,1.2237903225806452,normal,58.42217484008528
86ff5145-8f7f-49f2-b971-c9945f696e71,rendysky,63,7,2026-09-16T00:00:00+00:00,2026-09-23T00:00:00+00:00,15,340,235,0,15,ok,1.446808510638298,normal,90.40511727078892
39bcd70b-01c9-439a-b1ef-029c92ec42ce,M1key-,64,7,2026-09-16T00:00:00+00:00,2026-09-23T00:00:00+00:00,18,390,264,0,18,ok,1.4772727272727273,normal,91.89765458422174
b3df676a-ce32-4229-8144-9329bb7a247b,dement3r-,65,7,2026-09-16T00:00:00+00:00,2026-09-23T00:00:00+00:00,10,163,152,0,10,ok,1.0723684210526316,normal,22.388059701492537
0372e659-5677-4481-aff7-496d2596e5cf,m3wsu,66,7,2026-09-16T00:00:00+00:00,2026-09-23T00:00:00+00:00,12,220,175,0,12,ok,1.2571428571428571,normal,64.39232409381663
e767b78c-8a2d-4bee-b65c-766dd8bab560,gooddeph-7-,67,7,2026-09-16T00:00:00+00:00,2026-09-23T00:00:00+00:00,20,386,321,0,20,ok,1.2024922118380061,normal,52.02558635394456
c93012d6-5e6e-4b84-b39f-b7d4cadfa75c,OGbrigada77,68,7,2026-09-16T00:00:00+00:00,2026-09-23T00:00:00+00:00,17,273,241,0,17,ok,1.1327800829875518,normal,33.688699360341154
b5ecf6b6-0ad9-4976-9f6a-92470ea1c92d,FAZERY,69,7,2026-09-16T00:00:00+00:00,2026-09-23T00:00:00+00:00,3,66,42,0,3,ok,1.5714285714285714,normal,95.0959488272921
4513b098-01b1-4bb5-aa89-8bfaa5ad92d1,k0gaSs,70,7,2026-09-16T00:00:00+00:00,2026-09-23T00:00:00+00:00,36,742,564,0,36,ok,1.3156028368794326,normal,75.26652452025586
75d9c4f8-7cef-4f19-9dd5-500ef0a5b9f0,thecursed-,71,7,2026-09-16T00:00:00+00:00,2026-09-23T00:00:00+00:00,40,819,615,0,40,ok,1.3317073170731708,normal,77.18550106609808
e64f169f-cf2f-47f1-aa84-0b04a9566c53,sqw--,72,7,2026-09-16T00:00:00+00:00,2026-09-23T00:00:00+00:00,31,584,527,0,31,ok,1.1081593927893738,normal,29.637526652452024
c11367d0-bbdd-4398-9a32-858ac23bf950,Maarkoos,73,7,2026-09-16T00:00:00+00:00,2026-09-23T00:00:00+00:00,30,613,469,0,30,ok,1.3070362473347548,normal,74.20042643923242
f2dea182-d1b6-42eb-a95c-909604817c12,idifuxa,74,7,2026-09-16T00:00:00+00:00,2026-09-23T00:00:00+00:00,8,173,117,0,8,ok,1.4786324786324787,normal,92.11087420042644
10735fa0-ab32-4b53-9725-f2f6ce9090de,youka,75,7,2026-09-16T00:00:00+00:00,2026-09-23T00:00:00+00:00,8,142,95,0,8,ok,1.4947368421052631,normal,92.96375266524521
b3eca94a-e203-49b3-beeb-d994f6a4df63,--Mokuj1n,76,7,2026-09-16T00:00:00+00:00,2026-09-23T00:00:00+00:00,21,362,305,0,21,ok,1.1868852459016392,normal,47.12153518123667
3ae0a945-fef4-4738-b6b9-7b3b5db7f249,PR--,77,7,2026-09-16T00:00:00+00:00,2026-09-23T00:00:00+00:00,4,67,63,0,4,ok,1.0634920634920635,normal,19.616204690831555
e8d95f8f-ecb3-4bd2-9dd0-28da03c253f0,brutmonster,78,7,2026-09-16T00:00:00+00:00,2026-09-23T00:00:00+00:00,35,569,526,0,35,ok,1.0817490494296578,normal,24.093816631130064
560a0af8-5fcd-46fb-ace8-7a89ce987b27,dezl3bio,79,7,2026-09-16T00:00:00+00:00,2026-09-23T00:00:00+00:00,10,183,173,0,10,ok,1.0578034682080926,normal,18.336886993603414
93306681-bce6-4369-8c41-e0bdba2597ed,m0NESY,80,7,2026-09-16T00:00:00+00:00,2026-09-23T00:00:00+00:00,0,0,0,0,0,sem_partidas,,sem_partidas,
cb38b461-9ead-4683-9406-237263c331db,slaxejezzz,81,7,2026-09-16T00:00:00+00:00,2026-09-23T00:00:00+00:00,12,225,175,0,12,ok,1.2857142857142858,normal,70.36247334754798
f45986f7-7618-485e-a9ff-ee3e629589cc,MaSvAl,82,7,2026-09-16T00:00:00+00:00,2026-09-23T00:00:00+00:00,15,252,231,0,15,ok,1.0909090909090908,normal,25.79957356076759
860eb93d-a963-418c-9e2c-69d39f270eb3,Krabeni,83,7,2026-09-16T00:00:00+00:00,2026-09-23T00:00:00+00:00,14,233,225,0,14,ok,1.0355555555555556,normal,15.13859275053305
657680fd-36af-4fa3-a506-8e1f6e64a1ff,kensizor,84,7,2026-09-16T00:00:00+00:00,2026-09-23T00:00:00+00:00,2,41,23,1,3,dados_incompletos,,dados_incompletos,
00beb86f-d29e-4f4f-ad7c-580d9b1434b4,es0r7,85,7,2026-09-16T00:00:00+00:00,2026-09-23T00:00:00+00:00,33,582,467,0,33,ok,1.246252676659529,normal,62.47334754797441
70afdb5a-9362-4aa9-bfcd-2e10e6447293,heavensent,86,7,2026-09-16T00:00:00+00:00,2026-09-23T00:00:00+00:00,34,577,471,0,34,ok,1.2250530785562632,normal,58.63539445628998
1a4ed498-cee4-44e7-8fee-ce1ecba7647c,executor,87,7,2026-09-16T00:00:00+00:00,2026-09-23T00:00:00+00:00,11,191,127,0,11,ok,1.5039370078740157,normal,93.60341151385929
ff5a0714-0b89-4646-a6b3-34fc571913ff,Dyshbert,88,7,2026-09-16T00:00:00+00:00,2026-09-23T00:00:00+00:00,23,383,384,0,23,ok,0.9973958333333334,normal,9.381663113006397
f2ed130e-93c9-46c9-8f93-377b18a43007,m4tthiXD,89,7,2026-09-16T00:00:00+00:00,2026-09-23T00:00:00+00:00,9,195,135,0,9,ok,1.4444444444444444,normal,89.97867803837953
f2fe1b0a-5106-4943-a66e-61e9dad480e4,shen,90,7,2026-09-16T00:00:00+00:00,2026-09-23T00:00:00+00:00,15,264,230,0,15,ok,1.1478260869565218,normal,39.23240938166311
2d746c13-16de-48bf-a8a2-b7a0341aa66d,day0sTV,91,7,2026-09-16T00:00:00+00:00,2026-09-23T00:00:00+00:00,61,1183,963,0,61,ok,1.228452751817238,normal,59.488272921108745
9ba15dee-7a51-4524-a502-5161dbf1a604,Kiryasoo,92,7,2026-09-16T00:00:00+00:00,2026-09-23T00:00:00+00:00,24,451,395,0,24,ok,1.1417721518987343,normal,37.3134328358209
981a95bd-ff59-4ead-80ca-55cd3a3034ba,bl1x1,93,7,2026-09-16T00:00:00+00:00,2026-09-23T00:00:00+00:00,6,112,94,0,6,ok,1.1914893617021276,normal,49.040511727078886
07a67e4b-d42c-4352-802c-56f3d8a0c357,skept1K,94,7,2026-09-16T00:00:00+00:00,2026-09-23T00:00:00+00:00,0,0,0,0,0,sem_partidas,,sem_partidas,
fb1af1d5-eee3-46e3-9939-01df9420b9d6,xelex,95,7,2026-09-16T00:00:00+00:00,2026-09-23T00:00:00+00:00,17,352,267,0,17,ok,1.3183520599250935,normal,75.69296375266525
f021a295-77ea-4eb4-a86d-f5de0fbae819,-k9ppy,96,7,2026-09-16T00:00:00+00:00,2026-09-23T00:00:00+00:00,50,921,751,0,50,ok,1.2263648468708388,normal,58.84861407249466
3debc071-8e59-4823-86ab-ed3996ecc200,aMPYLS0N,97,7,2026-09-16T00:00:00+00:00,2026-09-23T00:00:00+00:00,43,776,638,0,43,ok,1.2163009404388714,normal,56.07675906183369
7dbf107a-1199-4932-823e-e38ccc46288e,MaiL09,98,7,2026-09-16T00:00:00+00:00,2026-09-23T00:00:00+00:00,25,450,337,0,25,ok,1.3353115727002967,normal,78.03837953091684
bd0c2058-84d7-42a7-9e52-d42caa1bcc47,Djon8,99,7,2026-09-16T00:00:00+00:00,2026-09-23T00:00:00+00:00,16,336,228,0,16,ok,1.4736842105263157,normal,91.68443496801706
72e06938-b0cd-43d3-90d7-7db513dcfa0f,la3euka,100,7,2026-09-16T00:00:00+00:00,2026-09-23T00:00:00+00:00,8,151,111,0,8,ok,1.3603603603603605,normal,80.17057569296375
9fd59dc3-fcff-4a13-a40b-52fe7391020b,headmashin1e,101,7,2026-09-16T00:00:00+00:00,2026-09-23T00:00:00+00:00,17,299,271,0,17,ok,1.103321033210332,normal,28.57142857142857
df7166cf-725c-4438-94a8-069e6df31a56,adex_-,102,7,2026-09-16T00:00:00+00:00,2026-09-23T00:00:00+00:00,24,479,294,0,24,ok,1.629251700680272,normal,96.58848614072495
ad239f19-d904-4771-8e6b-5a6c071bb94c,tO0RO,103,7,2026-09-16T00:00:00+00:00,2026-09-23T00:00:00+00:00,1,27,17,0,1,ok,1.588235294117647,normal,95.3091684434968
b16878a2-01c6-4d99-8a2e-7a9bc32a83a5,t3ns1on,104,7,2026-09-16T00:00:00+00:00,2026-09-23T00:00:00+00:00,2,50,23,0,2,ok,2.1739130434782608,outlier_positivo,99.57356076759062
d649f36b-8ea1-4f0b-b326-a631f8508938,-Kunai,105,7,2026-09-16T00:00:00+00:00,2026-09-23T00:00:00+00:00,5,67,75,0,5,ok,0.8933333333333333,normal,2.55863539445629
dca638b9-fd2d-40eb-b7c6-c853242618d0,iRV1NG,106,7,2026-09-16T00:00:00+00:00,2026-09-23T00:00:00+00:00,15,306,230,0,15,ok,1.3304347826086957,normal,76.97228144989339
d413e287-2af5-49cc-a95c-8825702fa233,seximanjak,107,7,2026-09-16T00:00:00+00:00,2026-09-23T00:00:00+00:00,51,795,761,0,51,ok,1.0446780551905388,normal,15.991471215351813
1e01229f-b0d8-4cb1-82f0-6fd7dc362990,Qlocuu,108,7,2026-09-16T00:00:00+00:00,2026-09-23T00:00:00+00:00,12,203,216,0,12,ok,0.9398148148148148,normal,4.904051172707889
e8efe2d2-a8a7-428f-87b3-d2b3c29e0e5f,Anlelele,109,7,2026-09-16T00:00:00+00:00,2026-09-23T00:00:00+00:00,18,312,234,0,18,ok,1.3333333333333333,normal,77.61194029850746
5ef454c3-1ff3-4a9d-a2df-097cbcb911a3,ayanokojii,110,7,2026-09-16T00:00:00+00:00,2026-09-23T00:00:00+00:00,11,178,169,0,11,ok,1.0532544378698225,normal,17.48400852878465
329c6a46-4acf-404a-8a29-fd391e6a88de,-kRyTouS,111,7,2026-09-16T00:00:00+00:00,2026-09-23T00:00:00+00:00,33,591,496,0,33,ok,1.1915322580645162,normal,49.25373134328358
2f96ef6e-c6f9-4c55-bee9-c49798801fd4,puuha,112,7,2026-09-16T00:00:00+00:00,2026-09-23T00:00:00+00:00,18,311,273,0,18,ok,1.1391941391941391,normal,35.82089552238806
085e0f56-1417-48df-b9f8-2279c8756854,musordrop853,113,7,2026-09-16T00:00:00+00:00,2026-09-23T00:00:00+00:00,29,450,468,0,29,ok,0.9615384615384616,normal,6.609808102345416
dcc5bb48-c74c-413e-9773-20d3294dcbb0,MoDo,114,7,2026-09-16T00:00:00+00:00,2026-09-23T00:00:00+00:00,12,239,180,0,12,ok,1.3277777777777777,normal,76.54584221748401
c84f9dbb-69e3-4d31-a283-21516bfe9a3d,Cliqq,115,7,2026-09-16T00:00:00+00:00,2026-09-23T00:00:00+00:00,58,990,812,0,58,ok,1.2192118226600985,normal,56.50319829424307
559a164d-93d6-4197-a902-f9cd92ee65ff,ketsuo,116,7,2026-09-16T00:00:00+00:00,2026-09-23T00:00:00+00:00,18,282,258,0,18,ok,1.0930232558139534,normal,26.226012793176974
7ea66ae5-c99f-4846-8fc2-cd6e03a5559f,kurosa,117,7,2026-09-16T00:00:00+00:00,2026-09-23T00:00:00+00:00,11,175,179,0,11,ok,0.9776536312849162,normal,8.102345415778252
b6daa950-11e5-4f51-b58e-b4e01e112500,sirah,118,7,2026-09-16T00:00:00+00:00,2026-09-23T00:00:00+00:00,6,107,93,0,6,ok,1.1505376344086022,normal,39.6588486140725
64696280-3883-4ef0-ad27-4b5748dd0985,ICY--,119,7,2026-09-16T00:00:00+00:00,2026-09-23T00:00:00+00:00,42,690,602,0,42,ok,1.1461794019933556,normal,38.80597014925373
55c8eb63-6051-4e71-a95a-711a47b5cef0,Beccie,120,7,2026-09-16T00:00:00+00:00,2026-09-23T00:00:00+00:00,2,27,24,0,2,ok,1.125,normal,32.40938166311301
60aa5adc-ce7d-488c-a52b-20d69663177f,bleedmagneto,121,7,2026-09-16T00:00:00+00:00,2026-09-23T00:00:00+00:00,32,599,510,0,32,ok,1.1745098039215687,normal,44.776119402985074
74f9240e-fe24-4aac-aa37-53b2b5e804d8,-Staehr-,122,7,2026-09-16T00:00:00+00:00,2026-09-23T00:00:00+00:00,0,0,0,0,0,sem_partidas,,sem_partidas,
21046047-4026-4689-8f01-dc5d6588f120,halfjix,123,7,2026-09-16T00:00:00+00:00,2026-09-23T00:00:00+00:00,9,166,151,0,9,ok,1.099337748344371,normal,27.718550106609808
39056d07-cdc5-4613-906d-e900a1f781a2,-xTRAVIS,124,7,2026-09-16T00:00:00+00:00,2026-09-23T00:00:00+00:00,20,362,313,0,20,ok,1.156549520766773,normal,41.57782515991471
790ce1ad-38e3-4a45-b44a-5d33658102e6,qw1nk1,125,7,2026-09-16T00:00:00+00:00,2026-09-23T00:00:00+00:00,3,63,33,0,3,ok,1.9090909090909092,outlier_positivo,99.14712153518124
cd6867e2-cc11-4456-a649-ca87609f56eb,bodygu4rdd,126,7,2026-09-16T00:00:00+00:00,2026-09-23T00:00:00+00:00,9,154,146,0,9,ok,1.0547945205479452,normal,17.69722814498934
4d6756dc-387a-499c-89ad-d7bc558c4c95,bobeksde,127,7,2026-09-16T00:00:00+00:00,2026-09-23T00:00:00+00:00,39,780,619,0,39,ok,1.260096930533118,normal,65.0319829424307
414273a0-38f0-4680-9f85-204aa8649c3a,premtroll,128,7,2026-09-16T00:00:00+00:00,2026-09-23T00:00:00+00:00,11,230,153,0,11,ok,1.5032679738562091,normal,93.39019189765459
3f6dc8a5-1881-4955-b78c-573f57f3646f,h21f,129,7,2026-09-16T00:00:00+00:00,2026-09-23T00:00:00+00:00,11,203,173,0,11,ok,1.1734104046242775,normal,44.562899786780385
3af5d1af-75db-4cc2-aa8b-76b1f1b76af8,xEternaLxx,130,7,2026-09-16T00:00:00+00:00,2026-09-23T00:00:00+00:00,14,308,231,0,14,ok,1.3333333333333333,normal,77.61194029850746
c71b99ef-1147-4529-b0df-ebe1d743c04b,amaterasu27,131,7,2026-09-16T00:00:00+00:00,2026-09-23T00:00:00+00:00,26,504,367,0,26,ok,1.3732970027247957,normal,82.30277185501066
4af7ce32-5534-4bca-9a8e-1d3b3ecb9585,Netrix,132,7,2026-09-16T00:00:00+00:00,2026-09-23T00:00:00+00:00,16,259,243,0,16,ok,1.0658436213991769,normal,20.46908315565032
74331d2e-c318-43aa-9b4d-106b209412ac,91914,133,7,2026-09-16T00:00:00+00:00,2026-09-23T00:00:00+00:00,7,137,125,0,7,ok,1.096,normal,27.292110874200425
f67e6116-a332-4414-be60-fb4cc06da41c,11chigiri,134,7,2026-09-16T00:00:00+00:00,2026-09-23T00:00:00+00:00,32,657,513,0,32,ok,1.280701754385965,normal,69.29637526652452
ab74ab79-36ce-4c44-a09d-453006dcf9e1,awks,135,7,2026-09-16T00:00:00+00:00,2026-09-23T00:00:00+00:00,65,1129,990,0,65,ok,1.1404040404040403,normal,36.46055437100213
0c938952-475b-4689-ad04-60100e76ef81,r1pa4-,136,7,2026-09-16T00:00:00+00:00,2026-09-23T00:00:00+00:00,27,480,408,0,27,ok,1.1764705882352942,normal,45.20255863539446
be2af9a3-ef6d-428c-b8f4-6921d6275638,wetfy,137,7,2026-09-16T00:00:00+00:00,2026-09-23T00:00:00+00:00,9,167,111,0,9,ok,1.5045045045045045,normal,93.81663113006397
826a8c4b-9b0f-403e-8bc8-11295ff894ff,28ddeiv,138,7,2026-09-16T00:00:00+00:00,2026-09-23T00:00:00+00:00,22,490,276,0,22,ok,1.7753623188405796,outlier_positivo,98.08102345415777
33268a14-c768-41f4-819e-cec913a99b82,seberya,139,7,2026-09-16T00:00:00+00:00,2026-09-23T00:00:00+00:00,9,201,156,0,9,ok,1.2884615384615385,normal,71.21535181236673
36f96e7b-6bf3-48b1-8f1a-cd35aee83702,sSen,140,7,2026-09-16T00:00:00+00:00,2026-09-23T00:00:00+00:00,1,23,9,0,1,ok,2.5555555555555554,outlier_positivo,100.0
d9168434-7466-43ed-9a8c-f883d953d77d,SnexLy,141,7,2026-09-16T00:00:00+00:00,2026-09-23T00:00:00+00:00,4,83,57,0,4,ok,1.456140350877193,normal,90.6183368869936
ee99d9a7-d14b-4642-9731-0890b63be81e,1suzu,142,7,2026-09-16T00:00:00+00:00,2026-09-23T00:00:00+00:00,28,575,491,0,28,ok,1.1710794297352343,normal,44.136460554371006
bae31a43-7767-4d7a-be80-429992f78ec0,cronuss,143,7,2026-09-16T00:00:00+00:00,2026-09-23T00:00:00+00:00,41,772,641,0,41,ok,1.204368174726989,normal,52.87846481876333
e326eb2d-4e3e-4ebe-a34d-4a07def33893,adamS,144,7,2026-09-16T00:00:00+00:00,2026-09-23T00:00:00+00:00,24,417,325,0,24,ok,1.283076923076923,normal,69.7228144989339
f858b6d9-5717-4335-8d4d-166a9fc305bc,Mride,145,7,2026-09-16T00:00:00+00:00,2026-09-23T00:00:00+00:00,0,0,0,0,0,sem_partidas,,sem_partidas,
591e26a3-eb86-4d4c-afa8-b5754455dc03,w0nderful,146,7,2026-09-16T00:00:00+00:00,2026-09-23T00:00:00+00:00,8,140,116,0,8,ok,1.206896551724138,normal,54.15778251599147
b0f7ff0c-5051-4826-9dd4-b7e0219de821,fakerealityy,147,7,2026-09-16T00:00:00+00:00,2026-09-23T00:00:00+00:00,3,59,54,0,3,ok,1.0925925925925926,normal,26.01279317697228
7a51f50f-6fdd-4fe8-9c30-455cd3b8d694,yasxozhysyma,148,7,2026-09-16T00:00:00+00:00,2026-09-23T00:00:00+00:00,20,355,273,0,20,ok,1.3003663003663004,normal,73.34754797441366
5ffc6439-29f3-47a6-aebb-f73ef591827c,soerrr,149,7,2026-09-16T00:00:00+00:00,2026-09-23T00:00:00+00:00,14,263,243,0,14,ok,1.0823045267489713,normal,24.307036247334754
4c3a4a59-0cdb-4477-b90b-1109a1d0cf13,BOROS,150,7,2026-09-16T00:00:00+00:00,2026-09-23T00:00:00+00:00,67,1362,1061,0,67,ok,1.2836946277097079,normal,69.9360341151386
df5ba290-c6a6-4481-8e9e-d16ceb4dbc6b,KaiR0N-993,151,7,2026-09-16T00:00:00+00:00,2026-09-23T00:00:00+00:00,6,113,86,0,6,ok,1.313953488372093,normal,75.05330490405117
793ea9e5-fef6-4571-9b30-7c5d9f323215,darui,152,7,2026-09-16T00:00:00+00:00,2026-09-23T00:00:00+00:00,10,187,155,0,10,ok,1.206451612903226,normal,53.5181236673774
a99dd5a7-45a6-4019-8bc6-0f30fd554ef5,aidKiT,153,7,2026-09-16T00:00:00+00:00,2026-09-23T00:00:00+00:00,1,19,10,0,1,ok,1.9,outlier_positivo,98.93390191897655
0965c421-4957-4e48-86e2-2c3966abae3f,cairne-,154,7,2026-09-16T00:00:00+00:00,2026-09-23T00:00:00+00:00,16,298,252,0,16,ok,1.1825396825396826,normal,46.481876332622605
4cabcf3b-8baa-4c71-a1d3-cf98d581e971,Toshiikk,155,7,2026-09-16T00:00:00+00:00,2026-09-23T00:00:00+00:00,26,426,383,0,26,ok,1.112271540469974,normal,30.2771855010661
cb0cc456-8ae0-438f-bf8b-4e000e4e0476,s4rsen-,156,7,2026-09-16T00:00:00+00:00,2026-09-23T00:00:00+00:00,40,712,623,0,40,ok,1.1428571428571428,normal,37.73987206823028
24636d00-25cc-4ab7-9cbd-67c633c08d0c,topo-,157,7,2026-09-16T00:00:00+00:00,2026-09-23T00:00:00+00:00,6,127,84,0,6,ok,1.5119047619047619,normal,94.02985074626866
d15e9f85-12c3-4ad9-a174-6d0248d6393d,Nosik,158,7,2026-09-16T00:00:00+00:00,2026-09-23T00:00:00+00:00,6,115,110,0,6,ok,1.0454545454545454,normal,16.417910447761194
c41561a6-a5f4-459c-8a5c-bde5f8eac911,Muk0s,159,7,2026-09-16T00:00:00+00:00,2026-09-23T00:00:00+00:00,7,128,102,0,7,ok,1.2549019607843137,normal,63.965884861407254
8b3dcf0e-1a09-409e-b4a9-51002dc2079f,WaSdyy,160,7,2026-09-16T00:00:00+00:00,2026-09-23T00:00:00+00:00,24,418,438,0,24,ok,0.954337899543379,normal,6.183368869936034
d700efb0-363a-468d-88cd-f22c3567bcd6,rose88,161,7,2026-09-16T00:00:00+00:00,2026-09-23T00:00:00+00:00,36,702,586,0,36,ok,1.1979522184300342,normal,50.74626865671642
67345c91-57b6-42dc-b49c-330b091da3a6,chronic111,162,7,2026-09-16T00:00:00+00:00,2026-09-23T00:00:00+00:00,11,192,180,0,11,ok,1.0666666666666667,normal,20.68230277185501
08eb0b0f-b360-4b61-94ad-c949afd665ea,Krimbo,163,7,2026-09-16T00:00:00+00:00,2026-09-23T00:00:00+00:00,3,42,43,0,3,ok,0.9767441860465116,normal,7.675906183368871
ae6f1503-1de9-4b9b-9a29-f1b9de916870,jabbi,164,7,2026-09-16T00:00:00+00:00,2026-09-23T00:00:00+00:00,1,19,19,0,1,ok,1.0,normal,9.594882729211088
43857419-1f5a-4b9d-aba7-011092133de3,KENNY-_,165,7,2026-09-16T00:00:00+00:00,2026-09-23T00:00:00+00:00,8,127,107,0,8,ok,1.1869158878504673,normal,47.33475479744136
5e18dd12-2e40-48c4-a66f-886108f095ed,HeavyGod,166,7,2026-09-16T00:00:00+00:00,2026-09-23T00:00:00+00:00,0,0,0,0,0,sem_partidas,,sem_partidas,
4c27b599-0a56-4f3e-80cb-6ef83b6df2cf,Slaxx-,167,7,2026-09-16T00:00:00+00:00,2026-09-23T00:00:00+00:00,10,155,123,0,10,ok,1.2601626016260163,normal,65.2452025586354
f3fef601-52ca-4bd2-8ec6-9e9f532a6c6b,nikusharain,168,7,2026-09-16T00:00:00+00:00,2026-09-23T00:00:00+00:00,43,720,652,0,43,ok,1.1042944785276074,normal,28.78464818763326
c519d8f3-0c93-4476-af3e-38395ee7c297,teses,169,7,2026-09-16T00:00:00+00:00,2026-09-23T00:00:00+00:00,2,41,29,0,2,ok,1.4137931034482758,normal,87.42004264392324
a699663a-e65d-4c93-9a92-fd5a91955cc4,cadnyx,170,7,2026-09-16T00:00:00+00:00,2026-09-23T00:00:00+00:00,6,146,116,0,6,ok,1.2586206896551724,normal,64.81876332622602
078ff0df-ebb9-4352-b7ee-dc2044dd676f,-finW,171,7,2026-09-16T00:00:00+00:00,2026-09-23T00:00:00+00:00,23,366,303,0,23,ok,1.2079207920792079,normal,54.58422174840085
84f4489d-e23e-4a8a-b3c5-dccf57610195,-rim3,172,7,2026-09-16T00:00:00+00:00,2026-09-23T00:00:00+00:00,4,89,61,0,4,ok,1.459016393442623,normal,91.04477611940298
6dc1d190-e2e0-4762-9fbe-5f3d40ea1522,Br4tkO,173,7,2026-09-16T00:00:00+00:00,2026-09-23T00:00:00+00:00,31,592,459,0,31,ok,1.289760348583878,normal,71.42857142857143
b030ed65-9170-4668-9bfa-ac6c2e53954c,St0m4k,174,7,2026-09-16T00:00:00+00:00,2026-09-23T00:00:00+00:00,18,351,263,0,18,ok,1.3346007604562737,normal,77.82515991471215
36577e6e-2c58-4812-bc6a-6b110ce00e56,nesh66,175,7,2026-09-16T00:00:00+00:00,2026-09-23T00:00:00+00:00,87,1537,1418,0,87,ok,1.0839210155148096,normal,24.733475479744136
bc74e768-9ee4-4472-bb10-6280b47fb94b,mak1se,176,7,2026-09-16T00:00:00+00:00,2026-09-23T00:00:00+00:00,4,72,57,0,4,ok,1.263157894736842,normal,66.09808102345416
d5fa1a5b-9fde-4996-bd1e-bab0aa9bb0d2,ryu777,177,7,2026-09-16T00:00:00+00:00,2026-09-23T00:00:00+00:00,7,164,91,0,7,ok,1.8021978021978022,outlier_positivo,98.72068230277186
8d345deb-661c-4286-b663-96679d9bcda7,DEBABA,178,7,2026-09-16T00:00:00+00:00,2026-09-23T00:00:00+00:00,23,409,397,0,23,ok,1.0302267002518892,normal,13.219616204690832
41867c48-0982-4608-af44-d9749c2b5b6a,MoNaTy,179,7,2026-09-16T00:00:00+00:00,2026-09-23T00:00:00+00:00,30,486,427,0,30,ok,1.1381733021077283,normal,34.9680170575693
1e1d8f20-c572-4e53-bf37-4590a5512687,--DeDe,180,7,2026-09-16T00:00:00+00:00,2026-09-23T00:00:00+00:00,25,453,369,0,25,ok,1.2276422764227641,normal,59.27505330490405
2e65b3ea-fdb0-466c-9aca-89e170c67b61,depact,181,7,2026-09-16T00:00:00+00:00,2026-09-23T00:00:00+00:00,44,684,702,0,44,ok,0.9743589743589743,normal,7.249466950959488
ab2bf7fd-7997-4a7a-9c94-6b7d52ffd200,yxngstxr,182,7,2026-09-16T00:00:00+00:00,2026-09-23T00:00:00+00:00,5,88,72,0,5,ok,1.2222222222222223,normal,57.56929637526652
5be133c1-38b6-4dde-9107-b64c7458452e,notineki,183,7,2026-09-16T00:00:00+00:00,2026-09-23T00:00:00+00:00,32,582,461,0,32,ok,1.262472885032538,normal,65.88486140724946
a258abc5-326b-4824-a9ad-b3fa2855b712,kalymbs1,184,7,2026-09-16T00:00:00+00:00,2026-09-23T00:00:00+00:00,15,296,212,0,15,ok,1.3962264150943395,normal,84.86140724946695
02b26fe9-49d1-47e7-afa0-1b5c562ca4e2,KatzRead,185,7,2026-09-16T00:00:00+00:00,2026-09-23T00:00:00+00:00,27,411,415,0,27,ok,0.9903614457831326,normal,8.955223880597014
194afbb1-cb96-4fc8-8bd6-5f932b3fcfa3,susp,186,7,2026-09-16T00:00:00+00:00,2026-09-23T00:00:00+00:00,8,154,129,0,8,ok,1.193798449612403,normal,49.68017057569296
95adb33f-5e6f-4c6d-be25-f2e8b1d9c628,Amarogo,187,7,2026-09-16T00:00:00+00:00,2026-09-23T00:00:00+00:00,0,0,0,0,0,sem_partidas,,sem_partidas,
32c49d7e-20fc-4fb5-a54a-c99f90262311,emiIio-,188,7,2026-09-16T00:00:00+00:00,2026-09-23T00:00:00+00:00,42,701,646,0,42,ok,1.085139318885449,normal,24.946695095948826
2060bf4b-cf44-41ad-92ca-2492bc95f88d,2016wasfun,189,7,2026-09-16T00:00:00+00:00,2026-09-23T00:00:00+00:00,34,530,514,0,34,ok,1.0311284046692606,normal,13.859275053304904
504ca567-8911-45dd-a680-a617dff2c00c,swetsi_1win,190,7,2026-09-16T00:00:00+00:00,2026-09-23T00:00:00+00:00,4,57,67,0,4,ok,0.8507462686567164,normal,1.4925373134328357
b27101a3-c6e1-44c8-b83d-19dab54cb7ac,sl3nd-,191,7,2026-09-16T00:00:00+00:00,2026-09-23T00:00:00+00:00,13,265,198,0,13,ok,1.3383838383838385,normal,78.25159914712152
472386e2-8e2b-43ab-bd00-5ea49d71d33b,7MusorDrop67,192,7,2026-09-16T00:00:00+00:00,2026-09-23T00:00:00+00:00,18,303,257,0,18,ok,1.178988326848249,normal,45.62899786780384
931f1364-a519-43c6-ab02-a73e8416481a,Saax_,193,7,2026-09-16T00:00:00+00:00,2026-09-23T00:00:00+00:00,56,925,830,0,56,ok,1.1144578313253013,normal,31.13006396588486
967b6309-c289-4900-8459-0e33ce488b1c,L00m1,194,7,2026-09-16T00:00:00+00:00,2026-09-23T00:00:00+00:00,18,315,238,0,18,ok,1.3235294117647058,normal,75.90618336886993
b8c3743e-a4c3-4168-ad0f-348a37a77a72,GrandLove,195,7,2026-09-16T00:00:00+00:00,2026-09-23T00:00:00+00:00,56,1027,1004,0,56,ok,1.0229083665338645,normal,12.57995735607676
dfc49048-07fd-4d4e-825d-f2d7f155c4bb,somehxw,196,7,2026-09-16T00:00:00+00:00,2026-09-23T00:00:00+00:00,46,910,727,0,46,ok,1.2517193947730398,normal,63.53944562899787
3e7ed0d7-2105-4d2d-929a-f6befe6d8cc0,ayalkasi,197,7,2026-09-16T00:00:00+00:00,2026-09-23T00:00:00+00:00,3,35,25,0,3,ok,1.4,normal,85.50106609808103
18911949-a23d-4b42-bd0b-7a970b51824c,frozen_-,198,7,2026-09-16T00:00:00+00:00,2026-09-23T00:00:00+00:00,20,363,264,0,20,ok,1.375,normal,83.15565031982942
720fc287-1f03-46ff-a6e2-4c9bede77262,-yummy,199,7,2026-09-16T00:00:00+00:00,2026-09-23T00:00:00+00:00,31,586,421,0,31,ok,1.3919239904988123,normal,84.43496801705757
964410bb-394d-4633-87fd-501ec0fbb914,ritchiE,200,7,2026-09-16T00:00:00+00:00,2026-09-23T00:00:00+00:00,1,13,14,0,1,ok,0.9285714285714286,normal,4.051172707889126
6ac4baef-7bbb-4bc5-9f2b-aa95176bd8ab,YEKINDAR_,201,7,2026-09-16T00:00:00+00:00,2026-09-23T00:00:00+00:00,37,626,607,0,37,ok,1.031301482701812,normal,14.072494669509595
78407773-ed65-456a-a507-ca50cbd78e17,SEMSY,202,7,2026-09-16T00:00:00+00:00,2026-09-23T00:00:00+00:00,42,755,660,0,42,ok,1.143939393939394,normal,37.953091684434966
4e841b14-b668-476d-b7db-774f68aa4ed4,Patsi-,203,7,2026-09-16T00:00:00+00:00,2026-09-23T00:00:00+00:00,34,627,563,0,34,ok,1.1136767317939609,normal,30.703624733475483
b58c8c5c-41da-4388-9864-0f3f72ca13db,datet-_-,204,7,2026-09-16T00:00:00+00:00,2026-09-23T00:00:00+00:00,19,338,319,0,19,ok,1.0595611285266457,normal,18.550106609808104
86383974-b132-48a2-a66f-cf9d3a3d68fd,tENZY,205,7,2026-09-16T00:00:00+00:00,2026-09-23T00:00:00+00:00,4,79,53,0,4,ok,1.490566037735849,normal,92.75053304904051
075ed300-7ed3-4377-88ba-9572f9ea8e3d,n0rb3r7,206,7,2026-09-16T00:00:00+00:00,2026-09-23T00:00:00+00:00,12,233,170,0,12,ok,1.3705882352941177,normal,81.6631130063966
a8570791-3e92-4b4d-9e45-8c2f8da95fb6,kwaren11,207,7,2026-09-16T00:00:00+00:00,2026-09-23T00:00:00+00:00,52,889,864,0,52,ok,1.0289351851851851,normal,12.79317697228145
21ee0d80-64f6-4277-80b9-c734d92a2880,torzsi,208,7,2026-09-16T00:00:00+00:00,2026-09-23T00:00:00+00:00,3,80,63,0,3,ok,1.2698412698412698,normal,67.590618336887
4c5c2a03-15b4-48e1-8791-d54d6a2b3668,Altekz,209,7,2026-09-16T00:00:00+00:00,2026-09-23T00:00:00+00:00,30,624,402,0,30,ok,1.5522388059701493,normal,94.45628997867804
254dbfc8-0e3d-4e8b-95a4-88e19fec565a,jekuya,210,7,2026-09-16T00:00:00+00:00,2026-09-23T00:00:00+00:00,7,127,93,0,7,ok,1.3655913978494623,normal,80.59701492537313
d682a62e-43f5-49be-b8c9-de923adcf564,SunPayus,211,7,2026-09-16T00:00:00+00:00,2026-09-23T00:00:00+00:00,3,56,34,0,3,ok,1.6470588235294117,normal,96.80170575692964
6a5abce7-952f-4434-9db5-160392ec356d,miwo,212,7,2026-09-16T00:00:00+00:00,2026-09-23T00:00:00+00:00,30,549,472,0,30,ok,1.1631355932203389,normal,43.070362473347544
ebc37641-39d0-4692-bde6-c7a11ac1e90e,mara5m,213,7,2026-09-16T00:00:00+00:00,2026-09-23T00:00:00+00:00,28,537,423,0,28,ok,1.2695035460992907,normal,67.37739872068231
13222ab8-3b38-4beb-993f-a585df257ea3,EgorK,214,7,2026-09-16T00:00:00+00:00,2026-09-23T00:00:00+00:00,39,611,608,0,39,ok,1.0049342105263157,normal,10.021321961620469
9aad1747-b65d-4a0f-9a14-2ef947fe92b5,Sowalio,215,7,2026-09-16T00:00:00+00:00,2026-09-23T00:00:00+00:00,23,413,329,0,23,ok,1.2553191489361701,normal,64.17910447761194
520ada08-ad17-4b3b-a373-8c8534154e2a,TOKYOPEEK,216,7,2026-09-16T00:00:00+00:00,2026-09-23T00:00:00+00:00,32,473,439,0,32,ok,1.0774487471526195,normal,23.02771855010661
6b692694-71cf-4a80-ae97-57c3f2f7425c,blissfuIperc,217,7,2026-09-16T00:00:00+00:00,2026-09-23T00:00:00+00:00,21,362,279,0,21,ok,1.2974910394265233,normal,72.70788912579957
43febbb3-7f82-47c0-88fa-e2f122d5f20e,Rex1111,218,7,2026-09-16T00:00:00+00:00,2026-09-23T00:00:00+00:00,11,186,174,0,11,ok,1.0689655172413792,normal,21.108742004264393
1ad1b7ff-b644-4431-9ac4-a5cf09855910,1ader,219,7,2026-09-16T00:00:00+00:00,2026-09-23T00:00:00+00:00,61,1218,947,0,61,ok,1.2861668426610349,normal,70.57569296375267
f1174c0a-fa42-4a2f-8160-b870b8879ef5,KOT_XAMEP,220,7,2026-09-16T00:00:00+00:00,2026-09-23T00:00:00+00:00,39,743,602,0,39,ok,1.23421926910299,normal,60.98081023454158
656ffaa4-415b-4896-8a19-931366de23c8,ich1zoku,221,7,2026-09-16T00:00:00+00:00,2026-09-23T00:00:00+00:00,20,348,337,0,20,ok,1.032640949554896,normal,14.498933901918976
3939bd47-6a42-43f0-936c-eb53bc5f16e5,kaioriii,222,7,2026-09-16T00:00:00+00:00,2026-09-23T00:00:00+00:00,10,174,152,0,10,ok,1.144736842105263,normal,38.37953091684435
fb2e77e7-ec1d-40fa-83a1-c01646167651,Z1W0W666,223,7,2026-09-16T00:00:00+00:00,2026-09-23T00:00:00+00:00,19,336,264,0,19,ok,1.2727272727272727,normal,68.23027718550107
c39663f6-8e91-483c-8319-503449563713,Lewis,224,7,2026-09-16T00:00:00+00:00,2026-09-23T00:00:00+00:00,23,411,374,0,23,ok,1.0989304812834224,normal,27.505330490405118
32cf4622-150d-4362-83d5-de543ed16262,regele,225,7,2026-09-16T00:00:00+00:00,2026-09-23T00:00:00+00:00,43,728,617,0,43,ok,1.179902755267423,normal,45.84221748400853
8e59e230-0935-4309-b335-a16211617ed7,SBolt-,226,7,2026-09-16T00:00:00+00:00,2026-09-23T00:00:00+00:00,0,0,0,0,0,sem_partidas,,sem_partidas,
88cb74cd-d98e-408c-85c2-b39e55004658,billz,227,7,2026-09-16T00:00:00+00:00,2026-09-23T00:00:00+00:00,49,847,739,0,49,ok,1.1461434370771313,normal,38.59275053304904
220685cd-1a18-4402-a9a9-ac240313cabd,xeedo,228,7,2026-09-16T00:00:00+00:00,2026-09-23T00:00:00+00:00,11,243,190,0,11,ok,1.2789473684210526,normal,69.08315565031982
4c2a6018-4aaf-4294-8449-777ccfad144b,goddrain,229,7,2026-09-16T00:00:00+00:00,2026-09-23T00:00:00+00:00,43,707,686,0,43,ok,1.030612244897959,normal,13.432835820895523
b87eadad-7829-4f17-a85a-281ff569829a,ForesterONE,230,7,2026-09-16T00:00:00+00:00,2026-09-23T00:00:00+00:00,7,112,98,0,7,ok,1.1428571428571428,normal,37.73987206823028
6db5e566-77ae-4c30-852d-4fa54c4445aa,Alv68,231,7,2026-09-16T00:00:00+00:00,2026-09-23T00:00:00+00:00,0,0,0,0,0,sem_partidas,,sem_partidas,
a4c4fb77-1996-47bd-b5e1-c14d86cf9997,444rainy,232,7,2026-09-16T00:00:00+00:00,2026-09-23T00:00:00+00:00,21,293,300,0,21,ok,0.9766666666666667,normal,7.462686567164178
9e36e2b1-c0e0-4d77-a442-d5947ec19225,bajmano,233,7,2026-09-16T00:00:00+00:00,2026-09-23T00:00:00+00:00,11,186,177,0,11,ok,1.0508474576271187,normal,16.844349680170577
892ca5ae-5720-4d5d-8a98-33dc117041aa,narkoman812,234,7,2026-09-16T00:00:00+00:00,2026-09-23T00:00:00+00:00,13,255,181,0,13,ok,1.408839779005525,normal,86.78038379530916
34aaf94c-d15a-4a1b-977d-82810a025407,tommy10,235,7,2026-09-16T00:00:00+00:00,2026-09-23T00:00:00+00:00,10,201,153,0,10,ok,1.3137254901960784,normal,74.84008528784648
98f1d2a1-6302-4d93-bf38-cc25f6b25256,gr1ks,236,7,2026-09-16T00:00:00+00:00,2026-09-23T00:00:00+00:00,5,142,56,0,5,ok,2.5357142857142856,outlier_positivo,99.7867803837953
f3f50c96-9d1b-4642-9074-477a07e54507,-khaN,237,7,2026-09-16T00:00:00+00:00,2026-09-23T00:00:00+00:00,4,76,66,0,4,ok,1.1515151515151516,normal,40.085287846481876
522ecdd7-5fe2-4bd5-9806-4c015b9a1f8a,dwushka,238,7,2026-09-16T00:00:00+00:00,2026-09-23T00:00:00+00:00,11,225,188,0,11,ok,1.196808510638298,normal,50.31982942430704
fd16a07c-5735-4148-8859-3369feb41275,stefienson,239,7,2026-09-16T00:00:00+00:00,2026-09-23T00:00:00+00:00,22,354,305,0,22,ok,1.160655737704918,normal,42.643923240938165
507c6778-89e2-45cc-8f8f-cf04615df6c8,Frip,240,7,2026-09-16T00:00:00+00:00,2026-09-23T00:00:00+00:00,23,361,366,0,23,ok,0.9863387978142076,normal,8.742004264392325
0b2a4c62-2071-4582-be3e-50fbe6f53544,Eldarqwe-,241,7,2026-09-16T00:00:00+00:00,2026-09-23T00:00:00+00:00,62,1098,1002,0,62,ok,1.095808383233533,normal,27.078891257995735
6dce33f7-ba07-401a-bfe7-af51cc597a76,Woro2k,242,7,2026-09-16T00:00:00+00:00,2026-09-23T00:00:00+00:00,3,51,50,0,3,ok,1.02,normal,12.153518123667377
3429651a-5020-4d07-85ef-34049adff713,starmie666,243,7,2026-09-16T00:00:00+00:00,2026-09-23T00:00:00+00:00,12,228,179,0,12,ok,1.2737430167597765,normal,68.44349680170576
c44f1259-0651-4942-8543-af0f03e62ac5,SELLTER,244,7,2026-09-16T00:00:00+00:00,2026-09-23T00:00:00+00:00,17,263,261,0,17,ok,1.0076628352490422,normal,10.23454157782516
2a82893f-3a7e-4458-9141-0b19673fa049,kashl1d,245,7,2026-09-16T00:00:00+00:00,2026-09-23T00:00:00+00:00,5,79,65,0,5,ok,1.2153846153846153,normal,55.863539445628994
c85a67d7-2635-42c3-991b-4c1f0b93c5cb,999_,246,7,2026-09-16T00:00:00+00:00,2026-09-23T00:00:00+00:00,7,144,100,0,7,ok,1.44,normal,89.76545842217483
9cafe8f3-0b6b-4802-9cbb-806b5b751517,Enfeebled17,247,7,2026-09-16T00:00:00+00:00,2026-09-23T00:00:00+00:00,21,376,306,0,21,ok,1.2287581699346406,normal,59.70149253731343
6d8adf92-798f-414c-9d29-2896ceb5ad72,smooya,248,7,2026-09-16T00:00:00+00:00,2026-09-23T00:00:00+00:00,8,151,102,0,8,ok,1.4803921568627452,normal,92.32409381663112
eba3dd73-7d26-46ad-b766-85c5ae0d9273,hyp3else66,249,7,2026-09-16T00:00:00+00:00,2026-09-23T00:00:00+00:00,10,255,147,0,10,ok,1.7346938775510203,outlier_positivo,97.86780383795309
bae30b49-8c07-4f3e-922e-fa23b7ac0953,rafaxF-,250,7,2026-09-16T00:00:00+00:00,2026-09-23T00:00:00+00:00,11,192,140,0,11,ok,1.3714285714285714,normal,81.87633262260128
c90b35e3-defd-41b1-b29d-d9cf1c46fc32,azukay367,251,7,2026-09-16T00:00:00+00:00,2026-09-23T00:00:00+00:00,43,803,672,0,43,ok,1.1949404761904763,normal,50.10660980810234
1e8bd26b-d7f9-4fbf-bed2-d12ed800eee2,Smaley,252,7,2026-09-16T00:00:00+00:00,2026-09-23T00:00:00+00:00,57,1073,799,0,57,ok,1.3429286608260325,normal,78.46481876332622
52829e07-aa5c-42af-b8a1-e4fe6247cd48,Skrimo,253,7,2026-09-16T00:00:00+00:00,2026-09-23T00:00:00+00:00,8,145,109,0,8,ok,1.3302752293577982,normal,76.7590618336887
ddd3c081-0602-4e45-bb4f-d5c5e00b65c3,cPuTu,254,7,2026-09-16T00:00:00+00:00,2026-09-23T00:00:00+00:00,73,1272,1104,0,73,ok,1.1521739130434783,normal,40.72494669509595
28da77e2-bcfd-4458-a91d-e4d59a1f38be,nopzy,255,7,2026-09-16T00:00:00+00:00,2026-09-23T00:00:00+00:00,4,82,70,0,4,ok,1.1714285714285715,normal,44.349680170575695
e64b6d73-6313-4527-b313-a852e6368cf2,redCS-,256,7,2026-09-16T00:00:00+00:00,2026-09-23T00:00:00+00:00,47,796,687,0,47,ok,1.1586608442503639,normal,42.217484008528785
dce1d644-6bf1-449a-85ff-6b399e4269dc,Botpa1,257,7,2026-09-16T00:00:00+00:00,2026-09-23T00:00:00+00:00,7,124,105,0,7,ok,1.180952380952381,normal,46.26865671641791
a387ff16-4062-4f6c-a1f6-c65650ff993e,-Kiyotakaaa,258,7,2026-09-16T00:00:00+00:00,2026-09-23T00:00:00+00:00,36,655,537,0,36,ok,1.2197392923649908,normal,56.71641791044776
13d0fd67-997f-4255-9f25-a410b4fad2d0,stratefIy,259,7,2026-09-16T00:00:00+00:00,2026-09-23T00:00:00+00:00,48,939,769,0,48,ok,1.2210663198959688,normal,56.929637526652456
a6ad9a5b-6575-447f-8f67-346bb4033189,dep999,260,7,2026-09-16T00:00:00+00:00,2026-09-23T00:00:00+00:00,7,136,84,0,7,ok,1.619047619047619,normal,96.16204690831557
1d92f104-8d0a-4866-bb6e-5c11196bfca6,MusorDropXD,261,7,2026-09-16T00:00:00+00:00,2026-09-23T00:00:00+00:00,13,197,210,0,13,ok,0.9380952380952381,normal,4.477611940298507
7def4124-36c7-4035-acb5-427ffa531be3,Dawy,262,7,2026-09-16T00:00:00+00:00,2026-09-23T00:00:00+00:00,1,24,14,0,1,ok,1.7142857142857142,outlier_positivo,97.6545842217484
c5cb1b85-4421-4436-9390-49fa05ce45e3,-Kaide,263,7,2026-09-16T00:00:00+00:00,2026-09-23T00:00:00+00:00,0,0,0,0,0,sem_partidas,,sem_partidas,
a4a6fdca-b125-4d3b-8d35-3ad098b6a1fe,KursySSJ4,264,7,2026-09-16T00:00:00+00:00,2026-09-23T00:00:00+00:00,0,0,0,0,0,sem_partidas,,sem_partidas,
14015a66-b368-4b90-994d-bcf6fa504f44,--_-_--_---_,265,7,2026-09-16T00:00:00+00:00,2026-09-23T00:00:00+00:00,31,538,486,0,31,ok,1.1069958847736625,normal,29.42430703624733
0bf80a9b-cead-4a3e-a245-ca145dc2ab3c,-0scar,266,7,2026-09-16T00:00:00+00:00,2026-09-23T00:00:00+00:00,33,553,465,0,33,ok,1.189247311827957,normal,47.97441364605544
05dd1de4-82dd-4b55-be77-c30c4551d0d6,gothdespair,267,7,2026-09-16T00:00:00+00:00,2026-09-23T00:00:00+00:00,18,324,269,0,18,ok,1.204460966542751,normal,53.09168443496801
04ab709e-2f70-4651-8e0c-c7bffd037a07,shantarO,268,7,2026-09-16T00:00:00+00:00,2026-09-23T00:00:00+00:00,16,271,262,0,16,ok,1.034351145038168,normal,14.712153518123666
3dad5d84-2a16-4044-8a27-d473f0f6e353,herkulesz,269,7,2026-09-16T00:00:00+00:00,2026-09-23T00:00:00+00:00,10,177,154,0,10,ok,1.1493506493506493,normal,39.44562899786781
d5ff6f9f-c95d-4f7d-93b7-d9ba0cb19dab,Aliot,270,7,2026-09-16T00:00:00+00:00,2026-09-23T00:00:00+00:00,5,83,78,0,5,ok,1.064102564102564,normal,20.042643923240938
bd70d269-6c10-4140-b03b-8e09fdf9ca35,fedko14,271,7,2026-09-16T00:00:00+00:00,2026-09-23T00:00:00+00:00,16,236,228,0,16,ok,1.0350877192982457,normal,14.925373134328357
8edcd93a-e63f-45ea-8c77-bf9aa1820a47,shg-,272,7,2026-09-16T00:00:00+00:00,2026-09-23T00:00:00+00:00,4,62,67,0,4,ok,0.9253731343283582,normal,3.8379530916844353
b9dbab41-8e55-497a-b311-bb0514777fd7,ves111,273,7,2026-09-16T00:00:00+00:00,2026-09-23T00:00:00+00:00,43,812,695,0,43,ok,1.1683453237410073,normal,43.49680170575693
326a3d6a-13ca-40b3-a56d-a47c27b6f2af,gehji,274,7,2026-09-16T00:00:00+00:00,2026-09-23T00:00:00+00:00,7,139,100,0,7,ok,1.39,normal,84.00852878464818
e5c779f9-eaf5-4113-b095-e284d1e44748,X345,275,7,2026-09-16T00:00:00+00:00,2026-09-23T00:00:00+00:00,68,1190,974,0,68,ok,1.2217659137577002,normal,57.356076759061835
d428b36e-7c8a-4510-8262-9cda26a3ff85,-qw1zera,276,7,2026-09-16T00:00:00+00:00,2026-09-23T00:00:00+00:00,57,963,798,0,57,ok,1.2067669172932332,normal,53.73134328358209
f3988f23-6685-41a8-91c6-f336b98c5195,z0nger,277,7,2026-09-16T00:00:00+00:00,2026-09-23T00:00:00+00:00,6,92,81,0,6,ok,1.1358024691358024,normal,34.11513859275053
eb4f52d2-5b8f-4401-8c72-138c995358d4,-tasman,278,7,2026-09-16T00:00:00+00:00,2026-09-23T00:00:00+00:00,48,937,743,0,48,ok,1.2611036339165544,normal,65.45842217484008
e1bcffdd-7eeb-4744-b8d6-a582dcfb1670,Krad,279,7,2026-09-16T00:00:00+00:00,2026-09-23T00:00:00+00:00,4,70,49,0,4,ok,1.4285714285714286,normal,88.91257995735607
5ce742a9-a319-4e89-8164-4f4ca528c4cc,wh1teout,280,7,2026-09-16T00:00:00+00:00,2026-09-23T00:00:00+00:00,38,624,524,0,38,ok,1.1908396946564885,normal,48.61407249466951
40846b8f-7a3f-4f9f-af8b-85d118c2774a,myltsi,281,7,2026-09-16T00:00:00+00:00,2026-09-23T00:00:00+00:00,11,196,176,0,11,ok,1.1136363636363635,normal,30.49040511727079
4d1d7bb1-64b7-4e34-97e7-6ee7bba48259,-relaxbtw-,282,7,2026-09-16T00:00:00+00:00,2026-09-23T00:00:00+00:00,28,438,429,0,28,ok,1.020979020979021,normal,12.366737739872068
daf44626-2073-4878-b7fd-4776b8a2c93b,Pelle-,283,7,2026-09-16T00:00:00+00:00,2026-09-23T00:00:00+00:00,32,549,505,0,32,ok,1.0871287128712872,normal,25.15991471215352
dddfd33a-cc0c-483c-b2c4-950de24e0c1c,z0t,284,7,2026-09-16T00:00:00+00:00,2026-09-23T00:00:00+00:00,24,444,340,0,24,ok,1.3058823529411765,normal,73.98720682302772
7c6afa87-48a4-4e7c-a5d4-33d4d48c603f,0MusorDrop,285,7,2026-09-16T00:00:00+00:00,2026-09-23T00:00:00+00:00,88,1454,1296,0,88,ok,1.1219135802469136,normal,31.982942430703627
08a4aed5-fb8a-402a-8119-ae428666c195,aimy,286,7,2026-09-16T00:00:00+00:00,2026-09-23T00:00:00+00:00,13,223,193,0,13,ok,1.1554404145077721,normal,41.36460554371002
209c88dc-d2e5-4dfd-a7b9-38900bb10a61,dod02k-,287,7,2026-09-16T00:00:00+00:00,2026-09-23T00:00:00+00:00,8,120,145,0,8,ok,0.8275862068965517,normal,0.8528784648187633
dc49b288-2a75-485a-91b1-ee81ce2f25de,dziugss,288,7,2026-09-16T00:00:00+00:00,2026-09-23T00:00:00+00:00,16,310,219,0,16,ok,1.4155251141552512,normal,87.63326226012794
b255e1b5-0b6b-4c57-a7ce-ad53b5521d33,CoCuCbKu,289,7,2026-09-16T00:00:00+00:00,2026-09-23T00:00:00+00:00,73,1088,1141,0,73,ok,0.9535495179666958,normal,5.970149253731343
6f01bc34-897d-43d5-9b43-c6e49e408dd5,Twist,290,7,2026-09-16T00:00:00+00:00,2026-09-23T00:00:00+00:00,10,166,150,0,10,ok,1.1066666666666667,normal,29.21108742004264
024d5042-e159-416f-bf84-cf69b8d5ac03,oopee,291,7,2026-09-16T00:00:00+00:00,2026-09-23T00:00:00+00:00,10,168,123,0,10,ok,1.3658536585365855,normal,81.02345415778251
b63c3037-b9f3-471e-9065-5e33ebc28b6e,s1reN7,292,7,2026-09-16T00:00:00+00:00,2026-09-23T00:00:00+00:00,7,120,86,0,7,ok,1.3953488372093024,normal,84.64818763326227
06b0f344-d2e8-4951-ab93-23e9470ce95e,REDS7AR,293,7,2026-09-16T00:00:00+00:00,2026-09-23T00:00:00+00:00,22,346,340,0,22,ok,1.0176470588235293,normal,11.727078891257996
322dfefd-d0aa-4e24-a4ce-509e4c5ed28a,toshas-,294,7,2026-09-16T00:00:00+00:00,2026-09-23T00:00:00+00:00,11,189,186,0,11,ok,1.0161290322580645,normal,11.300639658848615
fddc57f3-b5f8-4e63-99e7-b1fa798e849e,pavlebo,295,7,2026-09-16T00:00:00+00:00,2026-09-23T00:00:00+00:00,5,75,90,0,5,ok,0.8333333333333334,normal,1.0660980810234542
b00eff15-ebaf-4805-aa15-b33bc18406b7,YUR0KY,296,7,2026-09-16T00:00:00+00:00,2026-09-23T00:00:00+00:00,36,629,564,0,36,ok,1.1152482269503545,normal,31.343283582089555
9d4d4f31-8168-4894-8574-0d6b9458fb8c,77nightlovel,297,7,2026-09-16T00:00:00+00:00,2026-09-23T00:00:00+00:00,8,152,135,0,8,ok,1.125925925925926,normal,32.83582089552239
1ba6cea9-0e2d-4f6e-b1cc-0f93cf9d2dcd,KEiiiii,298,7,2026-09-16T00:00:00+00:00,2026-09-23T00:00:00+00:00,7,139,123,0,7,ok,1.1300813008130082,normal,33.26226012793177
41acaa8c-cc55-4dca-a85d-897af2c1f275,k99y,299,7,2026-09-16T00:00:00+00:00,2026-09-23T00:00:00+00:00,10,217,161,0,10,ok,1.3478260869565217,normal,79.1044776119403
3ad4eec5-fc86-438a-9730-e5d092821180,redzedsei,300,7,2026-09-16T00:00:00+00:00,2026-09-23T00:00:00+00:00,12,252,190,0,12,ok,1.3263157894736841,normal,76.11940298507463
159069e0-7e7c-4e3e-989e-d9f723689e3a,-Dis1-,301,7,2026-09-16T00:00:00+00:00,2026-09-23T00:00:00+00:00,3,57,41,0,3,ok,1.3902439024390243,normal,84.22174840085287
086df609-d086-4b83-9474-4347714e1f76,Fessor,302,7,2026-09-16T00:00:00+00:00,2026-09-23T00:00:00+00:00,25,549,397,0,25,ok,1.3828715365239295,normal,83.36886993603412
3fa04793-fb47-46ee-be6f-c44cacd77099,h0sster,303,7,2026-09-16T00:00:00+00:00,2026-09-23T00:00:00+00:00,11,218,207,0,11,ok,1.0531400966183575,normal,17.270788912579956
de8546e3-f76c-4118-8671-2f0bed373ff4,Porya-,304,7,2026-09-16T00:00:00+00:00,2026-09-23T00:00:00+00:00,0,0,0,0,0,sem_partidas,,sem_partidas,
9132c4ea-8c7f-4865-a55c-9d20aa2efe89,ronkyeee,305,7,2026-09-16T00:00:00+00:00,2026-09-23T00:00:00+00:00,40,579,631,0,40,ok,0.9175911251980983,normal,3.411513859275053
f7ade297-4f13-4e91-b103-cacdfc3e5ba5,VLDN,306,7,2026-09-16T00:00:00+00:00,2026-09-23T00:00:00+00:00,5,74,63,0,5,ok,1.1746031746031746,normal,44.989339019189764
48623ecb-e657-4292-8aa6-9389b4701b10,s1zzi,307,7,2026-09-16T00:00:00+00:00,2026-09-23T00:00:00+00:00,26,574,368,0,26,ok,1.559782608695652,normal,94.66950959488273
c14998db-c745-4904-8316-429d46510e49,NonAmEeEeR,308,7,2026-09-16T00:00:00+00:00,2026-09-23T00:00:00+00:00,27,453,398,0,27,ok,1.1381909547738693,normal,35.18123667377399
0b71822e-4e5a-4c96-9b2c-be44ff7f7e86,DrammaGod,309,7,2026-09-16T00:00:00+00:00,2026-09-23T00:00:00+00:00,8,141,123,0,8,ok,1.146341463414634,normal,39.01918976545842
1a5c4cff-75d4-489f-91a2-970af1eda8eb,Sobol,310,7,2026-09-16T00:00:00+00:00,2026-09-23T00:00:00+00:00,9,148,118,0,9,ok,1.2542372881355932,normal,63.75266524520256
d0bad1c0-551e-40cb-8535-137ea7104ff6,Zerk1s-,311,7,2026-09-16T00:00:00+00:00,2026-09-23T00:00:00+00:00,49,840,724,0,49,ok,1.160220994475138,normal,42.430703624733475
9b9ee020-9f73-4a4b-a68f-f6132bfb0377,Caleyy,312,7,2026-09-16T00:00:00+00:00,2026-09-23T00:00:00+00:00,44,855,659,0,44,ok,1.2974203338391501,normal,72.49466950959487
f0f989d2-bbeb-4bdf-bb3e-9a92b9039c27,w1sely,313,7,2026-09-16T00:00:00+00:00,2026-09-23T00:00:00+00:00,23,413,306,0,23,ok,1.3496732026143792,normal,79.53091684434968
c4bf8035-0124-44bb-974b-2860cb41ab5a,aparcik,314,7,2026-09-16T00:00:00+00:00,2026-09-23T00:00:00+00:00,13,231,216,0,13,ok,1.0694444444444444,normal,21.321961620469082
74407bd7-b090-4cd9-8797-c4e3af17ae50,turcinskis,315,7,2026-09-16T00:00:00+00:00,2026-09-23T00:00:00+00:00,81,1405,1361,0,81,ok,1.0323291697281411,normal,14.285714285714285
a7d9d607-a5ac-4aa1-ae41-4834085715c2,f0lkfan111,316,7,2026-09-16T00:00:00+00:00,2026-09-23T00:00:00+00:00,28,513,423,0,28,ok,1.2127659574468086,normal,55.010660980810236
9d76e440-f676-4ad0-a04a-a8c87f7c21fb,arbnorz-,317,7,2026-09-16T00:00:00+00:00,2026-09-23T00:00:00+00:00,7,98,104,0,7,ok,0.9423076923076923,normal,5.11727078891258
92224fbc-fb31-4362-850b-735a0c1d6c8a,kidofpain,318,7,2026-09-16T00:00:00+00:00,2026-09-23T00:00:00+00:00,8,163,119,0,8,ok,1.3697478991596639,normal,81.4498933901919
fbb6f5b8-c8ce-415d-b29f-374d6b543716,MrTrelog,319,7,2026-09-16T00:00:00+00:00,2026-09-23T00:00:00+00:00,23,351,313,0,23,ok,1.121405750798722,normal,31.556503198294244
83270bc6-74aa-4ca3-942b-f28a3d704b6d,OneUn1que,320,7,2026-09-16T00:00:00+00:00,2026-09-23T00:00:00+00:00,11,169,159,0,11,ok,1.0628930817610063,normal,18.976545842217483
fddf0596-7573-4792-8012-79966c93689e,Licale,321,7,2026-09-16T00:00:00+00:00,2026-09-23T00:00:00+00:00,0,0,0,0,0,sem_partidas,,sem_partidas,
975adbfb-f21e-4b09-92a4-704ab60c8542,ulqu1ora,322,7,2026-09-16T00:00:00+00:00,2026-09-23T00:00:00+00:00,27,429,392,0,27,ok,1.094387755102041,normal,26.865671641791046
bdf798c9-0041-4a81-b581-28c52fede922,chedzik,323,7,2026-09-16T00:00:00+00:00,2026-09-23T00:00:00+00:00,41,693,695,0,41,ok,0.9971223021582734,normal,9.168443496801707
798302b0-e3b3-40e7-b051-95c43766dabb,PhoeniXLUV,324,7,2026-09-16T00:00:00+00:00,2026-09-23T00:00:00+00:00,27,437,397,0,27,ok,1.1007556675062973,normal,27.931769722814497
5c60c1c4-653a-478d-90a4-441d1436a28e,-k0s,325,7,2026-09-16T00:00:00+00:00,2026-09-23T00:00:00+00:00,21,376,334,0,21,ok,1.125748502994012,normal,32.6226012793177
e76908f9-d95c-4022-b419-786ad4cb8d4e,torox,326,7,2026-09-16T00:00:00+00:00,2026-09-23T00:00:00+00:00,42,811,590,0,42,ok,1.3745762711864407,normal,82.94243070362474
37a13cea-9f8b-45d3-9886-40faf2506d69,m1QUSE272,327,7,2026-09-16T00:00:00+00:00,2026-09-23T00:00:00+00:00,24,393,345,0,24,ok,1.1391304347826088,normal,35.60767590618337
2f215405-df5f-4348-8b16-d07bb82b8f66,lockstocky,328,7,2026-09-16T00:00:00+00:00,2026-09-23T00:00:00+00:00,56,1098,840,0,56,ok,1.3071428571428572,normal,74.4136460554371
25694913-c7e9-4a6f-9279-8fb932b04a4c,EBLANKANKA67,329,7,2026-09-16T00:00:00+00:00,2026-09-23T00:00:00+00:00,66,1192,1033,0,66,ok,1.1539206195546952,normal,41.15138592750533
0c482002-4ad9-4eb7-bbf4-c36f786cdbd8,ms2180,330,7,2026-09-16T00:00:00+00:00,2026-09-23T00:00:00+00:00,22,408,338,0,22,ok,1.2071005917159763,normal,54.37100213219617
42afba06-399e-4c2d-aaff-77595526ad70,cmtry64,331,7,2026-09-16T00:00:00+00:00,2026-09-23T00:00:00+00:00,15,316,253,0,15,ok,1.2490118577075098,normal,62.89978678038379
3b6a98b3-fd37-42ec-9d14-3ca58a1e54ef,sh4shlick,332,7,2026-09-16T00:00:00+00:00,2026-09-23T00:00:00+00:00,23,387,364,0,23,ok,1.0631868131868132,normal,19.402985074626866
e6970427-7853-42d5-960a-3b125aa3fe98,xseveN,333,7,2026-09-16T00:00:00+00:00,2026-09-23T00:00:00+00:00,18,287,248,0,18,ok,1.157258064516129,normal,42.00426439232409
0be6bdd3-7448-4711-84d6-79cfbbe86f71,musordrop983,334,7,2026-09-16T00:00:00+00:00,2026-09-23T00:00:00+00:00,76,1208,1185,0,76,ok,1.019409282700422,normal,11.940298507462686
6d612c68-1dd3-427a-bf4c-e5e8029c4450,mASKEDo,335,7,2026-09-16T00:00:00+00:00,2026-09-23T00:00:00+00:00,26,441,387,0,26,ok,1.1395348837209303,normal,36.034115138592746
dd00574a-37b8-4c5e-87fa-b0569f624546,tamefear,336,7,2026-09-16T00:00:00+00:00,2026-09-23T00:00:00+00:00,20,383,319,0,20,ok,1.2006269592476488,normal,51.1727078891258
8fc05816-4e4c-4df0-b6ab-4059965f95a5,feat-,337,7,2026-09-16T00:00:00+00:00,2026-09-23T00:00:00+00:00,32,568,493,0,32,ok,1.1521298174442192,normal,40.511727078891255
1efdfeb4-7237-4a34-837a-9b4657295a48,svemyy,338,7,2026-09-16T00:00:00+00:00,2026-09-23T00:00:00+00:00,7,107,94,0,7,ok,1.1382978723404256,normal,35.39445628997868
2fd44fff-097a-44ca-9bf2-6badf3282398,Muciek,339,7,2026-09-16T00:00:00+00:00,2026-09-23T00:00:00+00:00,28,514,402,0,28,ok,1.2786069651741294,normal,68.86993603411514
dafc9a8d-9a0b-47c3-a703-e0919211b635,L0fer,340,7,2026-09-16T00:00:00+00:00,2026-09-23T00:00:00+00:00,52,945,792,0,52,ok,1.1931818181818181,normal,49.46695095948827
400661b5-8cc7-4c40-9dcc-d1695b2047f6,Jisoo,341,7,2026-09-16T00:00:00+00:00,2026-09-23T00:00:00+00:00,11,186,152,0,11,ok,1.2236842105263157,normal,58.2089552238806
36b19d20-ddac-466d-9868-b73f0212c3ad,BRIAN-_-HIZZ,342,7,2026-09-16T00:00:00+00:00,2026-09-23T00:00:00+00:00,31,412,456,0,31,ok,0.9035087719298246,normal,3.1982942430703627
c0216481-6d6f-4a69-b480-e1f3c4f0c36a,LECY89,343,7,2026-09-16T00:00:00+00:00,2026-09-23T00:00:00+00:00,0,0,0,0,0,sem_partidas,,sem_partidas,
1983b3f0-bd89-4fe6-a110-42664904443a,w4rdeN-,344,7,2026-09-16T00:00:00+00:00,2026-09-23T00:00:00+00:00,29,544,477,0,29,ok,1.140461215932914,normal,36.67377398720683
5e91d235-cef6-42c6-9b86-35560cc19e57,deeN--,345,7,2026-09-16T00:00:00+00:00,2026-09-23T00:00:00+00:00,0,0,0,0,0,sem_partidas,,sem_partidas,
4527302e-9120-4a42-a465-5e383580386c,kobz0n,346,7,2026-09-16T00:00:00+00:00,2026-09-23T00:00:00+00:00,13,218,232,0,13,ok,0.9396551724137931,normal,4.690831556503198
242f97b1-a39e-40e5-aca0-153d7a76828f,saizius,347,7,2026-09-16T00:00:00+00:00,2026-09-23T00:00:00+00:00,12,198,181,0,12,ok,1.0939226519337018,normal,26.652452025586353
9866bf07-6fc9-47b0-966e-e4302ecc93fb,rv1den,348,7,2026-09-16T00:00:00+00:00,2026-09-23T00:00:00+00:00,18,332,259,0,18,ok,1.281853281853282,normal,69.5095948827292
7c38b5ca-b385-4cf2-942b-d7252521d266,ne1l,349,7,2026-09-16T00:00:00+00:00,2026-09-23T00:00:00+00:00,19,331,261,0,19,ok,1.2681992337164751,normal,67.16417910447761
a8efc434-5950-4621-8b51-72538fe6347d,dazzy-,350,7,2026-09-16T00:00:00+00:00,2026-09-23T00:00:00+00:00,10,173,134,0,10,ok,1.291044776119403,normal,71.64179104477611
9b79818c-8be6-40cc-b090-b92878f5baac,5swiz,351,7,2026-09-16T00:00:00+00:00,2026-09-23T00:00:00+00:00,1,17,14,0,1,ok,1.2142857142857142,normal,55.65031982942431
58f68286-29eb-4108-97e5-2d8d96c65e05,mezii--,352,7,2026-09-16T00:00:00+00:00,2026-09-23T00:00:00+00:00,3,56,41,0,3,ok,1.3658536585365855,normal,81.02345415778251
dfa35d4d-f284-4ad2-9a7d-c3f0468b1e69,wignfan,353,7,2026-09-16T00:00:00+00:00,2026-09-23T00:00:00+00:00,50,830,801,0,50,ok,1.0362047440699127,normal,15.778251599147122
a3e05af2-cb94-4de5-b56c-e5b30bde9f0c,S3NSEYZjE,354,7,2026-09-16T00:00:00+00:00,2026-09-23T00:00:00+00:00,0,0,0,0,0,sem_partidas,,sem_partidas,
5d834b85-5d4f-441a-a0e2-a88713818bc8,ottob,355,7,2026-09-16T00:00:00+00:00,2026-09-23T00:00:00+00:00,11,191,168,0,11,ok,1.1369047619047619,normal,34.54157782515991
3e96ad48-d280-40fe-b432-743bc6166e6a,bibu_,356,7,2026-09-16T00:00:00+00:00,2026-09-23T00:00:00+00:00,11,223,180,0,11,ok,1.238888888888889,normal,61.62046908315565
2fe13779-4813-4886-975b-a23d66c22b50,rec1se,357,7,2026-09-16T00:00:00+00:00,2026-09-23T00:00:00+00:00,22,446,317,0,22,ok,1.4069400630914826,normal,86.14072494669509
6111a58f-ec43-4a35-ac5f-6a27d4a8442d,kade0,358,7,2026-09-16T00:00:00+00:00,2026-09-23T00:00:00+00:00,19,352,287,0,19,ok,1.2264808362369337,normal,59.06183368869936
08d5e3fa-ef86-447a-a441-7d61c106305c,nukkye,359,7,2026-09-16T00:00:00+00:00,2026-09-23T00:00:00+00:00,7,145,103,0,7,ok,1.4077669902912622,normal,86.56716417910447
88aba0ad-9f4f-43f8-8691-78bd5935bb26,MAJ1X,360,7,2026-09-16T00:00:00+00:00,2026-09-23T00:00:00+00:00,31,663,523,0,31,ok,1.2676864244741874,normal,66.95095948827291
75b7d8c4-e346-492c-adef-a91fffeb3886,z1k4-,361,7,2026-09-16T00:00:00+00:00,2026-09-23T00:00:00+00:00,34,638,531,0,34,ok,1.2015065913371,normal,51.59914712153518
1050ef15-3e72-45b8-a255-ba1c69f9ae03,karass28,362,7,2026-09-16T00:00:00+00:00,2026-09-23T00:00:00+00:00,30,490,460,0,30,ok,1.065217391304348,normal,20.255863539445627
b5ad53bf-7ef2-4e7f-b902-2218997c60f0,KATLEDICI7,363,7,2026-09-16T00:00:00+00:00,2026-09-23T00:00:00+00:00,57,1023,954,0,57,ok,1.0723270440251573,normal,22.174840085287848
6b52e429-611a-4cff-a329-79640d71dcf9,serrakura111,364,7,2026-09-16T00:00:00+00:00,2026-09-23T00:00:00+00:00,0,0,0,0,0,sem_partidas,,sem_partidas,
d4241a7e-40ed-428c-824b-186191cc1186,kkx-,365,7,2026-09-16T00:00:00+00:00,2026-09-23T00:00:00+00:00,70,955,1065,0,70,ok,0.8967136150234741,normal,2.9850746268656714
b0e6d782-b60b-464b-b825-0551219d184c,Botman,366,7,2026-09-16T00:00:00+00:00,2026-09-23T00:00:00+00:00,19,346,252,0,19,ok,1.373015873015873,normal,82.08955223880598
43edb54f-28ed-41fb-9996-c53c1602b32a,taouser,367,7,2026-09-16T00:00:00+00:00,2026-09-23T00:00:00+00:00,15,239,222,0,15,ok,1.0765765765765767,normal,22.60127931769723
bf53ac48-b4ac-4b17-9174-4018772ad411,Griller1221,368,7,2026-09-16T00:00:00+00:00,2026-09-23T00:00:00+00:00,38,709,534,0,38,ok,1.3277153558052435,normal,76.33262260127933
6051a477-a1fb-410a-bca9-5eb8e848a515,grekuwu,369,7,2026-09-16T00:00:00+00:00,2026-09-23T00:00:00+00:00,18,263,282,0,18,ok,0.9326241134751773,normal,4.264392324093817
32181c2b-b743-4bcd-abd1-1a76378beacf,zs0lt1-,370,7,2026-09-16T00:00:00+00:00,2026-09-23T00:00:00+00:00,46,843,721,0,46,ok,1.1692094313453536,normal,43.71002132196162
35c42621-9863-49d8-a9d3-98cd2ebd3695,Sdaim,371,7,2026-09-16T00:00:00+00:00,2026-09-23T00:00:00+00:00,12,233,181,0,12,ok,1.287292817679558,normal,70.78891257995735
23b6ffbb-86ec-47ab-acaa-9c76bed0af66,jL-,372,7,2026-09-16T00:00:00+00:00,2026-09-23T00:00:00+00:00,21,398,285,0,21,ok,1.3964912280701753,normal,85.07462686567165
abe4d53f-ed16-49fc-8d86-3d1abac2d5ef,yanni-_-,373,7,2026-09-16T00:00:00+00:00,2026-09-23T00:00:00+00:00,35,589,546,0,35,ok,1.0787545787545787,normal,23.240938166311302
9dd05297-26eb-4cb4-a2e2-544b242f0a08,DAN9ARMATURA,374,7,2026-09-16T00:00:00+00:00,2026-09-23T00:00:00+00:00,13,230,208,0,13,ok,1.1057692307692308,normal,28.997867803837952
0cf9c7b8-2003-404d-97d4-fa9b5fae1878,Jimpphat,375,7,2026-09-16T00:00:00+00:00,2026-09-23T00:00:00+00:00,0,0,0,0,0,sem_partidas,,sem_partidas,
a6b1e85a-0d17-4fa3-9c08-900211bf7692,mattloo,376,7,2026-09-16T00:00:00+00:00,2026-09-23T00:00:00+00:00,0,0,0,0,0,sem_partidas,,sem_partidas,
c328112e-d19e-4dc2-b0d9-e95372a362e7,Hrdina1452,377,7,2026-09-16T00:00:00+00:00,2026-09-23T00:00:00+00:00,29,503,396,0,29,ok,1.27020202020202,normal,67.80383795309169
6f65cd76-e51e-480e-b0f4-d8ca78c3ec63,VILBy,378,7,2026-09-16T00:00:00+00:00,2026-09-23T00:00:00+00:00,12,210,174,0,12,ok,1.206896551724138,normal,54.15778251599147
40ca7ec3-ca11-4e1b-a3b3-3989c1aaf13f,baz,379,7,2026-09-16T00:00:00+00:00,2026-09-23T00:00:00+00:00,26,449,388,0,26,ok,1.157216494845361,normal,41.7910447761194
08b00737-a7bf-46c2-b501-052c101f3e6e,siz-,380,7,2026-09-16T00:00:00+00:00,2026-09-23T00:00:00+00:00,21,354,287,0,21,ok,1.2334494773519165,normal,60.5543710021322
a86a13ca-a850-4e31-9e46-76026f25a8df,flawly,381,7,2026-09-16T00:00:00+00:00,2026-09-23T00:00:00+00:00,12,186,209,0,12,ok,0.8899521531100478,normal,2.345415778251599
95371621-2dc2-4ae2-8633-e70c1f754d25,kiy0o,382,7,2026-09-16T00:00:00+00:00,2026-09-23T00:00:00+00:00,26,417,378,0,26,ok,1.1031746031746033,normal,28.35820895522388
fa304d5e-0d2e-4b7c-a802-a9ee2989d6d7,musordrop01R,383,7,2026-09-16T00:00:00+00:00,2026-09-23T00:00:00+00:00,48,1032,835,0,48,ok,1.2359281437125749,normal,61.19402985074627
e15c799e-2f9b-42fb-9233-db6908126b26,LunaticYF,384,7,2026-09-16T00:00:00+00:00,2026-09-23T00:00:00+00:00,31,537,501,0,31,ok,1.0718562874251496,normal,21.961620469083158
57d0ffa1-44d3-4271-9360-f09bfb7e3466,Ayri21,385,7,2026-09-16T00:00:00+00:00,2026-09-23T00:00:00+00:00,17,309,270,0,17,ok,1.1444444444444444,normal,38.16631130063966
ba3282ae-21a1-4a9d-a2e4-e579a67f2472,ToM223,386,7,2026-09-16T00:00:00+00:00,2026-09-23T00:00:00+00:00,8,134,115,0,8,ok,1.1652173913043478,normal,43.28358208955223
99726d5a-04d8-4b74-a12d-b5e012ae745c,anttzz,387,7,2026-09-16T00:00:00+00:00,2026-09-23T00:00:00+00:00,56,972,919,0,56,ok,1.057671381936888,normal,18.123667377398718
803bd4ab-3891-4686-8301-aea69a426477,PsychoDoctor,388,7,2026-09-16T00:00:00+00:00,2026-09-23T00:00:00+00:00,10,173,146,0,10,ok,1.1849315068493151,normal,46.908315565031984
7dfc0c4c-28a0-4126-8b97-349ba09bc314,neptun59,389,7,2026-09-16T00:00:00+00:00,2026-09-23T00:00:00+00:00,3,71,37,0,3,ok,1.9189189189189189,outlier_positivo,99.36034115138592
3bd30889-be3f-49cf-817f-1399c887f2d9,zeRRoFIX,390,7,2026-09-16T00:00:00+00:00,2026-09-23T00:00:00+00:00,0,0,0,0,0,sem_partidas,,sem_partidas,
651597b1-03b4-4c74-8848-dd688599cffa,sk1tt,391,7,2026-09-16T00:00:00+00:00,2026-09-23T00:00:00+00:00,6,110,87,0,6,ok,1.264367816091954,normal,66.52452025586354
bffdd912-57c0-4c48-9735-3d36059236b3,SatoruGojo_,392,7,2026-09-16T00:00:00+00:00,2026-09-23T00:00:00+00:00,46,800,760,0,46,ok,1.0526315789473684,normal,17.057569296375267
9b9355f1-870d-4d85-bb37-9b71d591d779,608-,393,7,2026-09-16T00:00:00+00:00,2026-09-23T00:00:00+00:00,27,427,371,0,27,ok,1.150943396226415,normal,39.872068230277186
79df73cc-00b8-40c2-9089-d20e81b91614,Nivera-,394,7,2026-09-16T00:00:00+00:00,2026-09-23T00:00:00+00:00,16,325,230,0,16,ok,1.4130434782608696,normal,87.20682302771856
e5806414-a8b4-4f7e-b13d-e16066e3984a,suisha,395,7,2026-09-16T00:00:00+00:00,2026-09-23T00:00:00+00:00,4,52,62,0,4,ok,0.8387096774193549,normal,1.279317697228145
675b5450-f00f-4009-92b8-10d17524959a,Proinya,396,7,2026-09-16T00:00:00+00:00,2026-09-23T00:00:00+00:00,6,109,114,0,6,ok,0.956140350877193,normal,6.396588486140725
a9147ac0-cd1b-4ab8-a634-a3562d29dc13,W0nderL4nd,397,7,2026-09-16T00:00:00+00:00,2026-09-23T00:00:00+00:00,13,223,229,0,13,ok,0.9737991266375546,normal,7.036247334754798
41e80191-23a9-40af-a3f5-b0452d31b7a5,xm1nd337,398,7,2026-09-16T00:00:00+00:00,2026-09-23T00:00:00+00:00,14,294,209,0,14,ok,1.4066985645933014,normal,85.9275053304904
381f4aa9-921e-498b-8548-af3a61a95f45,fall1ngxd,399,7,2026-09-16T00:00:00+00:00,2026-09-23T00:00:00+00:00,48,795,785,0,48,ok,1.0127388535031847,normal,10.660980810234541
0bd8a37f-2bf9-4a2a-8c4d-4ec60249c758,Kovvat,400,7,2026-09-16T00:00:00+00:00,2026-09-23T00:00:00+00:00,24,407,374,0,24,ok,1.088235294117647,normal,25.37313432835821
a5f7f49b-13f4-406b-9868-99503a228d4c,Myggis,401,7,2026-09-16T00:00:00+00:00,2026-09-23T00:00:00+00:00,9,119,157,0,9,ok,0.7579617834394905,normal,0.21321961620469082
96675589-94d3-4a3f-942e-75e876c5407d,amanek,402,7,2026-09-16T00:00:00+00:00,2026-09-23T00:00:00+00:00,56,728,895,0,56,ok,0.8134078212290503,normal,0.6396588486140725
8f97a4ca-0315-4386-a97d-4ec6b74a432a,F0R3VER-,403,7,2026-09-16T00:00:00+00:00,2026-09-23T00:00:00+00:00,9,166,133,0,9,ok,1.2481203007518797,normal,62.68656716417911
3c1ca83f-5c0b-48c9-9efb-86e02999bad4,CoolezW,404,7,2026-09-16T00:00:00+00:00,2026-09-23T00:00:00+00:00,1,21,13,0,1,ok,1.6153846153846154,normal,95.94882729211088
f77f8060-0918-4c9c-84eb-4b871a0d0430,Farab1,405,7,2026-09-16T00:00:00+00:00,2026-09-23T00:00:00+00:00,45,711,704,0,45,ok,1.0099431818181819,normal,10.44776119402985
f317884c-2d70-4cb9-8f03-418064e114ed,markovich666,406,7,2026-09-16T00:00:00+00:00,2026-09-23T00:00:00+00:00,16,355,213,0,16,ok,1.6666666666666667,outlier_positivo,97.01492537313433
cd355df3-21b0-4677-8e79-6d823aa6ebac,takanashi,407,7,2026-09-16T00:00:00+00:00,2026-09-23T00:00:00+00:00,26,482,375,0,26,ok,1.2853333333333334,normal,70.1492537313433
a421bf0b-db37-4194-8d57-59aa2cab64a0,NaYz,408,7,2026-09-16T00:00:00+00:00,2026-09-23T00:00:00+00:00,0,0,0,0,0,sem_partidas,,sem_partidas,
14bf6f49-e335-4cca-b270-2bff1bc95485,whisperr23,409,7,2026-09-16T00:00:00+00:00,2026-09-23T00:00:00+00:00,8,163,115,0,8,ok,1.4173913043478261,normal,87.84648187633263
f0d7de73-a6e4-4fd8-961e-d4f5f283e931,kenjezz,410,7,2026-09-16T00:00:00+00:00,2026-09-23T00:00:00+00:00,24,377,350,0,24,ok,1.0771428571428572,normal,22.81449893390192
e5b77795-ddbc-418b-a72a-e8e8e2787d54,eNs,411,7,2026-09-16T00:00:00+00:00,2026-09-23T00:00:00+00:00,9,174,122,0,9,ok,1.4262295081967213,normal,88.69936034115139
917a60fe-0a2f-4cf8-b93e-8d8242e2aa87,Bl4zE333,412,7,2026-09-16T00:00:00+00:00,2026-09-23T00:00:00+00:00,22,418,348,0,22,ok,1.2011494252873562,normal,51.385927505330486
7b6558ed-94e8-4344-a805-788cb226d03e,oz1k,413,7,2026-09-16T00:00:00+00:00,2026-09-23T00:00:00+00:00,25,349,323,0,25,ok,1.0804953560371517,normal,23.88059701492537
31a278ea-2af3-4101-baad-2bff533b5c01,Blytz_,414,7,2026-09-16T00:00:00+00:00,2026-09-23T00:00:00+00:00,0,0,0,0,0,sem_partidas,,sem_partidas,
13a07227-30a0-4590-9b66-e8e5841b7a8b,H4SAN4TOR,415,7,2026-09-16T00:00:00+00:00,2026-09-23T00:00:00+00:00,10,182,158,0,10,ok,1.1518987341772151,normal,40.298507462686565
0afea8e8-c7e2-4ad7-a20e-ec4ba4ce80ff,3BL0S7R3L,416,7,2026-09-16T00:00:00+00:00,2026-09-23T00:00:00+00:00,65,1168,992,0,65,ok,1.1774193548387097,normal,45.41577825159915
b65ca382-cb8c-42a2-aeb7-822fb72cb9a7,iffo,417,7,2026-09-16T00:00:00+00:00,2026-09-23T00:00:00+00:00,12,200,171,0,12,ok,1.1695906432748537,normal,43.923240938166316
685163c9-a0d4-41b9-8373-d0d2f26ab42b,kL1o,418,7,2026-09-16T00:00:00+00:00,2026-09-23T00:00:00+00:00,10,153,124,0,10,ok,1.2338709677419355,normal,60.76759061833689
1ace868a-d60c-46b8-a61e-f51d40d0305b,lilpeepfan-,419,7,2026-09-16T00:00:00+00:00,2026-09-23T00:00:00+00:00,13,245,165,0,13,ok,1.4848484848484849,normal,92.53731343283582
6e9625a5-9d91-4b07-9858-0042f5a53f6a,paz-,420,7,2026-09-16T00:00:00+00:00,2026-09-23T00:00:00+00:00,17,319,251,0,17,ok,1.2709163346613546,normal,68.01705756929638
f34926cc-3857-4d91-bc5a-316ec071263a,djgor1lla,421,7,2026-09-16T00:00:00+00:00,2026-09-23T00:00:00+00:00,104,1790,1843,0,104,ok,0.9712425393380358,normal,6.823027718550106
f2e856bd-3ee0-4c05-85da-0f26ecdfcd69,Jhniewolkjer,422,7,2026-09-16T00:00:00+00:00,2026-09-23T00:00:00+00:00,18,295,238,0,18,ok,1.2394957983193278,normal,61.833688699360344
cd978277-44fe-46ef-85e9-c916be624bee,Maiser,423,7,2026-09-16T00:00:00+00:00,2026-09-23T00:00:00+00:00,28,468,380,0,28,ok,1.231578947368421,normal,60.12793176972282
8dd252bc-7bed-4b80-a8af-08292429f90c,shaiK,424,7,2026-09-16T00:00:00+00:00,2026-09-23T00:00:00+00:00,8,160,118,0,8,ok,1.3559322033898304,normal,79.74413646055437
01b56a15-1e5d-43ea-9173-8d2b812bc1c6,strixxxzz,425,7,2026-09-16T00:00:00+00:00,2026-09-23T00:00:00+00:00,23,417,350,0,23,ok,1.1914285714285715,normal,48.8272921108742
92e63ac2-a228-4a2c-8db5-93e4a0b35e6f,SILNYI4EL,426,7,2026-09-16T00:00:00+00:00,2026-09-23T00:00:00+00:00,23,375,362,0,23,ok,1.0359116022099448,normal,15.56503198294243
80396ca7-9e6b-440d-bea6-99c20a78758c,MadLife516,427,7,2026-09-16T00:00:00+00:00,2026-09-23T00:00:00+00:00,30,491,453,0,30,ok,1.0838852097130243,normal,24.520255863539443
53771794-0678-4e00-b12b-605404c711f0,icntflmfce,428,7,2026-09-16T00:00:00+00:00,2026-09-23T00:00:00+00:00,0,0,0,0,0,sem_partidas,,sem_partidas,
43cddbf7-48c8-402d-8ab5-2d7b35c519c2,Tired5,429,7,2026-09-16T00:00:00+00:00,2026-09-23T00:00:00+00:00,32,480,491,0,32,ok,0.9775967413441955,normal,7.889125799573561
f054b0fb-9841-45b9-b832-d3d38f3c948e,iNSANE-0_o,430,7,2026-09-16T00:00:00+00:00,2026-09-23T00:00:00+00:00,11,155,175,0,11,ok,0.8857142857142857,normal,2.1321961620469083
6a8c42f1-b66d-49d3-a89a-d0fd7c11d544,CHANKY-,431,7,2026-09-16T00:00:00+00:00,2026-09-23T00:00:00+00:00,0,0,0,0,0,sem_partidas,,sem_partidas,
0e5e5804-66dc-47fc-abf8-78fbabb2e486,x1nk1n,432,7,2026-09-16T00:00:00+00:00,2026-09-23T00:00:00+00:00,20,395,285,0,20,ok,1.3859649122807018,normal,83.5820895522388
fddec513-3b2c-46c2-8223-5baf9d7c44e1,qw3zy,433,7,2026-09-16T00:00:00+00:00,2026-09-23T00:00:00+00:00,8,117,110,0,8,ok,1.0636363636363637,normal,19.82942430703625
7755ecad-986d-418d-932e-2250132bee75,newnickname7,434,7,2026-09-16T00:00:00+00:00,2026-09-23T00:00:00+00:00,11,206,160,0,11,ok,1.2875,normal,71.00213219616205
4396868f-64f7-4847-8443-4703685a0aef,hitori,435,7,2026-09-16T00:00:00+00:00,2026-09-23T00:00:00+00:00,9,115,131,0,9,ok,0.8778625954198473,normal,1.7057569296375266
1606bc69-b662-43ff-a5a6-cb3667b1175f,qw1ck,436,7,2026-09-16T00:00:00+00:00,2026-09-23T00:00:00+00:00,78,1376,1193,0,78,ok,1.1533948030176027,normal,40.93816631130064
f20f58ba-b7f6-455e-9267-5700584798a7,resqz,437,7,2026-09-16T00:00:00+00:00,2026-09-23T00:00:00+00:00,20,364,304,0,20,ok,1.1973684210526316,normal,50.53304904051173
c1302426-7b94-464e-8074-934bd584a311,latayo,438,7,2026-09-16T00:00:00+00:00,2026-09-23T00:00:00+00:00,27,507,428,0,27,ok,1.1845794392523366,normal,46.695095948827294
47444e4a-3a2e-4952-a6d8-eb535f3f9c82,Something,439,7,2026-09-16T00:00:00+00:00,2026-09-23T00:00:00+00:00,0,0,0,0,0,sem_partidas,,sem_partidas,
bea77fb4-1e11-43bf-aae7-1ce463bc0a21,nukleos143,440,7,2026-09-16T00:00:00+00:00,2026-09-23T00:00:00+00:00,37,623,528,0,37,ok,1.1799242424242424,normal,46.05543710021322
5d950322-1f67-41fe-a8d7-3831ef236504,xz4yrix_-,441,7,2026-09-16T00:00:00+00:00,2026-09-23T00:00:00+00:00,47,732,710,0,47,ok,1.0309859154929577,normal,13.646055437100213
b88c11ce-6c1c-4caf-826c-a3781f5ef95f,r3td,442,7,2026-09-16T00:00:00+00:00,2026-09-23T00:00:00+00:00,58,1071,890,0,58,ok,1.203370786516854,normal,52.23880597014925
a890369c-f360-430b-bb2b-07320647239f,Sami,443,7,2026-09-16T00:00:00+00:00,2026-09-23T00:00:00+00:00,13,201,211,0,13,ok,0.95260663507109,normal,5.756929637526652
41e2d7e1-a224-46b4-8565-cc04e4a9d1ea,crazed-_-,444,7,2026-09-16T00:00:00+00:00,2026-09-23T00:00:00+00:00,21,346,326,0,21,ok,1.0613496932515338,normal,18.763326226012794
37032643-d56f-417e-b165-f058646f8076,wakash1ma666,445,7,2026-09-16T00:00:00+00:00,2026-09-23T00:00:00+00:00,31,605,486,0,31,ok,1.2448559670781894,normal,62.26012793176972
63bbf570-f8f3-4502-9c27-4b2d767bfeb8,newt,446,7,2026-09-16T00:00:00+00:00,2026-09-23T00:00:00+00:00,15,286,221,0,15,ok,1.2941176470588236,normal,72.06823027718549
5b8d259e-503e-4afe-b621-0dc202d46e43,Buzz,447,7,2026-09-16T00:00:00+00:00,2026-09-23T00:00:00+00:00,3,46,37,0,3,ok,1.2432432432432432,normal,62.046908315565034
ec933b68-6007-408c-818d-10cc284b6838,-mortal666,448,7,2026-09-16T00:00:00+00:00,2026-09-23T00:00:00+00:00,28,444,471,0,28,ok,0.9426751592356688,normal,5.330490405117271
1e004a7b-a857-49ed-ad46-a3f8549d5b7e,Jaex-,449,7,2026-09-16T00:00:00+00:00,2026-09-23T00:00:00+00:00,18,360,253,0,18,ok,1.4229249011857708,normal,88.27292110874201
ea125fed-a8af-4d17-91b9-4e05dc51a0ba,shalfey111,450,7,2026-09-16T00:00:00+00:00,2026-09-23T00:00:00+00:00,5,99,73,0,5,ok,1.356164383561644,normal,79.95735607675905
c03e59a1-785d-4821-8300-e84d2a30a99c,fez,451,7,2026-09-16T00:00:00+00:00,2026-09-23T00:00:00+00:00,2,38,27,0,2,ok,1.4074074074074074,normal,86.35394456289978
888098d7-ca11-498a-9d76-aa9bc8636708,-Aldikon,452,7,2026-09-16T00:00:00+00:00,2026-09-23T00:00:00+00:00,9,150,116,0,9,ok,1.293103448275862,normal,71.85501066098081
9af7e56b-2661-4235-a853-788f9d07d7c5,safraleine33,453,7,2026-09-16T00:00:00+00:00,2026-09-23T00:00:00+00:00,75,1155,1175,0,75,ok,0.9829787234042553,normal,8.315565031982942
1fc5d089-ed6d-42bc-9014-b7bd8024a5ce,wouri,454,7,2026-09-16T00:00:00+00:00,2026-09-23T00:00:00+00:00,31,567,509,0,31,ok,1.1139489194499017,normal,30.916844349680172
94f48ada-f249-4fd3-92cd-d7e1454bbeb3,percoshk3t,455,7,2026-09-16T00:00:00+00:00,2026-09-23T00:00:00+00:00,20,347,282,0,20,ok,1.2304964539007093,normal,59.914712153518124
835047fa-11b8-44df-aff2-df367bacc016,domin0o_,456,7,2026-09-16T00:00:00+00:00,2026-09-23T00:00:00+00:00,15,229,208,0,15,ok,1.1009615384615385,normal,28.14498933901919
9b60b444-681f-4075-9bb2-5b8a1e6c8c0c,zendirege,457,7,2026-09-16T00:00:00+00:00,2026-09-23T00:00:00+00:00,51,874,816,0,51,ok,1.071078431372549,normal,21.535181236673772
45a216c4-0a48-4475-9e16-4548a1ab8a63,-guty,458,7,2026-09-16T00:00:00+00:00,2026-09-23T00:00:00+00:00,0,0,0,0,0,sem_partidas,,sem_partidas,
24d172ce-17ac-4473-9bbf-604230499642,kaneko999,459,7,2026-09-16T00:00:00+00:00,2026-09-23T00:00:00+00:00,20,317,335,0,20,ok,0.9462686567164179,normal,5.543710021321962
766e6891-f43c-4caa-9069-6ff948384229,foidslayer--,460,7,2026-09-16T00:00:00+00:00,2026-09-23T00:00:00+00:00,63,1095,920,0,63,ok,1.190217391304348,normal,48.18763326226013
6226a775-1377-48c3-bac5-3a772af824fb,inwayz-_-,461,7,2026-09-16T00:00:00+00:00,2026-09-23T00:00:00+00:00,71,1312,937,0,71,ok,1.400213447171825,normal,85.71428571428571
31344471-a809-45c0-9190-fd6420769871,hallzerk,462,7,2026-09-16T00:00:00+00:00,2026-09-23T00:00:00+00:00,0,0,0,0,0,sem_partidas,,sem_partidas,
07590cf0-6f1c-4a5c-b349-5af955627f30,kRaSnaI,463,7,2026-09-16T00:00:00+00:00,2026-09-23T00:00:00+00:00,4,65,50,0,4,ok,1.3,normal,73.13432835820896
7620a1ae-c74b-4677-80c1-3e551c8c3fb7,PYREXX-,464,7,2026-09-16T00:00:00+00:00,2026-09-23T00:00:00+00:00,35,593,602,0,35,ok,0.9850498338870431,normal,8.528784648187633
2148ed19-15a3-4d2f-973e-4b7d6a29af6b,AI-Bagheera,465,7,2026-09-16T00:00:00+00:00,2026-09-23T00:00:00+00:00,15,296,244,0,15,ok,1.2131147540983607,normal,55.223880597014926
a20678de-0c2d-4a9f-bf8e-3c856bceab45,b1t,466,7,2026-09-16T00:00:00+00:00,2026-09-23T00:00:00+00:00,6,118,81,0,6,ok,1.4567901234567902,normal,90.8315565031983
57bf2171-049e-46e6-8e16-131dcb92a415,avid-,467,7,2026-09-16T00:00:00+00:00,2026-09-23T00:00:00+00:00,17,312,253,0,17,ok,1.233201581027668,normal,60.3411513859275
43e675a8-d54e-42c4-b055-c0d2062bbf7e,YumsaN,468,7,2026-09-16T00:00:00+00:00,2026-09-23T00:00:00+00:00,0,0,0,0,0,sem_partidas,,sem_partidas,
b0ee1f18-598b-4f15-89d5-99b614cc93b0,Malkiss,469,7,2026-09-16T00:00:00+00:00,2026-09-23T00:00:00+00:00,2,29,28,0,2,ok,1.0357142857142858,normal,15.351812366737741
8a4b1c1b-7957-4b83-a18c-1dee110c4cfc,1nki7331,470,7,2026-09-16T00:00:00+00:00,2026-09-23T00:00:00+00:00,2,42,30,0,2,ok,1.4,normal,85.50106609808103
d9981652-0143-4c1f-9de5-7fed7f2315f5,k1ssly-,471,7,2026-09-16T00:00:00+00:00,2026-09-23T00:00:00+00:00,15,234,206,0,15,ok,1.1359223300970873,normal,34.32835820895522
d6537a7f-eb98-449d-9f31-cada1d6b910d,wswavdghfwd,472,7,2026-09-16T00:00:00+00:00,2026-09-23T00:00:00+00:00,16,310,272,0,16,ok,1.1397058823529411,normal,36.247334754797436
2d83d2dc-abfd-490e-b05e-0019887cf33c,731MusorDrop,473,7,2026-09-16T00:00:00+00:00,2026-09-23T00:00:00+00:00,47,822,723,0,47,ok,1.1369294605809128,normal,34.7547974413646
da235764-ca50-4d23-b071-38e9bf44a39b,jv2k,474,7,2026-09-16T00:00:00+00:00,2026-09-23T00:00:00+00:00,16,289,231,0,16,ok,1.251082251082251,normal,63.32622601279317
f91a0186-c110-4c26-b82b-b77f885510a4,cheaterhs,475,7,2026-09-16T00:00:00+00:00,2026-09-23T00:00:00+00:00,13,232,206,0,13,ok,1.1262135922330097,normal,33.04904051172708
eda41a31-6cf9-49f9-9870-7b12bb0d9150,CASEKAICEDO,476,7,2026-09-16T00:00:00+00:00,2026-09-23T00:00:00+00:00,21,356,299,0,21,ok,1.1906354515050168,normal,48.40085287846482
d3f24072-38c0-44ac-9d8b-5dba72c47569,danil_potoke,477,7,2026-09-16T00:00:00+00:00,2026-09-23T00:00:00+00:00,35,573,539,0,35,ok,1.0630797773654916,normal,19.189765458422176
772edefc-9b9d-4e5b-b33e-2958eb6c38a7,H1jgnsh-_-,478,7,2026-09-16T00:00:00+00:00,2026-09-23T00:00:00+00:00,24,347,392,0,24,ok,0.8852040816326531,normal,1.9189765458422177
1495e67c-8aa5-4e8a-9e24-7f17e5ea3049,PUPA-9,479,7,2026-09-16T00:00:00+00:00,2026-09-23T00:00:00+00:00,17,301,281,0,17,ok,1.0711743772241993,normal,21.748400852878465
ee612218-4533-4dbc-a8db-21192d8217b8,epeaj666,480,7,2026-09-16T00:00:00+00:00,2026-09-23T00:00:00+00:00,42,645,636,0,42,ok,1.0141509433962264,normal,11.087420042643924
15371e7d-a30d-4b6a-80d8-d8ca1b8cbc43,stavnmagi,481,7,2026-09-16T00:00:00+00:00,2026-09-23T00:00:00+00:00,7,168,119,0,7,ok,1.411764705882353,normal,86.99360341151386
fed5173b-cc64-4d2a-914f-84273a4eb392,deliciousSs,482,7,2026-09-16T00:00:00+00:00,2026-09-23T00:00:00+00:00,36,581,523,0,36,ok,1.1108986615678775,normal,30.06396588486141
f140177f-6dec-4903-9bb6-598f1049e97f,her1tage111,483,7,2026-09-16T00:00:00+00:00,2026-09-23T00:00:00+00:00,5,105,73,0,5,ok,1.4383561643835616,normal,89.55223880597015
e35850f7-8043-4e71-9d3a-3748cb6dfdd7,Shoota-_-,484,7,2026-09-16T00:00:00+00:00,2026-09-23T00:00:00+00:00,8,110,123,0,8,ok,0.8943089430894309,normal,2.771855010660981
c46fe7d1-7623-4014-a63b-2e8bc3cbac62,262,485,7,2026-09-16T00:00:00+00:00,2026-09-23T00:00:00+00:00,10,178,149,0,10,ok,1.1946308724832215,normal,49.89339019189765
defccfc4-ddf1-4aee-b441-51adf7306f37,m4d4ra666,486,7,2026-09-16T00:00:00+00:00,2026-09-23T00:00:00+00:00,3,40,52,0,3,ok,0.7692307692307693,normal,0.42643923240938164
24a3d250-e64e-4212-9872-2f37997e3e5f,l4uvmaria,487,7,2026-09-16T00:00:00+00:00,2026-09-23T00:00:00+00:00,51,904,739,0,51,ok,1.2232746955345062,normal,57.782515991471215
c6ab629f-9142-4edb-9cb9-a88d5b6ac7ef,Chr1zN,488,7,2026-09-16T00:00:00+00:00,2026-09-23T00:00:00+00:00,3,63,56,0,3,ok,1.125,normal,32.40938166311301
30d65106-6fb6-4f84-8a7a-66c10df34b72,--SanDy,489,7,2026-09-16T00:00:00+00:00,2026-09-23T00:00:00+00:00,11,193,153,0,11,ok,1.261437908496732,normal,65.67164179104478
f02fe0de-fda4-490e-8048-a33cd7a47b54,Jayy2s,490,7,2026-09-16T00:00:00+00:00,2026-09-23T00:00:00+00:00,0,0,0,0,0,sem_partidas,,sem_partidas,
a29dccc8-5ea9-49be-a884-09b80706b010,fdghnsfdgb,491,7,2026-09-16T00:00:00+00:00,2026-09-23T00:00:00+00:00,9,151,136,0,9,ok,1.1102941176470589,normal,29.850746268656714
75c35b01-719b-4d98-b110-e99a0369097a,whyalive999,492,7,2026-09-16T00:00:00+00:00,2026-09-23T00:00:00+00:00,21,387,322,0,21,ok,1.2018633540372672,normal,51.812366737739865
cab2a609-de2f-4023-a9c7-af89d5292c96,D0cC,493,7,2026-09-16T00:00:00+00:00,2026-09-23T00:00:00+00:00,11,267,150,0,11,ok,1.78,outlier_positivo,98.29424307036247
c8a2d8f4-c3d9-46dd-b779-e20940697c76,emiii-,494,7,2026-09-16T00:00:00+00:00,2026-09-23T00:00:00+00:00,15,215,212,0,15,ok,1.0141509433962264,normal,11.087420042643924
3783cdb7-ad5b-4c10-ba0e-ba14df7f8403,-Blam1e,495,7,2026-09-16T00:00:00+00:00,2026-09-23T00:00:00+00:00,19,334,295,0,19,ok,1.1322033898305084,normal,33.47547974413646
f60f128f-693b-4be2-8d37-d8bf0ad519ec,faydett,496,7,2026-09-16T00:00:00+00:00,2026-09-23T00:00:00+00:00,14,283,218,0,14,ok,1.298165137614679,normal,72.92110874200426
1bce43de-6944-4533-8402-4631f989c56c,kagiriiii,497,7,2026-09-16T00:00:00+00:00,2026-09-23T00:00:00+00:00,14,267,219,0,14,ok,1.2191780821917808,normal,56.28997867803838
fa49d188-261a-4200-b10d-1c632dfeb87a,solb7,498,7,2026-09-16T00:00:00+00:00,2026-09-23T00:00:00+00:00,17,270,247,0,17,ok,1.0931174089068827,normal,26.439232409381663
cc4540db-0be4-43d7-869d-0a10573e8902,PleaseF1xMe,499,7,2026-09-16T00:00:00+00:00,2026-09-23T00:00:00+00:00,46,892,709,0,46,ok,1.2581100141043724,normal,64.60554371002132
b89b63c3-72b3-4f94-ad9f-8f1cede7e874,edgyS,500,7,2026-09-16T00:00:00+00:00,2026-09-23T00:00:00+00:00,6,72,78,0,6,ok,0.9230769230769231,normal,3.624733475479744
e5e8e2a6-d716-4493-b949-e16965f41654,donk666,1,8,2026-09-23T00:00:00+00:00,2026-09-30T00:00:00+00:00,7,159,106,0,7,ok,1.5,normal,93.75
33c4e3c7-5428-46f2-bc0f-3fbdce907873,abiraju,2,8,2026-09-23T00:00:00+00:00,2026-09-30T00:00:00+00:00,30,515,399,0,30,ok,1.2907268170426065,normal,74.56896551724138
74df0e6b-5b41-42d7-93b4-05dc78b9a699,dem0nnnnnnnn,3,8,2026-09-23T00:00:00+00:00,2026-09-30T00:00:00+00:00,6,118,98,0,6,ok,1.2040816326530612,normal,54.525862068965516
5c96af4a-20e7-40dc-b91b-551803b6170a,1prince1,4,8,2026-09-23T00:00:00+00:00,2026-09-30T00:00:00+00:00,13,252,138,0,13,ok,1.826086956521739,outlier_positivo,99.13793103448276
e5b855bd-3dbc-4928-a216-241d615b431b,nipl,5,8,2026-09-23T00:00:00+00:00,2026-09-30T00:00:00+00:00,3,50,46,0,3,ok,1.0869565217391304,normal,26.29310344827586
34f9fcd0-4f1f-4693-bd96-c2e29df992e5,bluewh1te,6,8,2026-09-23T00:00:00+00:00,2026-09-30T00:00:00+00:00,26,459,358,0,26,ok,1.282122905027933,normal,71.98275862068965
64000660-f2d2-4c9b-8e29-6ad5ec2b49cf,CEMEN_BAKIN,7,8,2026-09-23T00:00:00+00:00,2026-09-30T00:00:00+00:00,36,857,556,0,36,ok,1.54136690647482,normal,94.82758620689656
463b9403-9b63-4408-a962-d9452385af4d,z1Nny,8,8,2026-09-23T00:00:00+00:00,2026-09-30T00:00:00+00:00,8,178,144,0,8,ok,1.2361111111111112,normal,61.853448275862064
be994de3-89c8-4d40-9286-c14035208743,-SYPH0,9,8,2026-09-23T00:00:00+00:00,2026-09-30T00:00:00+00:00,9,161,138,0,9,ok,1.1666666666666667,normal,45.474137931034484
2f5f6b1e-9705-45e8-9065-233680b8f4b8,synyx--,10,8,2026-09-23T00:00:00+00:00,2026-09-30T00:00:00+00:00,65,1289,990,0,65,ok,1.302020202020202,normal,75.86206896551724
ae86bf74-eeda-444f-8db4-a4703a74fc95,1769-,11,8,2026-09-23T00:00:00+00:00,2026-09-30T00:00:00+00:00,30,642,434,0,30,ok,1.4792626728110598,normal,92.24137931034483
10b5e974-6308-46ba-8968-0d8b2f5e5c04,U10m3k,12,8,2026-09-23T00:00:00+00:00,2026-09-30T00:00:00+00:00,14,268,204,0,14,ok,1.3137254901960784,normal,76.9396551724138
7034bcab-8503-4615-b216-ba9f05c0ae13,adamb1,13,8,2026-09-23T00:00:00+00:00,2026-09-30T00:00:00+00:00,15,321,222,0,15,ok,1.445945945945946,normal,89.87068965517241
ca1a7e52-32d3-4330-9c4d-c6d91c7e1eca,kumao,14,8,2026-09-23T00:00:00+00:00,2026-09-30T00:00:00+00:00,15,279,235,0,15,ok,1.1872340425531915,normal,50.43103448275862
ba9547a0-c1de-40d7-92be-17dc224c2aec,Ex1st---,15,8,2026-09-23T00:00:00+00:00,2026-09-30T00:00:00+00:00,18,331,306,0,18,ok,1.0816993464052287,normal,25.43103448275862
300012ab-d5be-4271-96be-e2ac66a8f4d4,tried,16,8,2026-09-23T00:00:00+00:00,2026-09-30T00:00:00+00:00,33,632,488,0,33,ok,1.2950819672131149,normal,75.0
b0bf2cc2-198a-4a78-988d-2e7ff7ee6815,Magnojezzz,17,8,2026-09-23T00:00:00+00:00,2026-09-30T00:00:00+00:00,13,264,170,0,13,ok,1.5529411764705883,normal,95.25862068965517
a1d1b853-0d85-437f-9e21-2e9dea4976f5,kRaSnaL,18,8,2026-09-23T00:00:00+00:00,2026-09-30T00:00:00+00:00,65,1097,1083,0,65,ok,1.0129270544783011,normal,13.577586206896552
2ee20933-e330-4879-8eed-0eda12f63b60,Ryujin,19,8,2026-09-23T00:00:00+00:00,2026-09-30T00:00:00+00:00,13,257,221,0,13,ok,1.16289592760181,normal,45.043103448275865
7cfd2312-1ff0-434c-a4b1-be10b033636f,xKacpersky,20,8,2026-09-23T00:00:00+00:00,2026-09-30T00:00:00+00:00,14,304,208,0,14,ok,1.4615384615384615,normal,91.37931034482759
dfe2650b-74ec-419f-8308-cbedfba7eae5,D9D9VOLODYA,21,8,2026-09-23T00:00:00+00:00,2026-09-30T00:00:00+00:00,61,1166,858,0,61,ok,1.358974358974359,normal,83.62068965517241
512e4ffc-1edf-4f6b-819c-8d15498267b1,tronic,22,8,2026-09-23T00:00:00+00:00,2026-09-30T00:00:00+00:00,8,147,111,0,8,ok,1.3243243243243243,normal,79.52586206896551
f0b0bbdb-af3d-4ad2-a509-9d75e472a558,sakha,23,8,2026-09-23T00:00:00+00:00,2026-09-30T00:00:00+00:00,54,865,749,0,54,ok,1.1548731642189587,normal,43.103448275862064
d3b48a63-5d9d-4db7-ab3f-1dc325b0fc34,mazay,24,8,2026-09-23T00:00:00+00:00,2026-09-30T00:00:00+00:00,5,78,64,0,5,ok,1.21875,normal,58.189655172413794
2ce03e2d-72bd-45d8-872c-dfdefd172e72,nbl-,25,8,2026-09-23T00:00:00+00:00,2026-09-30T00:00:00+00:00,18,353,295,0,18,ok,1.1966101694915254,normal,52.370689655172406
14ade289-8e06-4e85-be76-7ffc51426cae,SquEzxc,26,8,2026-09-23T00:00:00+00:00,2026-09-30T00:00:00+00:00,24,470,318,0,24,ok,1.4779874213836477,normal,92.02586206896551
3b04032f-fa9d-4f8d-9cb5-a2481c51d4bd,Kopol9HEybuT,27,8,2026-09-23T00:00:00+00:00,2026-09-30T00:00:00+00:00,31,567,447,0,31,ok,1.2684563758389262,normal,68.53448275862068
ac784f9e-2975-4e9d-b3bc-f2b4a2e8c83b,trd73,28,8,2026-09-23T00:00:00+00:00,2026-09-30T00:00:00+00:00,17,330,247,0,17,ok,1.3360323886639676,normal,81.03448275862068
ac852ba6-6bcd-48f4-a216-1fbe64aeb6a5,mag1k3Y,29,8,2026-09-23T00:00:00+00:00,2026-09-30T00:00:00+00:00,17,275,216,0,17,ok,1.2731481481481481,normal,70.04310344827587
58dabfcf-c6d3-4a31-bb0e-9c95ff9c891b,whyhurt,30,8,2026-09-23T00:00:00+00:00,2026-09-30T00:00:00+00:00,19,350,266,0,19,ok,1.3157894736842106,normal,77.80172413793103
3f31fb51-5179-4d2a-871f-831c46d51e5b,rifler,31,8,2026-09-23T00:00:00+00:00,2026-09-30T00:00:00+00:00,30,540,441,0,30,ok,1.2244897959183674,normal,59.69827586206896
821d2f75-a314-48d7-8a90-5d2f152e761a,em0k1d,32,8,2026-09-23T00:00:00+00:00,2026-09-30T00:00:00+00:00,17,271,226,0,17,ok,1.1991150442477876,normal,53.01724137931034
8f151c97-d096-40f1-b3ae-3afaaca644bb,hARNgAdd--,33,8,2026-09-23T00:00:00+00:00,2026-09-30T00:00:00+00:00,29,570,363,0,29,ok,1.5702479338842976,normal,95.6896551724138
e942341f-24df-45d9-ac6d-9817cfa6ad0b,frontales,34,8,2026-09-23T00:00:00+00:00,2026-09-30T00:00:00+00:00,11,204,142,0,11,ok,1.4366197183098592,normal,88.79310344827587
09013eac-138e-47ca-a38f-2ba9021c975f,flouzer,35,8,2026-09-23T00:00:00+00:00,2026-09-30T00:00:00+00:00,22,398,325,0,22,ok,1.2246153846153847,normal,59.91379310344828
f7320c44-0f99-4c4c-a56c-f83efb346eb8,fudzhy,36,8,2026-09-23T00:00:00+00:00,2026-09-30T00:00:00+00:00,19,335,283,0,19,ok,1.1837455830388692,normal,49.137931034482754
5f766d86-a43a-463c-8673-b4b3d8889631,tokyoshi,37,8,2026-09-23T00:00:00+00:00,2026-09-30T00:00:00+00:00,6,93,88,0,6,ok,1.0568181818181819,normal,20.25862068965517
89aee03d-1762-4b48-99b9-61ff5827dd3f,KAD1M,38,8,2026-09-23T00:00:00+00:00,2026-09-30T00:00:00+00:00,24,453,315,0,24,ok,1.438095238095238,normal,89.4396551724138
16535c6a-fbce-4485-b5b8-fab4340b707e,b1st-,39,8,2026-09-23T00:00:00+00:00,2026-09-30T00:00:00+00:00,45,879,673,0,45,ok,1.3060921248142645,normal,76.50862068965517
3ecdb88c-0a97-457f-a130-d0782176f94d,FenomeN--,40,8,2026-09-23T00:00:00+00:00,2026-09-30T00:00:00+00:00,12,230,155,0,12,ok,1.4838709677419355,normal,92.45689655172413
31cf2b21-6afc-4bac-a36f-40cebaa6f862,cartilag,41,8,2026-09-23T00:00:00+00:00,2026-09-30T00:00:00+00:00,28,667,422,0,28,ok,1.580568720379147,normal,96.12068965517241
7c15da7f-39d6-4f8d-b237-ddcc58d0751b,hey666,42,8,2026-09-23T00:00:00+00:00,2026-09-30T00:00:00+00:00,14,282,207,0,14,ok,1.3623188405797102,normal,84.26724137931035
4b6a67fe-50fb-462d-9940-568d8ebd3f83,0SAMAS,43,8,2026-09-23T00:00:00+00:00,2026-09-30T00:00:00+00:00,7,119,109,0,7,ok,1.091743119266055,normal,27.370689655172413
18842687-3e2e-45fc-a146-0cc8d4d398e9,ayuki222,44,8,2026-09-23T00:00:00+00:00,2026-09-30T00:00:00+00:00,7,138,96,0,7,ok,1.4375,normal,89.00862068965517
e1c59162-b1e7-48c6-9831-eff3170045af,Tri-Borgg1,45,8,2026-09-23T00:00:00+00:00,2026-09-30T00:00:00+00:00,11,177,152,0,11,ok,1.1644736842105263,normal,45.258620689655174
24f68939-d90a-4e47-8e43-7e5137c86f48,stressarN,46,8,2026-09-23T00:00:00+00:00,2026-09-30T00:00:00+00:00,9,175,136,0,9,ok,1.286764705882353,normal,73.49137931034483
bf4c5d97-d8c0-4d0f-bdf3-26066898a7b9,777thienlao,47,8,2026-09-23T00:00:00+00:00,2026-09-30T00:00:00+00:00,3,55,46,0,3,ok,1.1956521739130435,normal,52.1551724137931
4df4d439-0a99-470c-9c36-83b9405a2640,Pump-,48,8,2026-09-23T00:00:00+00:00,2026-09-30T00:00:00+00:00,20,329,292,0,20,ok,1.1267123287671232,normal,36.637931034482754
2d2af39e-de80-4670-91da-3a5f7c4a6d32,alkarenn56,49,8,2026-09-23T00:00:00+00:00,2026-09-30T00:00:00+00:00,9,163,147,0,9,ok,1.1088435374149659,normal,31.896551724137932
898780b2-bf70-4c28-8e0d-b9600be8397e,zweih1221,50,8,2026-09-23T00:00:00+00:00,2026-09-30T00:00:00+00:00,21,451,312,0,21,ok,1.4455128205128205,normal,89.65517241379311
009623b1-dd6e-4551-959e-990a21657f93,Mzinho,51,8,2026-09-23T00:00:00+00:00,2026-09-30T00:00:00+00:00,5,78,65,0,5,ok,1.2,normal,53.66379310344828
ee98a960-c028-4fc6-a62f-af6244e6226e,SiKO-_,52,8,2026-09-23T00:00:00+00:00,2026-09-30T00:00:00+00:00,52,964,844,0,52,ok,1.1421800947867298,normal,39.87068965517241
a280ed8a-3e2b-4305-8e71-fb4c9cc7fa98,kl1m--,53,8,2026-09-23T00:00:00+00:00,2026-09-30T00:00:00+00:00,14,283,217,0,14,ok,1.304147465437788,normal,76.29310344827587
d9e2a538-9722-4d1c-9925-958f849de1ea,NertZ,54,8,2026-09-23T00:00:00+00:00,2026-09-30T00:00:00+00:00,12,257,213,0,12,ok,1.2065727699530517,normal,55.603448275862064
553eaffc-58b4-4534-8310-cc19b37f72de,lattykk,55,8,2026-09-23T00:00:00+00:00,2026-09-30T00:00:00+00:00,14,305,176,0,14,ok,1.7329545454545454,outlier_positivo,98.49137931034483
c5c1fd40-16a4-4a4f-81ff-b21839a9353b,-FpSSSSSSSSS,56,8,2026-09-23T00:00:00+00:00,2026-09-30T00:00:00+00:00,56,1161,866,0,56,ok,1.3406466512702078,normal,81.25
840ac5b1-cf1e-4e54-aa54-fbb11bffd146,Kingway0,57,8,2026-09-23T00:00:00+00:00,2026-09-30T00:00:00+00:00,31,554,506,0,31,ok,1.0948616600790513,normal,28.448275862068968
dbba8660-90d5-432e-8eda-5e766ae13d23,top1sacer,58,8,2026-09-23T00:00:00+00:00,2026-09-30T00:00:00+00:00,51,891,773,0,51,ok,1.1526520051746443,normal,42.456896551724135
2864bdaf-21ab-4757-bab6-3262bec18ec5,ooh,59,8,2026-09-23T00:00:00+00:00,2026-09-30T00:00:00+00:00,18,435,244,0,18,ok,1.7827868852459017,outlier_positivo,98.92241379310344
b9124784-0b46-4279-b95a-9e6c0a3701c6,rokilan,60,8,2026-09-23T00:00:00+00:00,2026-09-30T00:00:00+00:00,25,404,387,0,25,ok,1.0439276485788114,normal,17.24137931034483
d5f8380b-673c-4d53-8bbb-d537131ae2cf,Keksimage,61,8,2026-09-23T00:00:00+00:00,2026-09-30T00:00:00+00:00,19,324,282,0,19,ok,1.148936170212766,normal,40.73275862068966
7657e31e-7356-4b24-9930-140c13afda49,Donii,62,8,2026-09-23T00:00:00+00:00,2026-09-30T00:00:00+00:00,28,586,433,0,28,ok,1.3533487297921478,normal,82.75862068965517
86ff5145-8f7f-49f2-b971-c9945f696e71,rendysky,63,8,2026-09-23T00:00:00+00:00,2026-09-30T00:00:00+00:00,10,231,143,0,10,ok,1.6153846153846154,normal,96.76724137931035
39bcd70b-01c9-439a-b1ef-029c92ec42ce,M1key-,64,8,2026-09-23T00:00:00+00:00,2026-09-30T00:00:00+00:00,10,184,133,0,10,ok,1.3834586466165413,normal,86.42241379310344
b3df676a-ce32-4229-8144-9329bb7a247b,dement3r-,65,8,2026-09-23T00:00:00+00:00,2026-09-30T00:00:00+00:00,1,16,16,0,1,ok,1.0,normal,11.422413793103448
0372e659-5677-4481-aff7-496d2596e5cf,m3wsu,66,8,2026-09-23T00:00:00+00:00,2026-09-30T00:00:00+00:00,15,293,208,0,15,ok,1.4086538461538463,normal,87.5
e767b78c-8a2d-4bee-b65c-766dd8bab560,gooddeph-7-,67,8,2026-09-23T00:00:00+00:00,2026-09-30T00:00:00+00:00,18,330,264,0,18,ok,1.25,normal,65.30172413793103
c93012d6-5e6e-4b84-b39f-b7d4cadfa75c,OGbrigada77,68,8,2026-09-23T00:00:00+00:00,2026-09-30T00:00:00+00:00,22,418,310,0,22,ok,1.3483870967741935,normal,82.32758620689656
b5ecf6b6-0ad9-4976-9f6a-92470ea1c92d,FAZERY,69,8,2026-09-23T00:00:00+00:00,2026-09-30T00:00:00+00:00,5,75,67,0,5,ok,1.1194029850746268,normal,33.189655172413794
4513b098-01b1-4bb5-aa89-8bfaa5ad92d1,k0gaSs,70,8,2026-09-23T00:00:00+00:00,2026-09-30T00:00:00+00:00,42,877,661,0,42,ok,1.3267776096822996,normal,79.95689655172413
75d9c4f8-7cef-4f19-9dd5-500ef0a5b9f0,thecursed-,71,8,2026-09-23T00:00:00+00:00,2026-09-30T00:00:00+00:00,29,601,467,0,29,ok,1.2869379014989293,normal,73.70689655172413
e64f169f-cf2f-47f1-aa84-0b04a9566c53,sqw--,72,8,2026-09-23T00:00:00+00:00,2026-09-30T00:00:00+00:00,31,513,460,0,31,ok,1.1152173913043477,normal,32.327586206896555
c11367d0-bbdd-4398-9a32-858ac23bf950,Maarkoos,73,8,2026-09-23T00:00:00+00:00,2026-09-30T00:00:00+00:00,27,531,401,0,27,ok,1.3241895261845387,normal,79.3103448275862
f2dea182-d1b6-42eb-a95c-909604817c12,idifuxa,74,8,2026-09-23T00:00:00+00:00,2026-09-30T00:00:00+00:00,15,274,234,0,15,ok,1.170940170940171,normal,46.33620689655172
10735fa0-ab32-4b53-9725-f2f6ce9090de,youka,75,8,2026-09-23T00:00:00+00:00,2026-09-30T00:00:00+00:00,6,130,89,0,6,ok,1.4606741573033708,normal,91.16379310344827
b3eca94a-e203-49b3-beeb-d994f6a4df63,--Mokuj1n,76,8,2026-09-23T00:00:00+00:00,2026-09-30T00:00:00+00:00,26,487,411,0,26,ok,1.1849148418491484,normal,49.56896551724138
3ae0a945-fef4-4738-b6b9-7b3b5db7f249,PR--,77,8,2026-09-23T00:00:00+00:00,2026-09-30T00:00:00+00:00,25,455,333,0,25,ok,1.3663663663663663,normal,84.69827586206897
e8d95f8f-ecb3-4bd2-9dd0-28da03c253f0,brutmonster,78,8,2026-09-23T00:00:00+00:00,2026-09-30T00:00:00+00:00,21,382,298,0,21,ok,1.2818791946308725,normal,71.76724137931035
560a0af8-5fcd-46fb-ace8-7a89ce987b27,dezl3bio,79,8,2026-09-23T00:00:00+00:00,2026-09-30T00:00:00+00:00,17,294,262,0,17,ok,1.1221374045801527,normal,34.26724137931034
93306681-bce6-4369-8c41-e0bdba2597ed,m0NESY,80,8,2026-09-23T00:00:00+00:00,2026-09-30T00:00:00+00:00,2,37,31,0,2,ok,1.1935483870967742,normal,51.724137931034484
cb38b461-9ead-4683-9406-237263c331db,slaxejezzz,81,8,2026-09-23T00:00:00+00:00,2026-09-30T00:00:00+00:00,9,158,116,0,9,ok,1.3620689655172413,normal,84.05172413793103
f45986f7-7618-485e-a9ff-ee3e629589cc,MaSvAl,82,8,2026-09-23T00:00:00+00:00,2026-09-30T00:00:00+00:00,1,48,23,0,1,ok,2.0869565217391304,outlier_positivo,99.78448275862068
860eb93d-a963-418c-9e2c-69d39f270eb3,Krabeni,83,8,2026-09-23T00:00:00+00:00,2026-09-30T00:00:00+00:00,22,403,384,0,22,ok,1.0494791666666667,normal,18.53448275862069
657680fd-36af-4fa3-a506-8e1f6e64a1ff,kensizor,84,8,2026-09-23T00:00:00+00:00,2026-09-30T00:00:00+00:00,8,160,128,0,8,ok,1.25,normal,65.30172413793103
00beb86f-d29e-4f4f-ad7c-580d9b1434b4,es0r7,85,8,2026-09-23T00:00:00+00:00,2026-09-30T00:00:00+00:00,40,771,622,0,40,ok,1.2395498392282958,normal,62.5
70afdb5a-9362-4aa9-bfcd-2e10e6447293,heavensent,86,8,2026-09-23T00:00:00+00:00,2026-09-30T00:00:00+00:00,25,525,321,0,25,ok,1.6355140186915889,outlier_positivo,96.98275862068965
1a4ed498-cee4-44e7-8fee-ce1ecba7647c,executor,87,8,2026-09-23T00:00:00+00:00,2026-09-30T00:00:00+00:00,16,258,236,0,16,ok,1.0932203389830508,normal,27.801724137931032
ff5a0714-0b89-4646-a6b3-34fc571913ff,Dyshbert,88,8,2026-09-23T00:00:00+00:00,2026-09-30T00:00:00+00:00,45,859,676,0,45,ok,1.2707100591715976,normal,69.18103448275862
f2ed130e-93c9-46c9-8f93-377b18a43007,m4tthiXD,89,8,2026-09-23T00:00:00+00:00,2026-09-30T00:00:00+00:00,29,497,425,0,29,ok,1.1694117647058824,normal,45.9051724137931
f2fe1b0a-5106-4943-a66e-61e9dad480e4,shen,90,8,2026-09-23T00:00:00+00:00,2026-09-30T00:00:00+00:00,25,407,403,0,25,ok,1.0099255583126552,normal,12.931034482758621
2d746c13-16de-48bf-a8a2-b7a0341aa66d,day0sTV,91,8,2026-09-23T00:00:00+00:00,2026-09-30T00:00:00+00:00,38,669,551,0,38,ok,1.2141560798548094,normal,57.327586206896555
9ba15dee-7a51-4524-a502-5161dbf1a604,Kiryasoo,92,8,2026-09-23T00:00:00+00:00,2026-09-30T00:00:00+00:00,28,530,418,0,28,ok,1.2679425837320575,normal,68.31896551724138
981a95bd-ff59-4ead-80ca-55cd3a3034ba,bl1x1,93,8,2026-09-23T00:00:00+00:00,2026-09-30T00:00:00+00:00,10,236,192,0,10,ok,1.2291666666666667,normal,60.991379310344826
07a67e4b-d42c-4352-802c-56f3d8a0c357,skept1K,94,8,2026-09-23T00:00:00+00:00,2026-09-30T00:00:00+00:00,17,270,251,0,17,ok,1.0756972111553784,normal,23.92241379310345
fb1af1d5-eee3-46e3-9939-01df9420b9d6,xelex,95,8,2026-09-23T00:00:00+00:00,2026-09-30T00:00:00+00:00,12,246,186,0,12,ok,1.3225806451612903,normal,78.87931034482759
f021a295-77ea-4eb4-a86d-f5de0fbae819,-k9ppy,96,8,2026-09-23T00:00:00+00:00,2026-09-30T00:00:00+00:00,35,638,527,0,35,ok,1.2106261859582543,normal,56.25
3debc071-8e59-4823-86ab-ed3996ecc200,aMPYLS0N,97,8,2026-09-23T00:00:00+00:00,2026-09-30T00:00:00+00:00,32,529,547,0,32,ok,0.9670932358318098,normal,7.974137931034483
7dbf107a-1199-4932-823e-e38ccc46288e,MaiL09,98,8,2026-09-23T00:00:00+00:00,2026-09-30T00:00:00+00:00,15,241,205,0,15,ok,1.175609756097561,normal,47.62931034482759
bd0c2058-84d7-42a7-9e52-d42caa1bcc47,Djon8,99,8,2026-09-23T00:00:00+00:00,2026-09-30T00:00:00+00:00,5,87,66,0,5,ok,1.3181818181818181,normal,78.01724137931035
72e06938-b0cd-43d3-90d7-7db513dcfa0f,la3euka,100,8,2026-09-23T00:00:00+00:00,2026-09-30T00:00:00+00:00,0,0,0,0,0,sem_partidas,,sem_partidas,
9fd59dc3-fcff-4a13-a40b-52fe7391020b,headmashin1e,101,8,2026-09-23T00:00:00+00:00,2026-09-30T00:00:00+00:00,14,258,220,0,14,ok,1.1727272727272726,normal,46.76724137931034
df7166cf-725c-4438-94a8-069e6df31a56,adex_-,102,8,2026-09-23T00:00:00+00:00,2026-09-30T00:00:00+00:00,34,627,506,0,34,ok,1.2391304347826086,normal,62.28448275862068
ad239f19-d904-4771-8e6b-5a6c071bb94c,tO0RO,103,8,2026-09-23T00:00:00+00:00,2026-09-30T00:00:00+00:00,0,0,0,0,0,sem_partidas,,sem_partidas,
b16878a2-01c6-4d99-8a2e-7a9bc32a83a5,t3ns1on,104,8,2026-09-23T00:00:00+00:00,2026-09-30T00:00:00+00:00,14,270,171,0,14,ok,1.5789473684210527,normal,95.90517241379311
d649f36b-8ea1-4f0b-b326-a631f8508938,-Kunai,105,8,2026-09-23T00:00:00+00:00,2026-09-30T00:00:00+00:00,0,0,0,0,0,sem_partidas,,sem_partidas,
dca638b9-fd2d-40eb-b7c6-c853242618d0,iRV1NG,106,8,2026-09-23T00:00:00+00:00,2026-09-30T00:00:00+00:00,18,318,271,0,18,ok,1.1734317343173433,normal,47.19827586206897
d413e287-2af5-49cc-a95c-8825702fa233,seximanjak,107,8,2026-09-23T00:00:00+00:00,2026-09-30T00:00:00+00:00,6,94,81,0,6,ok,1.1604938271604939,normal,44.612068965517246
1e01229f-b0d8-4cb1-82f0-6fd7dc362990,Qlocuu,108,8,2026-09-23T00:00:00+00:00,2026-09-30T00:00:00+00:00,10,190,152,0,10,ok,1.25,normal,65.30172413793103
e8efe2d2-a8a7-428f-87b3-d2b3c29e0e5f,Anlelele,109,8,2026-09-23T00:00:00+00:00,2026-09-30T00:00:00+00:00,15,286,206,0,15,ok,1.3883495145631068,normal,86.63793103448276
5ef454c3-1ff3-4a9d-a2df-097cbcb911a3,ayanokojii,110,8,2026-09-23T00:00:00+00:00,2026-09-30T00:00:00+00:00,29,560,456,0,29,ok,1.2280701754385965,normal,60.560344827586206
329c6a46-4acf-404a-8a29-fd391e6a88de,-kRyTouS,111,8,2026-09-23T00:00:00+00:00,2026-09-30T00:00:00+00:00,27,501,377,0,27,ok,1.3289124668435013,normal,80.38793103448276
2f96ef6e-c6f9-4c55-bee9-c49798801fd4,puuha,112,8,2026-09-23T00:00:00+00:00,2026-09-30T00:00:00+00:00,9,159,120,0,9,ok,1.325,normal,79.74137931034483
085e0f56-1417-48df-b9f8-2279c8756854,musordrop853,113,8,2026-09-23T00:00:00+00:00,2026-09-30T00:00:00+00:00,33,463,489,0,33,ok,0.9468302658486708,normal,6.0344827586206895
dcc5bb48-c74c-413e-9773-20d3294dcbb0,MoDo,114,8,2026-09-23T00:00:00+00:00,2026-09-30T00:00:00+00:00,17,337,239,0,17,ok,1.4100418410041842,normal,87.71551724137932
c84f9dbb-69e3-4d31-a283-21516bfe9a3d,Cliqq,115,8,2026-09-23T00:00:00+00:00,2026-09-30T00:00:00+00:00,24,500,396,0,24,ok,1.2626262626262625,normal,67.67241379310344
559a164d-93d6-4197-a902-f9cd92ee65ff,ketsuo,116,8,2026-09-23T00:00:00+00:00,2026-09-30T00:00:00+00:00,14,223,232,0,14,ok,0.9612068965517241,normal,7.327586206896551
7ea66ae5-c99f-4846-8fc2-cd6e03a5559f,kurosa,117,8,2026-09-23T00:00:00+00:00,2026-09-30T00:00:00+00:00,23,462,400,0,23,ok,1.155,normal,43.31896551724138
b6daa950-11e5-4f51-b58e-b4e01e112500,sirah,118,8,2026-09-23T00:00:00+00:00,2026-09-30T00:00:00+00:00,0,0,0,0,0,sem_partidas,,sem_partidas,
64696280-3883-4ef0-ad27-4b5748dd0985,ICY--,119,8,2026-09-23T00:00:00+00:00,2026-09-30T00:00:00+00:00,18,397,250,0,18,ok,1.588,normal,96.33620689655173
55c8eb63-6051-4e71-a95a-711a47b5cef0,Beccie,120,8,2026-09-23T00:00:00+00:00,2026-09-30T00:00:00+00:00,3,46,41,0,3,ok,1.1219512195121952,normal,34.05172413793103
60aa5adc-ce7d-488c-a52b-20d69663177f,bleedmagneto,121,8,2026-09-23T00:00:00+00:00,2026-09-30T00:00:00+00:00,30,572,494,0,30,ok,1.1578947368421053,normal,43.96551724137931
74f9240e-fe24-4aac-aa37-53b2b5e804d8,-Staehr-,122,8,2026-09-23T00:00:00+00:00,2026-09-30T00:00:00+00:00,5,85,75,0,5,ok,1.1333333333333333,normal,38.146551724137936
21046047-4026-4689-8f01-dc5d6588f120,halfjix,123,8,2026-09-23T00:00:00+00:00,2026-09-30T00:00:00+00:00,1,18,18,0,1,ok,1.0,normal,11.422413793103448
39056d07-cdc5-4613-906d-e900a1f781a2,-xTRAVIS,124,8,2026-09-23T00:00:00+00:00,2026-09-30T00:00:00+00:00,15,287,214,0,15,ok,1.341121495327103,normal,81.46551724137932
790ce1ad-38e3-4a45-b44a-5d33658102e6,qw1nk1,125,8,2026-09-23T00:00:00+00:00,2026-09-30T00:00:00+00:00,11,211,155,0,11,ok,1.3612903225806452,normal,83.83620689655173
cd6867e2-cc11-4456-a649-ca87609f56eb,bodygu4rdd,126,8,2026-09-23T00:00:00+00:00,2026-09-30T00:00:00+00:00,19,279,284,0,19,ok,0.9823943661971831,normal,9.482758620689655
4d6756dc-387a-499c-89ad-d7bc558c4c95,bobeksde,127,8,2026-09-23T00:00:00+00:00,2026-09-30T00:00:00+00:00,14,277,222,0,14,ok,1.2477477477477477,normal,64.22413793103449
414273a0-38f0-4680-9f85-204aa8649c3a,premtroll,128,8,2026-09-23T00:00:00+00:00,2026-09-30T00:00:00+00:00,17,303,239,0,17,ok,1.2677824267782427,normal,68.10344827586206
3f6dc8a5-1881-4955-b78c-573f57f3646f,h21f,129,8,2026-09-23T00:00:00+00:00,2026-09-30T00:00:00+00:00,12,246,164,0,12,ok,1.5,normal,93.75
3af5d1af-75db-4cc2-aa8b-76b1f1b76af8,xEternaLxx,130,8,2026-09-23T00:00:00+00:00,2026-09-30T00:00:00+00:00,16,332,245,0,16,ok,1.3551020408163266,normal,82.97413793103449
c71b99ef-1147-4529-b0df-ebe1d743c04b,amaterasu27,131,8,2026-09-23T00:00:00+00:00,2026-09-30T00:00:00+00:00,15,262,212,0,15,ok,1.2358490566037736,normal,61.63793103448276
4af7ce32-5534-4bca-9a8e-1d3b3ecb9585,Netrix,132,8,2026-09-23T00:00:00+00:00,2026-09-30T00:00:00+00:00,9,131,128,0,9,ok,1.0234375,normal,14.655172413793101
74331d2e-c318-43aa-9b4d-106b209412ac,91914,133,8,2026-09-23T00:00:00+00:00,2026-09-30T00:00:00+00:00,27,558,464,0,27,ok,1.2025862068965518,normal,54.310344827586206
f67e6116-a332-4414-be60-fb4cc06da41c,11chigiri,134,8,2026-09-23T00:00:00+00:00,2026-09-30T00:00:00+00:00,21,370,330,0,21,ok,1.121212121212121,normal,33.83620689655172
ab74ab79-36ce-4c44-a09d-453006dcf9e1,awks,135,8,2026-09-23T00:00:00+00:00,2026-09-30T00:00:00+00:00,52,840,774,0,52,ok,1.0852713178294573,normal,26.07758620689655
0c938952-475b-4689-ad04-60100e76ef81,r1pa4-,136,8,2026-09-23T00:00:00+00:00,2026-09-30T00:00:00+00:00,24,395,367,0,24,ok,1.0762942779291553,normal,24.568965517241377
be2af9a3-ef6d-428c-b8f4-6921d6275638,wetfy,137,8,2026-09-23T00:00:00+00:00,2026-09-30T00:00:00+00:00,11,231,155,0,11,ok,1.4903225806451612,normal,92.88793103448276
826a8c4b-9b0f-403e-8bc8-11295ff894ff,28ddeiv,138,8,2026-09-23T00:00:00+00:00,2026-09-30T00:00:00+00:00,21,501,293,0,21,ok,1.7098976109215016,outlier_positivo,97.84482758620689
33268a14-c768-41f4-819e-cec913a99b82,seberya,139,8,2026-09-23T00:00:00+00:00,2026-09-30T00:00:00+00:00,10,165,124,0,10,ok,1.3306451612903225,normal,80.81896551724138
36f96e7b-6bf3-48b1-8f1a-cd35aee83702,sSen,140,8,2026-09-23T00:00:00+00:00,2026-09-30T00:00:00+00:00,4,52,50,0,4,ok,1.04,normal,16.810344827586206
d9168434-7466-43ed-9a8c-f883d953d77d,SnexLy,141,8,2026-09-23T00:00:00+00:00,2026-09-30T00:00:00+00:00,9,154,120,0,9,ok,1.2833333333333334,normal,72.19827586206897
ee99d9a7-d14b-4642-9731-0890b63be81e,1suzu,142,8,2026-09-23T00:00:00+00:00,2026-09-30T00:00:00+00:00,33,567,516,0,33,ok,1.0988372093023255,normal,29.52586206896552
bae31a43-7767-4d7a-be80-429992f78ec0,cronuss,143,8,2026-09-23T00:00:00+00:00,2026-09-30T00:00:00+00:00,30,568,499,0,30,ok,1.1382765531062125,normal,38.793103448275865
e326eb2d-4e3e-4ebe-a34d-4a07def33893,adamS,144,8,2026-09-23T00:00:00+00:00,2026-09-30T00:00:00+00:00,1,14,16,0,1,ok,0.875,normal,2.1551724137931036
f858b6d9-5717-4335-8d4d-166a9fc305bc,Mride,145,8,2026-09-23T00:00:00+00:00,2026-09-30T00:00:00+00:00,26,431,391,0,26,ok,1.10230179028133,normal,29.95689655172414
591e26a3-eb86-4d4c-afa8-b5754455dc03,w0nderful,146,8,2026-09-23T00:00:00+00:00,2026-09-30T00:00:00+00:00,10,270,142,0,10,ok,1.9014084507042253,outlier_positivo,99.56896551724138
b0f7ff0c-5051-4826-9dd4-b7e0219de821,fakerealityy,147,8,2026-09-23T00:00:00+00:00,2026-09-30T00:00:00+00:00,7,136,108,0,7,ok,1.2592592592592593,normal,67.02586206896551
7a51f50f-6fdd-4fe8-9c30-455cd3b8d694,yasxozhysyma,148,8,2026-09-23T00:00:00+00:00,2026-09-30T00:00:00+00:00,21,408,314,0,21,ok,1.2993630573248407,normal,75.43103448275862
5ffc6439-29f3-47a6-aebb-f73ef591827c,soerrr,149,8,2026-09-23T00:00:00+00:00,2026-09-30T00:00:00+00:00,28,511,449,0,28,ok,1.1380846325167038,normal,38.577586206896555
4c3a4a59-0cdb-4477-b90b-1109a1d0cf13,BOROS,150,8,2026-09-23T00:00:00+00:00,2026-09-30T00:00:00+00:00,33,668,562,0,33,ok,1.188612099644128,normal,50.646551724137936
df5ba290-c6a6-4481-8e9e-d16ceb4dbc6b,KaiR0N-993,151,8,2026-09-23T00:00:00+00:00,2026-09-30T00:00:00+00:00,4,74,61,0,4,ok,1.2131147540983607,normal,57.11206896551724
793ea9e5-fef6-4571-9b30-7c5d9f323215,darui,152,8,2026-09-23T00:00:00+00:00,2026-09-30T00:00:00+00:00,35,628,483,0,35,ok,1.300207039337474,normal,75.64655172413794
a99dd5a7-45a6-4019-8bc6-0f30fd554ef5,aidKiT,153,8,2026-09-23T00:00:00+00:00,2026-09-30T00:00:00+00:00,0,0,0,0,0,sem_partidas,,sem_partidas,
0965c421-4957-4e48-86e2-2c3966abae3f,cairne-,154,8,2026-09-23T00:00:00+00:00,2026-09-30T00:00:00+00:00,7,109,104,0,7,ok,1.0480769230769231,normal,18.318965517241377
4cabcf3b-8baa-4c71-a1d3-cf98d581e971,Toshiikk,155,8,2026-09-23T00:00:00+00:00,2026-09-30T00:00:00+00:00,21,421,348,0,21,ok,1.2097701149425288,normal,55.81896551724138
cb0cc456-8ae0-438f-bf8b-4e000e4e0476,s4rsen-,156,8,2026-09-23T00:00:00+00:00,2026-09-30T00:00:00+00:00,52,926,779,0,52,ok,1.1887034659820281,normal,50.86206896551724
24636d00-25cc-4ab7-9cbd-67c633c08d0c,topo-,157,8,2026-09-23T00:00:00+00:00,2026-09-30T00:00:00+00:00,5,126,82,0,5,ok,1.5365853658536586,normal,94.39655172413794
d15e9f85-12c3-4ad9-a174-6d0248d6393d,Nosik,158,8,2026-09-23T00:00:00+00:00,2026-09-30T00:00:00+00:00,39,571,610,0,39,ok,0.9360655737704918,normal,5.387931034482758
c41561a6-a5f4-459c-8a5c-bde5f8eac911,Muk0s,159,8,2026-09-23T00:00:00+00:00,2026-09-30T00:00:00+00:00,9,115,128,0,9,ok,0.8984375,normal,3.6637931034482754
8b3dcf0e-1a09-409e-b4a9-51002dc2079f,WaSdyy,160,8,2026-09-23T00:00:00+00:00,2026-09-30T00:00:00+00:00,47,871,743,0,47,ok,1.1722745625841184,normal,46.55172413793103
d700efb0-363a-468d-88cd-f22c3567bcd6,rose88,161,8,2026-09-23T00:00:00+00:00,2026-09-30T00:00:00+00:00,42,727,658,0,42,ok,1.1048632218844985,normal,30.603448275862068
67345c91-57b6-42dc-b49c-330b091da3a6,chronic111,162,8,2026-09-23T00:00:00+00:00,2026-09-30T00:00:00+00:00,15,328,261,0,15,ok,1.2567049808429118,normal,66.8103448275862
08eb0b0f-b360-4b61-94ad-c949afd665ea,Krimbo,163,8,2026-09-23T00:00:00+00:00,2026-09-30T00:00:00+00:00,7,126,123,0,7,ok,1.024390243902439,normal,14.870689655172415
ae6f1503-1de9-4b9b-9a29-f1b9de916870,jabbi,164,8,2026-09-23T00:00:00+00:00,2026-09-30T00:00:00+00:00,6,94,91,0,6,ok,1.032967032967033,normal,15.517241379310345
43857419-1f5a-4b9d-aba7-011092133de3,KENNY-_,165,8,2026-09-23T00:00:00+00:00,2026-09-30T00:00:00+00:00,12,186,180,0,12,ok,1.0333333333333334,normal,15.732758620689655
5e18dd12-2e40-48c4-a66f-886108f095ed,HeavyGod,166,8,2026-09-23T00:00:00+00:00,2026-09-30T00:00:00+00:00,2,28,23,0,2,ok,1.2173913043478262,normal,57.543103448275865
4c27b599-0a56-4f3e-80cb-6ef83b6df2cf,Slaxx-,167,8,2026-09-23T00:00:00+00:00,2026-09-30T00:00:00+00:00,18,340,233,0,18,ok,1.4592274678111588,normal,90.30172413793103
f3fef601-52ca-4bd2-8ec6-9e9f532a6c6b,nikusharain,168,8,2026-09-23T00:00:00+00:00,2026-09-30T00:00:00+00:00,14,274,200,0,14,ok,1.37,normal,85.77586206896551
c519d8f3-0c93-4476-af3e-38395ee7c297,teses,169,8,2026-09-23T00:00:00+00:00,2026-09-30T00:00:00+00:00,18,321,235,0,18,ok,1.3659574468085107,normal,84.48275862068965
a699663a-e65d-4c93-9a92-fd5a91955cc4,cadnyx,170,8,2026-09-23T00:00:00+00:00,2026-09-30T00:00:00+00:00,7,133,118,0,7,ok,1.1271186440677967,normal,37.06896551724138
078ff0df-ebb9-4352-b7ee-dc2044dd676f,-finW,171,8,2026-09-23T00:00:00+00:00,2026-09-30T00:00:00+00:00,18,295,232,0,18,ok,1.271551724137931,normal,69.39655172413794
84f4489d-e23e-4a8a-b3c5-dccf57610195,-rim3,172,8,2026-09-23T00:00:00+00:00,2026-09-30T00:00:00+00:00,8,174,121,0,8,ok,1.43801652892562,normal,89.22413793103449
6dc1d190-e2e0-4762-9fbe-5f3d40ea1522,Br4tkO,173,8,2026-09-23T00:00:00+00:00,2026-09-30T00:00:00+00:00,26,515,389,0,26,ok,1.3239074550128536,normal,79.09482758620689
b030ed65-9170-4668-9bfa-ac6c2e53954c,St0m4k,174,8,2026-09-23T00:00:00+00:00,2026-09-30T00:00:00+00:00,8,126,88,0,8,ok,1.4318181818181819,normal,88.14655172413794
36577e6e-2c58-4812-bc6a-6b110ce00e56,nesh66,175,8,2026-09-23T00:00:00+00:00,2026-09-30T00:00:00+00:00,72,1355,1124,0,72,ok,1.2055160142348755,normal,54.956896551724135
bc74e768-9ee4-4472-bb10-6280b47fb94b,mak1se,176,8,2026-09-23T00:00:00+00:00,2026-09-30T00:00:00+00:00,8,125,90,0,8,ok,1.3888888888888888,normal,87.06896551724138
d5fa1a5b-9fde-4996-bd1e-bab0aa9bb0d2,ryu777,177,8,2026-09-23T00:00:00+00:00,2026-09-30T00:00:00+00:00,2,35,33,0,2,ok,1.0606060606060606,normal,21.551724137931032
8d345deb-661c-4286-b663-96679d9bcda7,DEBABA,178,8,2026-09-23T00:00:00+00:00,2026-09-30T00:00:00+00:00,10,153,143,0,10,ok,1.06993006993007,normal,23.275862068965516
41867c48-0982-4608-af44-d9749c2b5b6a,MoNaTy,179,8,2026-09-23T00:00:00+00:00,2026-09-30T00:00:00+00:00,20,398,307,0,20,ok,1.296416938110749,normal,75.21551724137932
1e1d8f20-c572-4e53-bf37-4590a5512687,--DeDe,180,8,2026-09-23T00:00:00+00:00,2026-09-30T00:00:00+00:00,42,795,650,0,42,ok,1.2230769230769232,normal,59.48275862068966
2e65b3ea-fdb0-466c-9aca-89e170c67b61,depact,181,8,2026-09-23T00:00:00+00:00,2026-09-30T00:00:00+00:00,17,275,294,0,17,ok,0.935374149659864,normal,5.172413793103448
ab2bf7fd-7997-4a7a-9c94-6b7d52ffd200,yxngstxr,182,8,2026-09-23T00:00:00+00:00,2026-09-30T00:00:00+00:00,12,196,173,0,12,ok,1.1329479768786128,normal,37.93103448275862
5be133c1-38b6-4dde-9107-b64c7458452e,notineki,183,8,2026-09-23T00:00:00+00:00,2026-09-30T00:00:00+00:00,40,827,626,0,40,ok,1.3210862619808306,normal,78.44827586206897
a258abc5-326b-4824-a9ad-b3fa2855b712,kalymbs1,184,8,2026-09-23T00:00:00+00:00,2026-09-30T00:00:00+00:00,7,125,113,0,7,ok,1.1061946902654867,normal,31.46551724137931
02b26fe9-49d1-47e7-afa0-1b5c562ca4e2,KatzRead,185,8,2026-09-23T00:00:00+00:00,2026-09-30T00:00:00+00:00,7,108,113,0,7,ok,0.9557522123893806,normal,7.112068965517242
194afbb1-cb96-4fc8-8bd6-5f932b3fcfa3,susp,186,8,2026-09-23T00:00:00+00:00,2026-09-30T00:00:00+00:00,8,173,138,0,8,ok,1.2536231884057971,normal,66.37931034482759
95adb33f-5e6f-4c6d-be25-f2e8b1d9c628,Amarogo,187,8,2026-09-23T00:00:00+00:00,2026-09-30T00:00:00+00:00,5,99,79,0,5,ok,1.2531645569620253,normal,65.94827586206897
32c49d7e-20fc-4fb5-a54a-c99f90262311,emiIio-,188,8,2026-09-23T00:00:00+00:00,2026-09-30T00:00:00+00:00,19,288,296,0,19,ok,0.972972972972973,normal,8.620689655172415
2060bf4b-cf44-41ad-92ca-2492bc95f88d,2016wasfun,189,8,2026-09-23T00:00:00+00:00,2026-09-30T00:00:00+00:00,63,971,976,0,63,ok,0.9948770491803278,normal,10.129310344827585
504ca567-8911-45dd-a680-a617dff2c00c,swetsi_1win,190,8,2026-09-23T00:00:00+00:00,2026-09-30T00:00:00+00:00,9,153,158,0,9,ok,0.9683544303797469,normal,8.189655172413794
b27101a3-c6e1-44c8-b83d-19dab54cb7ac,sl3nd-,191,8,2026-09-23T00:00:00+00:00,2026-09-30T00:00:00+00:00,3,85,64,0,3,ok,1.328125,normal,80.17241379310344
472386e2-8e2b-43ab-bd00-5ea49d71d33b,7MusorDrop67,192,8,2026-09-23T00:00:00+00:00,2026-09-30T00:00:00+00:00,19,328,279,0,19,ok,1.1756272401433692,normal,47.8448275862069
931f1364-a519-43c6-ab02-a73e8416481a,Saax_,193,8,2026-09-23T00:00:00+00:00,2026-09-30T00:00:00+00:00,39,605,569,0,39,ok,1.063268892794376,normal,22.198275862068968
967b6309-c289-4900-8459-0e33ce488b1c,L00m1,194,8,2026-09-23T00:00:00+00:00,2026-09-30T00:00:00+00:00,9,157,118,0,9,ok,1.3305084745762712,normal,80.60344827586206
b8c3743e-a4c3-4168-ad0f-348a37a77a72,GrandLove,195,8,2026-09-23T00:00:00+00:00,2026-09-30T00:00:00+00:00,63,1024,1014,0,63,ok,1.009861932938856,normal,12.5
dfc49048-07fd-4d4e-825d-f2d7f155c4bb,somehxw,196,8,2026-09-23T00:00:00+00:00,2026-09-30T00:00:00+00:00,30,552,480,0,30,ok,1.15,normal,41.16379310344828
3e7ed0d7-2105-4d2d-929a-f6befe6d8cc0,ayalkasi,197,8,2026-09-23T00:00:00+00:00,2026-09-30T00:00:00+00:00,9,144,141,0,9,ok,1.0212765957446808,normal,14.224137931034484
18911949-a23d-4b42-bd0b-7a970b51824c,frozen_-,198,8,2026-09-23T00:00:00+00:00,2026-09-30T00:00:00+00:00,37,687,506,0,37,ok,1.3577075098814229,normal,83.40517241379311
720fc287-1f03-46ff-a6e2-4c9bede77262,-yummy,199,8,2026-09-23T00:00:00+00:00,2026-09-30T00:00:00+00:00,28,474,393,0,28,ok,1.2061068702290076,normal,55.172413793103445
964410bb-394d-4633-87fd-501ec0fbb914,ritchiE,200,8,2026-09-23T00:00:00+00:00,2026-09-30T00:00:00+00:00,7,91,100,0,7,ok,0.91,normal,3.8793103448275863
6ac4baef-7bbb-4bc5-9f2b-aa95176bd8ab,YEKINDAR_,201,8,2026-09-23T00:00:00+00:00,2026-09-30T00:00:00+00:00,15,254,273,0,15,ok,0.9304029304029304,normal,4.741379310344827
78407773-ed65-456a-a507-ca50cbd78e17,SEMSY,202,8,2026-09-23T00:00:00+00:00,2026-09-30T00:00:00+00:00,19,374,305,0,19,ok,1.2262295081967214,normal,60.3448275862069
4e841b14-b668-476d-b7db-774f68aa4ed4,Patsi-,203,8,2026-09-23T00:00:00+00:00,2026-09-30T00:00:00+00:00,43,740,643,0,43,ok,1.150855365474339,normal,41.5948275862069
b58c8c5c-41da-4388-9864-0f3f72ca13db,datet-_-,204,8,2026-09-23T00:00:00+00:00,2026-09-30T00:00:00+00:00,6,111,104,0,6,ok,1.0673076923076923,normal,22.844827586206897
86383974-b132-48a2-a66f-cf9d3a3d68fd,tENZY,205,8,2026-09-23T00:00:00+00:00,2026-09-30T00:00:00+00:00,0,0,0,0,0,sem_partidas,,sem_partidas,
075ed300-7ed3-4377-88ba-9572f9ea8e3d,n0rb3r7,206,8,2026-09-23T00:00:00+00:00,2026-09-30T00:00:00+00:00,1,12,17,0,1,ok,0.7058823529411765,outlier_negativo,0.646551724137931
a8570791-3e92-4b4d-9e45-8c2f8da95fb6,kwaren11,207,8,2026-09-23T00:00:00+00:00,2026-09-30T00:00:00+00:00,42,666,690,0,42,ok,0.9652173913043478,normal,7.758620689655173
21ee0d80-64f6-4277-80b9-c734d92a2880,torzsi,208,8,2026-09-23T00:00:00+00:00,2026-09-30T00:00:00+00:00,23,411,322,0,23,ok,1.2763975155279503,normal,71.12068965517241
4c5c2a03-15b4-48e1-8791-d54d6a2b3668,Altekz,209,8,2026-09-23T00:00:00+00:00,2026-09-30T00:00:00+00:00,11,180,126,0,11,ok,1.4285714285714286,normal,87.93103448275862
254dbfc8-0e3d-4e8b-95a4-88e19fec565a,jekuya,210,8,2026-09-23T00:00:00+00:00,2026-09-30T00:00:00+00:00,3,51,31,0,3,ok,1.6451612903225807,outlier_positivo,97.19827586206897
d682a62e-43f5-49be-b8c9-de923adcf564,SunPayus,211,8,2026-09-23T00:00:00+00:00,2026-09-30T00:00:00+00:00,2,27,24,0,2,ok,1.125,normal,35.991379310344826
6a5abce7-952f-4434-9db5-160392ec356d,miwo,212,8,2026-09-23T00:00:00+00:00,2026-09-30T00:00:00+00:00,15,255,254,0,15,ok,1.0039370078740157,normal,11.637931034482758
ebc37641-39d0-4692-bde6-c7a11ac1e90e,mara5m,213,8,2026-09-23T00:00:00+00:00,2026-09-30T00:00:00+00:00,34,597,522,0,34,ok,1.1436781609195403,normal,40.30172413793103
13222ab8-3b38-4beb-993f-a585df257ea3,EgorK,214,8,2026-09-23T00:00:00+00:00,2026-09-30T00:00:00+00:00,38,647,611,0,38,ok,1.0589198036006546,normal,20.905172413793103
9aad1747-b65d-4a0f-9a14-2ef947fe92b5,Sowalio,215,8,2026-09-23T00:00:00+00:00,2026-09-30T00:00:00+00:00,23,428,342,0,23,ok,1.2514619883040936,normal,65.51724137931035
520ada08-ad17-4b3b-a373-8c8534154e2a,TOKYOPEEK,216,8,2026-09-23T00:00:00+00:00,2026-09-30T00:00:00+00:00,44,651,675,0,44,ok,0.9644444444444444,normal,7.543103448275862
6b692694-71cf-4a80-ae97-57c3f2f7425c,blissfuIperc,217,8,2026-09-23T00:00:00+00:00,2026-09-30T00:00:00+00:00,56,895,797,0,56,ok,1.122961104140527,normal,34.69827586206897
43febbb3-7f82-47c0-88fa-e2f122d5f20e,Rex1111,218,8,2026-09-23T00:00:00+00:00,2026-09-30T00:00:00+00:00,43,715,683,0,43,ok,1.0468521229868228,normal,17.887931034482758
1ad1b7ff-b644-4431-9ac4-a5cf09855910,1ader,219,8,2026-09-23T00:00:00+00:00,2026-09-30T00:00:00+00:00,31,541,458,0,31,ok,1.1812227074235808,normal,48.922413793103445
f1174c0a-fa42-4a2f-8160-b870b8879ef5,KOT_XAMEP,220,8,2026-09-23T00:00:00+00:00,2026-09-30T00:00:00+00:00,23,391,337,0,23,ok,1.1602373887240356,normal,44.396551724137936
656ffaa4-415b-4896-8a19-931366de23c8,ich1zoku,221,8,2026-09-23T00:00:00+00:00,2026-09-30T00:00:00+00:00,41,650,653,0,41,ok,0.9954058192955589,normal,10.344827586206897
3939bd47-6a42-43f0-936c-eb53bc5f16e5,kaioriii,222,8,2026-09-23T00:00:00+00:00,2026-09-30T00:00:00+00:00,14,293,223,0,14,ok,1.3139013452914798,normal,77.15517241379311
fb2e77e7-ec1d-40fa-83a1-c01646167651,Z1W0W666,223,8,2026-09-23T00:00:00+00:00,2026-09-30T00:00:00+00:00,2,31,35,0,2,ok,0.8857142857142857,normal,2.586206896551724
c39663f6-8e91-483c-8319-503449563713,Lewis,224,8,2026-09-23T00:00:00+00:00,2026-09-30T00:00:00+00:00,15,265,229,0,15,ok,1.1572052401746724,normal,43.53448275862069
32cf4622-150d-4362-83d5-de543ed16262,regele,225,8,2026-09-23T00:00:00+00:00,2026-09-30T00:00:00+00:00,64,1096,1026,0,64,ok,1.0682261208576997,normal,23.060344827586206
8e59e230-0935-4309-b335-a16211617ed7,SBolt-,226,8,2026-09-23T00:00:00+00:00,2026-09-30T00:00:00+00:00,34,678,543,0,34,ok,1.2486187845303867,normal,64.65517241379311
88cb74cd-d98e-408c-85c2-b39e55004658,billz,227,8,2026-09-23T00:00:00+00:00,2026-09-30T00:00:00+00:00,41,781,628,0,41,ok,1.2436305732484076,normal,63.577586206896555
220685cd-1a18-4402-a9a9-ac240313cabd,xeedo,228,8,2026-09-23T00:00:00+00:00,2026-09-30T00:00:00+00:00,19,398,337,0,19,ok,1.1810089020771513,normal,48.706896551724135
4c2a6018-4aaf-4294-8449-777ccfad144b,goddrain,229,8,2026-09-23T00:00:00+00:00,2026-09-30T00:00:00+00:00,37,675,577,0,37,ok,1.169844020797227,normal,46.12068965517241
b87eadad-7829-4f17-a85a-281ff569829a,ForesterONE,230,8,2026-09-23T00:00:00+00:00,2026-09-30T00:00:00+00:00,3,57,47,0,3,ok,1.2127659574468086,normal,56.896551724137936
6db5e566-77ae-4c30-852d-4fa54c4445aa,Alv68,231,8,2026-09-23T00:00:00+00:00,2026-09-30T00:00:00+00:00,0,0,0,0,0,sem_partidas,,sem_partidas,
a4c4fb77-1996-47bd-b5e1-c14d86cf9997,444rainy,232,8,2026-09-23T00:00:00+00:00,2026-09-30T00:00:00+00:00,7,113,103,0,7,ok,1.0970873786407767,normal,29.310344827586203
9e36e2b1-c0e0-4d77-a442-d5947ec19225,bajmano,233,8,2026-09-23T00:00:00+00:00,2026-09-30T00:00:00+00:00,40,673,624,0,40,ok,1.078525641025641,normal,25.0
892ca5ae-5720-4d5d-8a98-33dc117041aa,narkoman812,234,8,2026-09-23T00:00:00+00:00,2026-09-30T00:00:00+00:00,16,280,266,0,16,ok,1.0526315789473684,normal,19.396551724137932
34aaf94c-d15a-4a1b-977d-82810a025407,tommy10,235,8,2026-09-23T00:00:00+00:00,2026-09-30T00:00:00+00:00,27,443,355,0,27,ok,1.2478873239436619,normal,64.4396551724138
98f1d2a1-6302-4d93-bf38-cc25f6b25256,gr1ks,236,8,2026-09-23T00:00:00+00:00,2026-09-30T00:00:00+00:00,22,485,304,0,22,ok,1.5953947368421053,normal,96.55172413793103
f3f50c96-9d1b-4642-9074-477a07e54507,-khaN,237,8,2026-09-23T00:00:00+00:00,2026-09-30T00:00:00+00:00,8,168,112,0,8,ok,1.5,normal,93.75
522ecdd7-5fe2-4bd5-9806-4c015b9a1f8a,dwushka,238,8,2026-09-23T00:00:00+00:00,2026-09-30T00:00:00+00:00,3,40,46,0,3,ok,0.8695652173913043,normal,1.9396551724137931
fd16a07c-5735-4148-8859-3369feb41275,stefienson,239,8,2026-09-23T00:00:00+00:00,2026-09-30T00:00:00+00:00,23,374,305,0,23,ok,1.2262295081967214,normal,60.3448275862069
507c6778-89e2-45cc-8f8f-cf04615df6c8,Frip,240,8,2026-09-23T00:00:00+00:00,2026-09-30T00:00:00+00:00,20,362,327,0,20,ok,1.107033639143731,normal,31.68103448275862
0b2a4c62-2071-4582-be3e-50fbe6f53544,Eldarqwe-,241,8,2026-09-23T00:00:00+00:00,2026-09-30T00:00:00+00:00,60,1168,1015,0,60,ok,1.1507389162561577,normal,41.37931034482759
6dce33f7-ba07-401a-bfe7-af51cc597a76,Woro2k,242,8,2026-09-23T00:00:00+00:00,2026-09-30T00:00:00+00:00,3,60,39,0,3,ok,1.5384615384615385,normal,94.61206896551724
3429651a-5020-4d07-85ef-34049adff713,starmie666,243,8,2026-09-23T00:00:00+00:00,2026-09-30T00:00:00+00:00,13,263,178,0,13,ok,1.4775280898876404,normal,91.8103448275862
c44f1259-0651-4942-8543-af0f03e62ac5,SELLTER,244,8,2026-09-23T00:00:00+00:00,2026-09-30T00:00:00+00:00,3,40,42,0,3,ok,0.9523809523809523,normal,6.68103448275862
2a82893f-3a7e-4458-9141-0b19673fa049,kashl1d,245,8,2026-09-23T00:00:00+00:00,2026-09-30T00:00:00+00:00,10,184,137,0,10,ok,1.3430656934306568,normal,81.89655172413794
c85a67d7-2635-42c3-991b-4c1f0b93c5cb,999_,246,8,2026-09-23T00:00:00+00:00,2026-09-30T00:00:00+00:00,4,65,51,0,4,ok,1.2745098039215685,normal,70.47413793103449
9cafe8f3-0b6b-4802-9cbb-806b5b751517,Enfeebled17,247,8,2026-09-23T00:00:00+00:00,2026-09-30T00:00:00+00:00,46,828,635,0,46,ok,1.3039370078740158,normal,76.07758620689656
6d8adf92-798f-414c-9d29-2896ceb5ad72,smooya,248,8,2026-09-23T00:00:00+00:00,2026-09-30T00:00:00+00:00,21,400,274,0,21,ok,1.4598540145985401,normal,90.51724137931035
eba3dd73-7d26-46ad-b766-85c5ae0d9273,hyp3else66,249,8,2026-09-23T00:00:00+00:00,2026-09-30T00:00:00+00:00,13,303,179,0,13,ok,1.6927374301675977,outlier_positivo,97.62931034482759
bae30b49-8c07-4f3e-922e-fa23b7ac0953,rafaxF-,250,8,2026-09-23T00:00:00+00:00,2026-09-30T00:00:00+00:00,37,636,529,0,37,ok,1.2022684310018903,normal,54.0948275862069
c90b35e3-defd-41b1-b29d-d9cf1c46fc32,azukay367,251,8,2026-09-23T00:00:00+00:00,2026-09-30T00:00:00+00:00,71,1203,1078,0,71,ok,1.1159554730983303,normal,32.543103448275865
1e8bd26b-d7f9-4fbf-bed2-d12ed800eee2,Smaley,252,8,2026-09-23T00:00:00+00:00,2026-09-30T00:00:00+00:00,48,858,745,0,48,ok,1.1516778523489932,normal,41.810344827586206
52829e07-aa5c-42af-b8a1-e4fe6247cd48,Skrimo,253,8,2026-09-23T00:00:00+00:00,2026-09-30T00:00:00+00:00,3,57,47,0,3,ok,1.2127659574468086,normal,56.896551724137936
ddd3c081-0602-4e45-bb4f-d5c5e00b65c3,cPuTu,254,8,2026-09-23T00:00:00+00:00,2026-09-30T00:00:00+00:00,51,823,812,0,51,ok,1.0135467980295567,normal,13.793103448275861
28da77e2-bcfd-4458-a91d-e4d59a1f38be,nopzy,255,8,2026-09-23T00:00:00+00:00,2026-09-30T00:00:00+00:00,16,340,283,0,16,ok,1.2014134275618376,normal,53.879310344827594
e64b6d73-6313-4527-b313-a852e6368cf2,redCS-,256,8,2026-09-23T00:00:00+00:00,2026-09-30T00:00:00+00:00,21,377,331,0,21,ok,1.1389728096676737,normal,39.224137931034484
dce1d644-6bf1-449a-85ff-6b399e4269dc,Botpa1,257,8,2026-09-23T00:00:00+00:00,2026-09-30T00:00:00+00:00,22,375,302,0,22,ok,1.2417218543046358,normal,62.93103448275862
a387ff16-4062-4f6c-a1f6-c65650ff993e,-Kiyotakaaa,258,8,2026-09-23T00:00:00+00:00,2026-09-30T00:00:00+00:00,25,410,360,0,25,ok,1.1388888888888888,normal,39.008620689655174
13d0fd67-997f-4255-9f25-a410b4fad2d0,stratefIy,259,8,2026-09-23T00:00:00+00:00,2026-09-30T00:00:00+00:00,8,91,131,0,8,ok,0.6946564885496184,outlier_negativo,0.21551724137931033
a6ad9a5b-6575-447f-8f67-346bb4033189,dep999,260,8,2026-09-23T00:00:00+00:00,2026-09-30T00:00:00+00:00,17,349,271,0,17,ok,1.2878228782287824,normal,74.13793103448276
1d92f104-8d0a-4866-bb6e-5c11196bfca6,MusorDropXD,261,8,2026-09-23T00:00:00+00:00,2026-09-30T00:00:00+00:00,18,305,279,0,18,ok,1.093189964157706,normal,27.586206896551722
7def4124-36c7-4035-acb5-427ffa531be3,Dawy,262,8,2026-09-23T00:00:00+00:00,2026-09-30T00:00:00+00:00,0,0,0,0,0,sem_partidas,,sem_partidas,
c5cb1b85-4421-4436-9390-49fa05ce45e3,-Kaide,263,8,2026-09-23T00:00:00+00:00,2026-09-30T00:00:00+00:00,0,0,0,0,0,sem_partidas,,sem_partidas,
a4a6fdca-b125-4d3b-8d35-3ad098b6a1fe,KursySSJ4,264,8,2026-09-23T00:00:00+00:00,2026-09-30T00:00:00+00:00,2,40,34,0,2,ok,1.1764705882352942,normal,48.060344827586206
14015a66-b368-4b90-994d-bcf6fa504f44,--_-_--_---_,265,8,2026-09-23T00:00:00+00:00,2026-09-30T00:00:00+00:00,28,546,451,0,28,ok,1.2106430155210643,normal,56.46551724137932
0bf80a9b-cead-4a3e-a245-ca145dc2ab3c,-0scar,266,8,2026-09-23T00:00:00+00:00,2026-09-30T00:00:00+00:00,22,363,276,0,22,ok,1.315217391304348,normal,77.37068965517241
05dd1de4-82dd-4b55-be77-c30c4551d0d6,gothdespair,267,8,2026-09-23T00:00:00+00:00,2026-09-30T00:00:00+00:00,6,88,88,0,6,ok,1.0,normal,11.422413793103448
04ab709e-2f70-4651-8e0c-c7bffd037a07,shantarO,268,8,2026-09-23T00:00:00+00:00,2026-09-30T00:00:00+00:00,17,239,242,0,17,ok,0.987603305785124,normal,9.913793103448276
3dad5d84-2a16-4044-8a27-d473f0f6e353,herkulesz,269,8,2026-09-23T00:00:00+00:00,2026-09-30T00:00:00+00:00,23,407,377,0,23,ok,1.0795755968169762,normal,25.21551724137931
d5ff6f9f-c95d-4f7d-93b7-d9ba0cb19dab,Aliot,270,8,2026-09-23T00:00:00+00:00,2026-09-30T00:00:00+00:00,16,273,224,0,16,ok,1.21875,normal,58.189655172413794
bd70d269-6c10-4140-b03b-8e09fdf9ca35,fedko14,271,8,2026-09-23T00:00:00+00:00,2026-09-30T00:00:00+00:00,17,292,258,0,17,ok,1.1317829457364341,normal,37.5
8edcd93a-e63f-45ea-8c77-bf9aa1820a47,shg-,272,8,2026-09-23T00:00:00+00:00,2026-09-30T00:00:00+00:00,5,91,71,0,5,ok,1.2816901408450705,normal,71.55172413793103
b9dbab41-8e55-497a-b311-bb0514777fd7,ves111,273,8,2026-09-23T00:00:00+00:00,2026-09-30T00:00:00+00:00,52,1158,910,0,52,ok,1.2725274725274724,normal,69.82758620689656
326a3d6a-13ca-40b3-a56d-a47c27b6f2af,gehji,274,8,2026-09-23T00:00:00+00:00,2026-09-30T00:00:00+00:00,19,338,277,0,19,ok,1.220216606498195,normal,58.83620689655172
e5c779f9-eaf5-4113-b095-e284d1e44748,X345,275,8,2026-09-23T00:00:00+00:00,2026-09-30T00:00:00+00:00,55,973,765,0,55,ok,1.2718954248366012,normal,69.61206896551724
d428b36e-7c8a-4510-8262-9cda26a3ff85,-qw1zera,276,8,2026-09-23T00:00:00+00:00,2026-09-30T00:00:00+00:00,21,392,289,0,21,ok,1.356401384083045,normal,83.1896551724138
f3988f23-6685-41a8-91c6-f336b98c5195,z0nger,277,8,2026-09-23T00:00:00+00:00,2026-09-30T00:00:00+00:00,24,386,332,0,24,ok,1.1626506024096386,normal,44.827586206896555
eb4f52d2-5b8f-4401-8c72-138c995358d4,-tasman,278,8,2026-09-23T00:00:00+00:00,2026-09-30T00:00:00+00:00,23,433,361,0,23,ok,1.1994459833795015,normal,53.23275862068966
e1bcffdd-7eeb-4744-b8d6-a582dcfb1670,Krad,279,8,2026-09-23T00:00:00+00:00,2026-09-30T00:00:00+00:00,6,100,82,0,6,ok,1.2195121951219512,normal,58.4051724137931
5ce742a9-a319-4e89-8164-4f4ca528c4cc,wh1teout,280,8,2026-09-23T00:00:00+00:00,2026-09-30T00:00:00+00:00,19,343,301,0,19,ok,1.1395348837209303,normal,39.439655172413794
40846b8f-7a3f-4f9f-af8b-85d118c2774a,myltsi,281,8,2026-09-23T00:00:00+00:00,2026-09-30T00:00:00+00:00,0,0,0,0,0,sem_partidas,,sem_partidas,
4d1d7bb1-64b7-4e34-97e7-6ee7bba48259,-relaxbtw-,282,8,2026-09-23T00:00:00+00:00,2026-09-30T00:00:00+00:00,27,403,378,0,27,ok,1.066137566137566,normal,22.629310344827587
daf44626-2073-4878-b7fd-4776b8a2c93b,Pelle-,283,8,2026-09-23T00:00:00+00:00,2026-09-30T00:00:00+00:00,15,288,226,0,15,ok,1.2743362831858407,normal,70.25862068965517
dddfd33a-cc0c-483c-b2c4-950de24e0c1c,z0t,284,8,2026-09-23T00:00:00+00:00,2026-09-30T00:00:00+00:00,14,265,217,0,14,ok,1.2211981566820276,normal,59.05172413793104
7c6afa87-48a4-4e7c-a5d4-33d4d48c603f,0MusorDrop,285,8,2026-09-23T00:00:00+00:00,2026-09-30T00:00:00+00:00,77,1353,1137,0,77,ok,1.1899736147757256,normal,51.293103448275865
08a4aed5-fb8a-402a-8119-ae428666c195,aimy,286,8,2026-09-23T00:00:00+00:00,2026-09-30T00:00:00+00:00,6,126,86,0,6,ok,1.4651162790697674,normal,91.59482758620689
209c88dc-d2e5-4dfd-a7b9-38900bb10a61,dod02k-,287,8,2026-09-23T00:00:00+00:00,2026-09-30T00:00:00+00:00,18,296,321,0,18,ok,0.9221183800623053,normal,4.525862068965517
dc49b288-2a75-485a-91b1-ee81ce2f25de,dziugss,288,8,2026-09-23T00:00:00+00:00,2026-09-30T00:00:00+00:00,9,158,123,0,9,ok,1.2845528455284554,normal,72.84482758620689
b255e1b5-0b6b-4c57-a7ce-ad53b5521d33,CoCuCbKu,289,8,2026-09-23T00:00:00+00:00,2026-09-30T00:00:00+00:00,61,992,910,0,61,ok,1.09010989010989,normal,26.939655172413797
6f01bc34-897d-43d5-9b43-c6e49e408dd5,Twist,290,8,2026-09-23T00:00:00+00:00,2026-09-30T00:00:00+00:00,8,158,123,0,8,ok,1.2845528455284554,normal,72.84482758620689
024d5042-e159-416f-bf84-cf69b8d5ac03,oopee,291,8,2026-09-23T00:00:00+00:00,2026-09-30T00:00:00+00:00,8,156,114,0,8,ok,1.368421052631579,normal,85.34482758620689
b63c3037-b9f3-471e-9065-5e33ebc28b6e,s1reN7,292,8,2026-09-23T00:00:00+00:00,2026-09-30T00:00:00+00:00,8,151,126,0,8,ok,1.1984126984126984,normal,52.80172413793104
06b0f344-d2e8-4951-ab93-23e9470ce95e,REDS7AR,293,8,2026-09-23T00:00:00+00:00,2026-09-30T00:00:00+00:00,15,269,211,0,15,ok,1.2748815165876777,normal,70.6896551724138
322dfefd-d0aa-4e24-a4ce-509e4c5ed28a,toshas-,294,8,2026-09-23T00:00:00+00:00,2026-09-30T00:00:00+00:00,8,119,112,0,8,ok,1.0625,normal,21.767241379310345
fddc57f3-b5f8-4e63-99e7-b1fa798e849e,pavlebo,295,8,2026-09-23T00:00:00+00:00,2026-09-30T00:00:00+00:00,2,47,27,0,2,ok,1.7407407407407407,outlier_positivo,98.70689655172413
b00eff15-ebaf-4805-aa15-b33bc18406b7,YUR0KY,296,8,2026-09-23T00:00:00+00:00,2026-09-30T00:00:00+00:00,39,648,577,0,39,ok,1.123050259965338,normal,34.91379310344828
9d4d4f31-8168-4894-8574-0d6b9458fb8c,77nightlovel,297,8,2026-09-23T00:00:00+00:00,2026-09-30T00:00:00+00:00,0,0,0,0,0,sem_partidas,,sem_partidas,
1ba6cea9-0e2d-4f6e-b1cc-0f93cf9d2dcd,KEiiiii,298,8,2026-09-23T00:00:00+00:00,2026-09-30T00:00:00+00:00,2,55,41,0,2,ok,1.3414634146341464,normal,81.68103448275862
41acaa8c-cc55-4dca-a85d-897af2c1f275,k99y,299,8,2026-09-23T00:00:00+00:00,2026-09-30T00:00:00+00:00,4,67,65,0,4,ok,1.0307692307692307,normal,15.086206896551724
3ad4eec5-fc86-438a-9730-e5d092821180,redzedsei,300,8,2026-09-23T00:00:00+00:00,2026-09-30T00:00:00+00:00,10,173,146,0,10,ok,1.1849315068493151,normal,49.78448275862069
159069e0-7e7c-4e3e-989e-d9f723689e3a,-Dis1-,301,8,2026-09-23T00:00:00+00:00,2026-09-30T00:00:00+00:00,10,134,161,0,10,ok,0.8322981366459627,normal,1.293103448275862
086df609-d086-4b83-9474-4347714e1f76,Fessor,302,8,2026-09-23T00:00:00+00:00,2026-09-30T00:00:00+00:00,0,0,0,0,0,sem_partidas,,sem_partidas,
3fa04793-fb47-46ee-be6f-c44cacd77099,h0sster,303,8,2026-09-23T00:00:00+00:00,2026-09-30T00:00:00+00:00,1,33,26,0,1,ok,1.2692307692307692,normal,68.96551724137932
de8546e3-f76c-4118-8671-2f0bed373ff4,Porya-,304,8,2026-09-23T00:00:00+00:00,2026-09-30T00:00:00+00:00,13,253,210,0,13,ok,1.2047619047619047,normal,54.741379310344826
9132c4ea-8c7f-4865-a55c-9d20aa2efe89,ronkyeee,305,8,2026-09-23T00:00:00+00:00,2026-09-30T00:00:00+00:00,23,400,358,0,23,ok,1.1173184357541899,normal,32.758620689655174
f7ade297-4f13-4e91-b103-cacdfc3e5ba5,VLDN,306,8,2026-09-23T00:00:00+00:00,2026-09-30T00:00:00+00:00,1,19,11,0,1,ok,1.7272727272727273,outlier_positivo,98.27586206896551
48623ecb-e657-4292-8aa6-9389b4701b10,s1zzi,307,8,2026-09-23T00:00:00+00:00,2026-09-30T00:00:00+00:00,36,748,547,0,36,ok,1.3674588665447898,normal,85.12931034482759
c14998db-c745-4904-8316-429d46510e49,NonAmEeEeR,308,8,2026-09-23T00:00:00+00:00,2026-09-30T00:00:00+00:00,52,916,830,0,52,ok,1.1036144578313254,normal,30.17241379310345
0b71822e-4e5a-4c96-9b2c-be44ff7f7e86,DrammaGod,309,8,2026-09-23T00:00:00+00:00,2026-09-30T00:00:00+00:00,3,61,41,0,3,ok,1.4878048780487805,normal,92.67241379310344
1a5c4cff-75d4-489f-91a2-970af1eda8eb,Sobol,310,8,2026-09-23T00:00:00+00:00,2026-09-30T00:00:00+00:00,5,87,75,0,5,ok,1.16,normal,44.18103448275862
d0bad1c0-551e-40cb-8535-137ea7104ff6,Zerk1s-,311,8,2026-09-23T00:00:00+00:00,2026-09-30T00:00:00+00:00,34,540,460,0,34,ok,1.173913043478261,normal,47.41379310344828
9b9ee020-9f73-4a4b-a68f-f6132bfb0377,Caleyy,312,8,2026-09-23T00:00:00+00:00,2026-09-30T00:00:00+00:00,30,678,495,0,30,ok,1.3696969696969696,normal,85.5603448275862
f0f989d2-bbeb-4bdf-bb3e-9a92b9039c27,w1sely,313,8,2026-09-23T00:00:00+00:00,2026-09-30T00:00:00+00:00,9,159,123,0,9,ok,1.2926829268292683,normal,74.78448275862068
c4bf8035-0124-44bb-974b-2860cb41ab5a,aparcik,314,8,2026-09-23T00:00:00+00:00,2026-09-30T00:00:00+00:00,8,136,119,0,8,ok,1.1428571428571428,normal,40.08620689655172
74407bd7-b090-4cd9-8797-c4e3af17ae50,turcinskis,315,8,2026-09-23T00:00:00+00:00,2026-09-30T00:00:00+00:00,78,1339,1237,0,78,ok,1.0824575586095393,normal,25.646551724137932
a7d9d607-a5ac-4aa1-ae41-4834085715c2,f0lkfan111,316,8,2026-09-23T00:00:00+00:00,2026-09-30T00:00:00+00:00,21,438,300,0,21,ok,1.46,normal,90.73275862068965
9d76e440-f676-4ad0-a04a-a8c87f7c21fb,arbnorz-,317,8,2026-09-23T00:00:00+00:00,2026-09-30T00:00:00+00:00,16,206,263,0,16,ok,0.7832699619771863,normal,1.0775862068965518
92224fbc-fb31-4362-850b-735a0c1d6c8a,kidofpain,318,8,2026-09-23T00:00:00+00:00,2026-09-30T00:00:00+00:00,22,416,326,0,22,ok,1.2760736196319018,normal,70.90517241379311
fbb6f5b8-c8ce-415d-b29f-374d6b543716,MrTrelog,319,8,2026-09-23T00:00:00+00:00,2026-09-30T00:00:00+00:00,23,340,335,0,23,ok,1.0149253731343284,normal,14.00862068965517
83270bc6-74aa-4ca3-942b-f28a3d704b6d,OneUn1que,320,8,2026-09-23T00:00:00+00:00,2026-09-30T00:00:00+00:00,35,611,505,0,35,ok,1.2099009900990099,normal,56.03448275862068
fddf0596-7573-4792-8012-79966c93689e,Licale,321,8,2026-09-23T00:00:00+00:00,2026-09-30T00:00:00+00:00,0,0,0,0,0,sem_partidas,,sem_partidas,
975adbfb-f21e-4b09-92a4-704ab60c8542,ulqu1ora,322,8,2026-09-23T00:00:00+00:00,2026-09-30T00:00:00+00:00,20,366,350,0,20,ok,1.0457142857142858,normal,17.45689655172414
bdf798c9-0041-4a81-b581-28c52fede922,chedzik,323,8,2026-09-23T00:00:00+00:00,2026-09-30T00:00:00+00:00,30,533,482,0,30,ok,1.1058091286307055,normal,31.25
798302b0-e3b3-40e7-b051-95c43766dabb,PhoeniXLUV,324,8,2026-09-23T00:00:00+00:00,2026-09-30T00:00:00+00:00,22,333,318,0,22,ok,1.0471698113207548,normal,18.103448275862068
5c60c1c4-653a-478d-90a4-441d1436a28e,-k0s,325,8,2026-09-23T00:00:00+00:00,2026-09-30T00:00:00+00:00,8,153,102,0,8,ok,1.5,normal,93.75
e76908f9-d95c-4022-b419-786ad4cb8d4e,torox,326,8,2026-09-23T00:00:00+00:00,2026-09-30T00:00:00+00:00,12,212,148,0,12,ok,1.4324324324324325,normal,88.57758620689656
37a13cea-9f8b-45d3-9886-40faf2506d69,m1QUSE272,327,8,2026-09-23T00:00:00+00:00,2026-09-30T00:00:00+00:00,16,289,263,0,16,ok,1.0988593155893536,normal,29.74137931034483
2f215405-df5f-4348-8b16-d07bb82b8f66,lockstocky,328,8,2026-09-23T00:00:00+00:00,2026-09-30T00:00:00+00:00,67,1307,1052,0,67,ok,1.2423954372623573,normal,63.146551724137936
25694913-c7e9-4a6f-9279-8fb932b04a4c,EBLANKANKA67,329,8,2026-09-23T00:00:00+00:00,2026-09-30T00:00:00+00:00,54,965,808,0,54,ok,1.1943069306930694,normal,51.939655172413794
0c482002-4ad9-4eb7-bbf4-c36f786cdbd8,ms2180,330,8,2026-09-23T00:00:00+00:00,2026-09-30T00:00:00+00:00,7,130,99,0,7,ok,1.3131313131313131,normal,76.72413793103449
42afba06-399e-4c2d-aaff-77595526ad70,cmtry64,331,8,2026-09-23T00:00:00+00:00,2026-09-30T00:00:00+00:00,8,141,140,0,8,ok,1.0071428571428571,normal,12.284482758620689
3b6a98b3-fd37-42ec-9d14-3ca58a1e54ef,sh4shlick,332,8,2026-09-23T00:00:00+00:00,2026-09-30T00:00:00+00:00,49,822,806,1,50,dados_incompletos,,dados_incompletos,
e6970427-7853-42d5-960a-3b125aa3fe98,xseveN,333,8,2026-09-23T00:00:00+00:00,2026-09-30T00:00:00+00:00,14,209,199,0,14,ok,1.050251256281407,normal,18.96551724137931
0be6bdd3-7448-4711-84d6-79cfbbe86f71,musordrop983,334,8,2026-09-23T00:00:00+00:00,2026-09-30T00:00:00+00:00,71,1260,1126,0,71,ok,1.119005328596803,normal,32.974137931034484
6d612c68-1dd3-427a-bf4c-e5e8029c4450,mASKEDo,335,8,2026-09-23T00:00:00+00:00,2026-09-30T00:00:00+00:00,33,555,533,0,33,ok,1.0412757973733584,normal,17.025862068965516
dd00574a-37b8-4c5e-87fa-b0569f624546,tamefear,336,8,2026-09-23T00:00:00+00:00,2026-09-30T00:00:00+00:00,8,169,111,0,8,ok,1.5225225225225225,normal,93.96551724137932
8fc05816-4e4c-4df0-b6ab-4059965f95a5,feat-,337,8,2026-09-23T00:00:00+00:00,2026-09-30T00:00:00+00:00,7,156,118,0,7,ok,1.3220338983050848,normal,78.66379310344827
1efdfeb4-7237-4a34-837a-9b4657295a48,svemyy,338,8,2026-09-23T00:00:00+00:00,2026-09-30T00:00:00+00:00,4,66,43,0,4,ok,1.5348837209302326,normal,94.18103448275862
2fd44fff-097a-44ca-9bf2-6badf3282398,Muciek,339,8,2026-09-23T00:00:00+00:00,2026-09-30T00:00:00+00:00,8,143,127,0,8,ok,1.125984251968504,normal,36.206896551724135
dafc9a8d-9a0b-47c3-a703-e0919211b635,L0fer,340,8,2026-09-23T00:00:00+00:00,2026-09-30T00:00:00+00:00,50,899,798,0,50,ok,1.1265664160401003,normal,36.422413793103445
400661b5-8cc7-4c40-9dcc-d1695b2047f6,Jisoo,341,8,2026-09-23T00:00:00+00:00,2026-09-30T00:00:00+00:00,0,0,0,0,0,sem_partidas,,sem_partidas,
36b19d20-ddac-466d-9868-b73f0212c3ad,BRIAN-_-HIZZ,342,8,2026-09-23T00:00:00+00:00,2026-09-30T00:00:00+00:00,31,475,428,0,31,ok,1.1098130841121496,normal,32.112068965517246
c0216481-6d6f-4a69-b480-e1f3c4f0c36a,LECY89,343,8,2026-09-23T00:00:00+00:00,2026-09-30T00:00:00+00:00,0,0,0,0,0,sem_partidas,,sem_partidas,
1983b3f0-bd89-4fe6-a110-42664904443a,w4rdeN-,344,8,2026-09-23T00:00:00+00:00,2026-09-30T00:00:00+00:00,23,419,369,0,23,ok,1.1355013550135502,normal,38.362068965517246
5e91d235-cef6-42c6-9b86-35560cc19e57,deeN--,345,8,2026-09-23T00:00:00+00:00,2026-09-30T00:00:00+00:00,0,0,0,0,0,sem_partidas,,sem_partidas,
4527302e-9120-4a42-a465-5e383580386c,kobz0n,346,8,2026-09-23T00:00:00+00:00,2026-09-30T00:00:00+00:00,13,219,208,0,13,ok,1.0528846153846154,normal,19.612068965517242
242f97b1-a39e-40e5-aca0-153d7a76828f,saizius,347,8,2026-09-23T00:00:00+00:00,2026-09-30T00:00:00+00:00,22,388,339,0,22,ok,1.1445427728613569,normal,40.51724137931034
9866bf07-6fc9-47b0-966e-e4302ecc93fb,rv1den,348,8,2026-09-23T00:00:00+00:00,2026-09-30T00:00:00+00:00,20,334,295,0,20,ok,1.1322033898305084,normal,37.71551724137931
7c38b5ca-b385-4cf2-942b-d7252521d266,ne1l,349,8,2026-09-23T00:00:00+00:00,2026-09-30T00:00:00+00:00,8,194,113,0,8,ok,1.7168141592920354,outlier_positivo,98.0603448275862
a8efc434-5950-4621-8b51-72538fe6347d,dazzy-,350,8,2026-09-23T00:00:00+00:00,2026-09-30T00:00:00+00:00,5,97,62,0,5,ok,1.564516129032258,normal,95.47413793103449
9b79818c-8be6-40cc-b090-b92878f5baac,5swiz,351,8,2026-09-23T00:00:00+00:00,2026-09-30T00:00:00+00:00,12,228,189,0,12,ok,1.2063492063492063,normal,55.38793103448276
58f68286-29eb-4108-97e5-2d8d96c65e05,mezii--,352,8,2026-09-23T00:00:00+00:00,2026-09-30T00:00:00+00:00,0,0,0,0,0,sem_partidas,,sem_partidas,
dfa35d4d-f284-4ad2-9a7d-c3f0468b1e69,wignfan,353,8,2026-09-23T00:00:00+00:00,2026-09-30T00:00:00+00:00,77,1403,1131,0,77,ok,1.240495137046861,normal,62.71551724137932
a3e05af2-cb94-4de5-b56c-e5b30bde9f0c,S3NSEYZjE,354,8,2026-09-23T00:00:00+00:00,2026-09-30T00:00:00+00:00,6,115,90,0,6,ok,1.2777777777777777,normal,71.33620689655173
5d834b85-5d4f-441a-a0e2-a88713818bc8,ottob,355,8,2026-09-23T00:00:00+00:00,2026-09-30T00:00:00+00:00,0,0,0,0,0,sem_partidas,,sem_partidas,
3e96ad48-d280-40fe-b432-743bc6166e6a,bibu_,356,8,2026-09-23T00:00:00+00:00,2026-09-30T00:00:00+00:00,6,97,90,0,6,ok,1.0777777777777777,normal,24.78448275862069
2fe13779-4813-4886-975b-a23d66c22b50,rec1se,357,8,2026-09-23T00:00:00+00:00,2026-09-30T00:00:00+00:00,0,0,0,0,0,sem_partidas,,sem_partidas,
6111a58f-ec43-4a35-ac5f-6a27d4a8442d,kade0,358,8,2026-09-23T00:00:00+00:00,2026-09-30T00:00:00+00:00,4,68,47,0,4,ok,1.446808510638298,normal,90.08620689655173
08d5e3fa-ef86-447a-a441-7d61c106305c,nukkye,359,8,2026-09-23T00:00:00+00:00,2026-09-30T00:00:00+00:00,6,122,104,0,6,ok,1.1730769230769231,normal,46.98275862068966
88aba0ad-9f4f-43f8-8691-78bd5935bb26,MAJ1X,360,8,2026-09-23T00:00:00+00:00,2026-09-30T00:00:00+00:00,5,74,84,0,5,ok,0.8809523809523809,normal,2.3706896551724137
75b7d8c4-e346-492c-adef-a91fffeb3886,z1k4-,361,8,2026-09-23T00:00:00+00:00,2026-09-30T00:00:00+00:00,17,377,315,0,17,ok,1.1968253968253968,normal,52.58620689655172
1050ef15-3e72-45b8-a255-ba1c69f9ae03,karass28,362,8,2026-09-23T00:00:00+00:00,2026-09-30T00:00:00+00:00,40,593,611,0,40,ok,0.9705400981996727,normal,8.405172413793103
b5ad53bf-7ef2-4e7f-b902-2218997c60f0,KATLEDICI7,363,8,2026-09-23T00:00:00+00:00,2026-09-30T00:00:00+00:00,24,481,447,0,24,ok,1.0760626398210291,normal,24.353448275862068
6b52e429-611a-4cff-a329-79640d71dcf9,serrakura111,364,8,2026-09-23T00:00:00+00:00,2026-09-30T00:00:00+00:00,0,0,0,0,0,sem_partidas,,sem_partidas,
d4241a7e-40ed-428c-824b-186191cc1186,kkx-,365,8,2026-09-23T00:00:00+00:00,2026-09-30T00:00:00+00:00,48,723,777,0,48,ok,0.9305019305019305,normal,4.956896551724138
b0e6d782-b60b-464b-b825-0551219d184c,Botman,366,8,2026-09-23T00:00:00+00:00,2026-09-30T00:00:00+00:00,4,85,67,0,4,ok,1.2686567164179106,normal,68.75
43edb54f-28ed-41fb-9996-c53c1602b32a,taouser,367,8,2026-09-23T00:00:00+00:00,2026-09-30T00:00:00+00:00,10,157,149,0,10,ok,1.0536912751677852,normal,19.82758620689655
bf53ac48-b4ac-4b17-9174-4018772ad411,Griller1221,368,8,2026-09-23T00:00:00+00:00,2026-09-30T00:00:00+00:00,14,261,189,0,14,ok,1.380952380952381,normal,85.99137931034483
6051a477-a1fb-410a-bca9-5eb8e848a515,grekuwu,369,8,2026-09-23T00:00:00+00:00,2026-09-30T00:00:00+00:00,1,12,17,0,1,ok,0.7058823529411765,outlier_negativo,0.646551724137931
32181c2b-b743-4bcd-abd1-1a76378beacf,zs0lt1-,370,8,2026-09-23T00:00:00+00:00,2026-09-30T00:00:00+00:00,55,975,920,0,55,ok,1.059782608695652,normal,21.336206896551722
35c42621-9863-49d8-a9d3-98cd2ebd3695,Sdaim,371,8,2026-09-23T00:00:00+00:00,2026-09-30T00:00:00+00:00,8,130,121,0,8,ok,1.0743801652892562,normal,23.70689655172414
23b6ffbb-86ec-47ab-acaa-9c76bed0af66,jL-,372,8,2026-09-23T00:00:00+00:00,2026-09-30T00:00:00+00:00,24,536,367,0,24,ok,1.4604904632152589,normal,90.94827586206897
abe4d53f-ed16-49fc-8d86-3d1abac2d5ef,yanni-_-,373,8,2026-09-23T00:00:00+00:00,2026-09-30T00:00:00+00:00,36,694,558,0,36,ok,1.2437275985663083,normal,63.793103448275865
9dd05297-26eb-4cb4-a2e2-544b242f0a08,DAN9ARMATURA,374,8,2026-09-23T00:00:00+00:00,2026-09-30T00:00:00+00:00,16,261,238,0,16,ok,1.096638655462185,normal,29.094827586206897
0cf9c7b8-2003-404d-97d4-fa9b5fae1878,Jimpphat,375,8,2026-09-23T00:00:00+00:00,2026-09-30T00:00:00+00:00,0,0,0,0,0,sem_partidas,,sem_partidas,
a6b1e85a-0d17-4fa3-9c08-900211bf7692,mattloo,376,8,2026-09-23T00:00:00+00:00,2026-09-30T00:00:00+00:00,3,58,46,0,3,ok,1.2608695652173914,normal,67.24137931034483
c328112e-d19e-4dc2-b0d9-e95372a362e7,Hrdina1452,377,8,2026-09-23T00:00:00+00:00,2026-09-30T00:00:00+00:00,24,432,383,0,24,ok,1.1279373368146215,normal,37.28448275862069
6f65cd76-e51e-480e-b0f4-d8ca78c3ec63,VILBy,378,8,2026-09-23T00:00:00+00:00,2026-09-30T00:00:00+00:00,7,127,113,0,7,ok,1.1238938053097345,normal,35.3448275862069
40ca7ec3-ca11-4e1b-a3b3-3989c1aaf13f,baz,379,8,2026-09-23T00:00:00+00:00,2026-09-30T00:00:00+00:00,23,412,328,0,23,ok,1.2560975609756098,normal,66.59482758620689
08b00737-a7bf-46c2-b501-052c101f3e6e,siz-,380,8,2026-09-23T00:00:00+00:00,2026-09-30T00:00:00+00:00,12,192,179,0,12,ok,1.0726256983240223,normal,23.49137931034483
a86a13ca-a850-4e31-9e46-76026f25a8df,flawly,381,8,2026-09-23T00:00:00+00:00,2026-09-30T00:00:00+00:00,9,160,163,0,9,ok,0.9815950920245399,normal,9.267241379310345
95371621-2dc2-4ae2-8633-e70c1f754d25,kiy0o,382,8,2026-09-23T00:00:00+00:00,2026-09-30T00:00:00+00:00,17,294,281,0,17,ok,1.0462633451957295,normal,17.67241379310345
fa304d5e-0d2e-4b7c-a802-a9ee2989d6d7,musordrop01R,383,8,2026-09-23T00:00:00+00:00,2026-09-30T00:00:00+00:00,87,1398,1474,0,87,ok,0.9484396200814111,normal,6.25
e15c799e-2f9b-42fb-9233-db6908126b26,LunaticYF,384,8,2026-09-23T00:00:00+00:00,2026-09-30T00:00:00+00:00,36,584,592,0,36,ok,0.9864864864864865,normal,9.698275862068966
57d0ffa1-44d3-4271-9360-f09bfb7e3466,Ayri21,385,8,2026-09-23T00:00:00+00:00,2026-09-30T00:00:00+00:00,13,221,168,0,13,ok,1.3154761904761905,normal,77.58620689655173
ba3282ae-21a1-4a9d-a2e4-e579a67f2472,ToM223,386,8,2026-09-23T00:00:00+00:00,2026-09-30T00:00:00+00:00,31,597,430,0,31,ok,1.3883720930232557,normal,86.85344827586206
99726d5a-04d8-4b74-a12d-b5e012ae745c,anttzz,387,8,2026-09-23T00:00:00+00:00,2026-09-30T00:00:00+00:00,52,866,805,0,52,ok,1.075776397515528,normal,24.137931034482758
803bd4ab-3891-4686-8301-aea69a426477,PsychoDoctor,388,8,2026-09-23T00:00:00+00:00,2026-09-30T00:00:00+00:00,6,127,82,0,6,ok,1.548780487804878,normal,95.04310344827587
7dfc0c4c-28a0-4126-8b97-349ba09bc314,neptun59,389,8,2026-09-23T00:00:00+00:00,2026-09-30T00:00:00+00:00,2,46,22,0,2,ok,2.090909090909091,outlier_positivo,100.0
3bd30889-be3f-49cf-817f-1399c887f2d9,zeRRoFIX,390,8,2026-09-23T00:00:00+00:00,2026-09-30T00:00:00+00:00,2,39,28,0,2,ok,1.3928571428571428,normal,87.28448275862068
651597b1-03b4-4c74-8848-dd688599cffa,sk1tt,391,8,2026-09-23T00:00:00+00:00,2026-09-30T00:00:00+00:00,14,219,207,0,14,ok,1.0579710144927537,normal,20.474137931034484
bffdd912-57c0-4c48-9735-3d36059236b3,SatoruGojo_,392,8,2026-09-23T00:00:00+00:00,2026-09-30T00:00:00+00:00,27,448,423,0,27,ok,1.0591016548463357,normal,21.120689655172413
9b9355f1-870d-4d85-bb37-9b71d591d779,608-,393,8,2026-09-23T00:00:00+00:00,2026-09-30T00:00:00+00:00,12,193,176,0,12,ok,1.0965909090909092,normal,28.879310344827587
79df73cc-00b8-40c2-9089-d20e81b91614,Nivera-,394,8,2026-09-23T00:00:00+00:00,2026-09-30T00:00:00+00:00,20,385,316,0,20,ok,1.2183544303797469,normal,57.758620689655174
e5806414-a8b4-4f7e-b13d-e16066e3984a,suisha,395,8,2026-09-23T00:00:00+00:00,2026-09-30T00:00:00+00:00,30,566,440,0,30,ok,1.2863636363636364,normal,73.27586206896551
675b5450-f00f-4009-92b8-10d17524959a,Proinya,396,8,2026-09-23T00:00:00+00:00,2026-09-30T00:00:00+00:00,8,149,144,0,8,ok,1.0347222222222223,normal,16.163793103448278
a9147ac0-cd1b-4ab8-a634-a3562d29dc13,W0nderL4nd,397,8,2026-09-23T00:00:00+00:00,2026-09-30T00:00:00+00:00,28,485,446,0,28,ok,1.0874439461883407,normal,26.50862068965517
41e80191-23a9-40af-a3f5-b0452d31b7a5,xm1nd337,398,8,2026-09-23T00:00:00+00:00,2026-09-30T00:00:00+00:00,20,333,273,0,20,ok,1.2197802197802199,normal,58.620689655172406
381f4aa9-921e-498b-8548-af3a61a95f45,fall1ngxd,399,8,2026-09-23T00:00:00+00:00,2026-09-30T00:00:00+00:00,15,245,250,0,15,ok,0.98,normal,9.051724137931034
0bd8a37f-2bf9-4a2a-8c4d-4ec60249c758,Kovvat,400,8,2026-09-23T00:00:00+00:00,2026-09-30T00:00:00+00:00,29,433,431,0,29,ok,1.0046403712296983,normal,11.85344827586207
a5f7f49b-13f4-406b-9868-99503a228d4c,Myggis,401,8,2026-09-23T00:00:00+00:00,2026-09-30T00:00:00+00:00,11,163,162,0,11,ok,1.0061728395061729,normal,12.068965517241379
96675589-94d3-4a3f-942e-75e876c5407d,amanek,402,8,2026-09-23T00:00:00+00:00,2026-09-30T00:00:00+00:00,59,813,893,0,59,ok,0.910414333706607,normal,4.310344827586207
8f97a4ca-0315-4386-a97d-4ec6b74a432a,F0R3VER-,403,8,2026-09-23T00:00:00+00:00,2026-09-30T00:00:00+00:00,0,0,0,0,0,sem_partidas,,sem_partidas,
3c1ca83f-5c0b-48c9-9efb-86e02999bad4,CoolezW,404,8,2026-09-23T00:00:00+00:00,2026-09-30T00:00:00+00:00,3,47,38,0,3,ok,1.236842105263158,normal,62.06896551724138
f77f8060-0918-4c9c-84eb-4b871a0d0430,Farab1,405,8,2026-09-23T00:00:00+00:00,2026-09-30T00:00:00+00:00,52,808,850,0,52,ok,0.9505882352941176,normal,6.4655172413793105
f317884c-2d70-4cb9-8f03-418064e114ed,markovich666,406,8,2026-09-23T00:00:00+00:00,2026-09-30T00:00:00+00:00,42,872,609,0,42,ok,1.431855500821018,normal,88.36206896551724
cd355df3-21b0-4677-8e79-6d823aa6ebac,takanashi,407,8,2026-09-23T00:00:00+00:00,2026-09-30T00:00:00+00:00,11,180,170,0,11,ok,1.0588235294117647,normal,20.689655172413794
a421bf0b-db37-4194-8d57-59aa2cab64a0,NaYz,408,8,2026-09-23T00:00:00+00:00,2026-09-30T00:00:00+00:00,4,56,54,0,4,ok,1.037037037037037,normal,16.379310344827587
14bf6f49-e335-4cca-b270-2bff1bc95485,whisperr23,409,8,2026-09-23T00:00:00+00:00,2026-09-30T00:00:00+00:00,8,144,125,0,8,ok,1.152,normal,42.025862068965516
f0d7de73-a6e4-4fd8-961e-d4f5f283e931,kenjezz,410,8,2026-09-23T00:00:00+00:00,2026-09-30T00:00:00+00:00,28,465,425,0,28,ok,1.0941176470588236,normal,28.23275862068966
e5b77795-ddbc-418b-a72a-e8e8e2787d54,eNs,411,8,2026-09-23T00:00:00+00:00,2026-09-30T00:00:00+00:00,10,201,169,0,10,ok,1.1893491124260356,normal,51.077586206896555
917a60fe-0a2f-4cf8-b93e-8d8242e2aa87,Bl4zE333,412,8,2026-09-23T00:00:00+00:00,2026-09-30T00:00:00+00:00,39,741,577,0,39,ok,1.2842287694974004,normal,72.41379310344827
7b6558ed-94e8-4344-a805-788cb226d03e,oz1k,413,8,2026-09-23T00:00:00+00:00,2026-09-30T00:00:00+00:00,19,360,279,0,19,ok,1.2903225806451613,normal,74.35344827586206
31a278ea-2af3-4101-baad-2bff533b5c01,Blytz_,414,8,2026-09-23T00:00:00+00:00,2026-09-30T00:00:00+00:00,1,11,15,0,1,ok,0.7333333333333333,outlier_negativo,0.8620689655172413
13a07227-30a0-4590-9b66-e8e5841b7a8b,H4SAN4TOR,415,8,2026-09-23T00:00:00+00:00,2026-09-30T00:00:00+00:00,14,225,238,0,14,ok,0.9453781512605042,normal,5.818965517241379
0afea8e8-c7e2-4ad7-a20e-ec4ba4ce80ff,3BL0S7R3L,416,8,2026-09-23T00:00:00+00:00,2026-09-30T00:00:00+00:00,70,1241,1124,0,70,ok,1.1040925266903914,normal,30.387931034482758
b65ca382-cb8c-42a2-aeb7-822fb72cb9a7,iffo,417,8,2026-09-23T00:00:00+00:00,2026-09-30T00:00:00+00:00,0,0,0,0,0,sem_partidas,,sem_partidas,
685163c9-a0d4-41b9-8373-d0d2f26ab42b,kL1o,418,8,2026-09-23T00:00:00+00:00,2026-09-30T00:00:00+00:00,0,0,0,0,0,sem_partidas,,sem_partidas,
1ace868a-d60c-46b8-a61e-f51d40d0305b,lilpeepfan-,419,8,2026-09-23T00:00:00+00:00,2026-09-30T00:00:00+00:00,23,412,305,0,23,ok,1.3508196721311476,normal,82.54310344827587
6e9625a5-9d91-4b07-9858-0042f5a53f6a,paz-,420,8,2026-09-23T00:00:00+00:00,2026-09-30T00:00:00+00:00,33,603,477,0,33,ok,1.2641509433962264,normal,67.88793103448276
f34926cc-3857-4d91-bc5a-316ec071263a,djgor1lla,421,8,2026-09-23T00:00:00+00:00,2026-09-30T00:00:00+00:00,86,1589,1514,0,86,ok,1.0495376486129457,normal,18.75
f2e856bd-3ee0-4c05-85da-0f26ecdfcd69,Jhniewolkjer,422,8,2026-09-23T00:00:00+00:00,2026-09-30T00:00:00+00:00,27,441,399,0,27,ok,1.105263157894737,normal,30.81896551724138
cd978277-44fe-46ef-85e9-c916be624bee,Maiser,423,8,2026-09-23T00:00:00+00:00,2026-09-30T00:00:00+00:00,20,365,310,0,20,ok,1.1774193548387097,normal,48.275862068965516
8dd252bc-7bed-4b80-a8af-08292429f90c,shaiK,424,8,2026-09-23T00:00:00+00:00,2026-09-30T00:00:00+00:00,0,0,0,0,0,sem_partidas,,sem_partidas,
01b56a15-1e5d-43ea-9173-8d2b812bc1c6,strixxxzz,425,8,2026-09-23T00:00:00+00:00,2026-09-30T00:00:00+00:00,5,83,71,0,5,ok,1.1690140845070423,normal,45.689655172413794
92e63ac2-a228-4a2c-8db5-93e4a0b35e6f,SILNYI4EL,426,8,2026-09-23T00:00:00+00:00,2026-09-30T00:00:00+00:00,27,365,401,0,27,ok,0.9102244389027432,normal,4.094827586206897
80396ca7-9e6b-440d-bea6-99c20a78758c,MadLife516,427,8,2026-09-23T00:00:00+00:00,2026-09-30T00:00:00+00:00,31,522,505,0,31,ok,1.0336633663366337,normal,15.948275862068966
53771794-0678-4e00-b12b-605404c711f0,icntflmfce,428,8,2026-09-23T00:00:00+00:00,2026-09-30T00:00:00+00:00,3,48,44,0,3,ok,1.0909090909090908,normal,27.155172413793103
43cddbf7-48c8-402d-8ab5-2d7b35c519c2,Tired5,429,8,2026-09-23T00:00:00+00:00,2026-09-30T00:00:00+00:00,41,612,606,0,41,ok,1.00990099009901,normal,12.71551724137931
f054b0fb-9841-45b9-b832-d3d38f3c948e,iNSANE-0_o,430,8,2026-09-23T00:00:00+00:00,2026-09-30T00:00:00+00:00,18,279,256,0,18,ok,1.08984375,normal,26.72413793103448
6a8c42f1-b66d-49d3-a89a-d0fd7c11d544,CHANKY-,431,8,2026-09-23T00:00:00+00:00,2026-09-30T00:00:00+00:00,0,0,0,0,0,sem_partidas,,sem_partidas,
0e5e5804-66dc-47fc-abf8-78fbabb2e486,x1nk1n,432,8,2026-09-23T00:00:00+00:00,2026-09-30T00:00:00+00:00,20,325,294,0,20,ok,1.1054421768707483,normal,31.03448275862069
fddec513-3b2c-46c2-8223-5baf9d7c44e1,qw3zy,433,8,2026-09-23T00:00:00+00:00,2026-09-30T00:00:00+00:00,17,227,255,0,17,ok,0.8901960784313725,normal,3.2327586206896552
7755ecad-986d-418d-932e-2250132bee75,newnickname7,434,8,2026-09-23T00:00:00+00:00,2026-09-30T00:00:00+00:00,19,324,260,0,19,ok,1.2461538461538462,normal,64.00862068965517
4396868f-64f7-4847-8443-4703685a0aef,hitori,435,8,2026-09-23T00:00:00+00:00,2026-09-30T00:00:00+00:00,7,129,105,0,7,ok,1.2285714285714286,normal,60.775862068965516
1606bc69-b662-43ff-a5a6-cb3667b1175f,qw1ck,436,8,2026-09-23T00:00:00+00:00,2026-09-30T00:00:00+00:00,80,1472,1236,0,80,ok,1.190938511326861,normal,51.508620689655174
f20f58ba-b7f6-455e-9267-5700584798a7,resqz,437,8,2026-09-23T00:00:00+00:00,2026-09-30T00:00:00+00:00,10,179,139,0,10,ok,1.2877697841726619,normal,73.92241379310344
c1302426-7b94-464e-8074-934bd584a311,latayo,438,8,2026-09-23T00:00:00+00:00,2026-09-30T00:00:00+00:00,78,1293,1298,0,78,ok,0.9961479198767335,normal,10.560344827586206
47444e4a-3a2e-4952-a6d8-eb535f3f9c82,Something,439,8,2026-09-23T00:00:00+00:00,2026-09-30T00:00:00+00:00,15,254,239,0,15,ok,1.0627615062761506,normal,21.982758620689655
bea77fb4-1e11-43bf-aae7-1ce463bc0a21,nukleos143,440,8,2026-09-23T00:00:00+00:00,2026-09-30T00:00:00+00:00,23,383,336,0,23,ok,1.1398809523809523,normal,39.6551724137931
5d950322-1f67-41fe-a8d7-3831ef236504,xz4yrix_-,441,8,2026-09-23T00:00:00+00:00,2026-09-30T00:00:00+00:00,42,667,647,0,42,ok,1.0309119010819165,normal,15.301724137931034
b88c11ce-6c1c-4caf-826c-a3781f5ef95f,r3td,442,8,2026-09-23T00:00:00+00:00,2026-09-30T00:00:00+00:00,62,1065,949,0,62,ok,1.1222339304531086,normal,34.48275862068966
a890369c-f360-430b-bb2b-07320647239f,Sami,443,8,2026-09-23T00:00:00+00:00,2026-09-30T00:00:00+00:00,30,481,475,0,30,ok,1.0126315789473683,normal,13.36206896551724
41e2d7e1-a224-46b4-8565-cc04e4a9d1ea,crazed-_-,444,8,2026-09-23T00:00:00+00:00,2026-09-30T00:00:00+00:00,26,444,421,0,26,ok,1.0546318289786223,normal,20.04310344827586
37032643-d56f-417e-b165-f058646f8076,wakash1ma666,445,8,2026-09-23T00:00:00+00:00,2026-09-30T00:00:00+00:00,36,700,531,0,36,ok,1.3182674199623352,normal,78.23275862068965
63bbf570-f8f3-4502-9c27-4b2d767bfeb8,newt,446,8,2026-09-23T00:00:00+00:00,2026-09-30T00:00:00+00:00,6,141,102,0,6,ok,1.3823529411764706,normal,86.20689655172413
5b8d259e-503e-4afe-b621-0dc202d46e43,Buzz,447,8,2026-09-23T00:00:00+00:00,2026-09-30T00:00:00+00:00,14,299,243,0,14,ok,1.2304526748971194,normal,61.206896551724135
ec933b68-6007-408c-818d-10cc284b6838,-mortal666,448,8,2026-09-23T00:00:00+00:00,2026-09-30T00:00:00+00:00,35,510,574,0,35,ok,0.8885017421602788,normal,2.8017241379310347
1e004a7b-a857-49ed-ad46-a3f8549d5b7e,Jaex-,449,8,2026-09-23T00:00:00+00:00,2026-09-30T00:00:00+00:00,30,555,440,0,30,ok,1.2613636363636365,normal,67.45689655172413
ea125fed-a8af-4d17-91b9-4e05dc51a0ba,shalfey111,450,8,2026-09-23T00:00:00+00:00,2026-09-30T00:00:00+00:00,2,30,26,0,2,ok,1.1538461538461537,normal,42.887931034482754
c03e59a1-785d-4821-8300-e84d2a30a99c,fez,451,8,2026-09-23T00:00:00+00:00,2026-09-30T00:00:00+00:00,0,0,0,0,0,sem_partidas,,sem_partidas,
888098d7-ca11-498a-9d76-aa9bc8636708,-Aldikon,452,8,2026-09-23T00:00:00+00:00,2026-09-30T00:00:00+00:00,14,238,201,0,14,ok,1.1840796019900497,normal,49.353448275862064
9af7e56b-2661-4235-a853-788f9d07d7c5,safraleine33,453,8,2026-09-23T00:00:00+00:00,2026-09-30T00:00:00+00:00,14,208,243,0,14,ok,0.8559670781893004,normal,1.5086206896551724
1fc5d089-ed6d-42bc-9014-b7bd8024a5ce,wouri,454,8,2026-09-23T00:00:00+00:00,2026-09-30T00:00:00+00:00,18,322,294,0,18,ok,1.0952380952380953,normal,28.663793103448278
94f48ada-f249-4fd3-92cd-d7e1454bbeb3,percoshk3t,455,8,2026-09-23T00:00:00+00:00,2026-09-30T00:00:00+00:00,30,455,465,0,30,ok,0.978494623655914,normal,8.836206896551724
835047fa-11b8-44df-aff2-df367bacc016,domin0o_,456,8,2026-09-23T00:00:00+00:00,2026-09-30T00:00:00+00:00,8,142,115,0,8,ok,1.2347826086956522,normal,61.422413793103445
9b60b444-681f-4075-9bb2-5b8a1e6c8c0c,zendirege,457,8,2026-09-23T00:00:00+00:00,2026-09-30T00:00:00+00:00,71,1141,1207,0,71,ok,0.9453189726594863,normal,5.603448275862069
45a216c4-0a48-4475-9e16-4548a1ab8a63,-guty,458,8,2026-09-23T00:00:00+00:00,2026-09-30T00:00:00+00:00,14,243,189,0,14,ok,1.2857142857142858,normal,73.0603448275862
24d172ce-17ac-4473-9bbf-604230499642,kaneko999,459,8,2026-09-23T00:00:00+00:00,2026-09-30T00:00:00+00:00,21,345,300,1,22,dados_incompletos,,dados_incompletos,
766e6891-f43c-4caa-9069-6ff948384229,foidslayer--,460,8,2026-09-23T00:00:00+00:00,2026-09-30T00:00:00+00:00,45,810,723,0,45,ok,1.120331950207469,normal,33.62068965517241
6226a775-1377-48c3-bac5-3a772af824fb,inwayz-_-,461,8,2026-09-23T00:00:00+00:00,2026-09-30T00:00:00+00:00,47,799,654,0,47,ok,1.2217125382262997,normal,59.26724137931034
31344471-a809-45c0-9190-fd6420769871,hallzerk,462,8,2026-09-23T00:00:00+00:00,2026-09-30T00:00:00+00:00,0,0,0,0,0,sem_partidas,,sem_partidas,
07590cf0-6f1c-4a5c-b349-5af955627f30,kRaSnaI,463,8,2026-09-23T00:00:00+00:00,2026-09-30T00:00:00+00:00,0,0,0,0,0,sem_partidas,,sem_partidas,
7620a1ae-c74b-4677-80c1-3e551c8c3fb7,PYREXX-,464,8,2026-09-23T00:00:00+00:00,2026-09-30T00:00:00+00:00,52,884,808,0,52,ok,1.0940594059405941,normal,28.01724137931034
2148ed19-15a3-4d2f-973e-4b7d6a29af6b,AI-Bagheera,465,8,2026-09-23T00:00:00+00:00,2026-09-30T00:00:00+00:00,14,222,233,0,14,ok,0.9527896995708155,normal,6.896551724137931
a20678de-0c2d-4a9f-bf8e-3c856bceab45,b1t,466,8,2026-09-23T00:00:00+00:00,2026-09-30T00:00:00+00:00,5,144,76,0,5,ok,1.894736842105263,outlier_positivo,99.35344827586206
57bf2171-049e-46e6-8e16-131dcb92a415,avid-,467,8,2026-09-23T00:00:00+00:00,2026-09-30T00:00:00+00:00,2,42,35,0,2,ok,1.2,normal,53.66379310344828
43e675a8-d54e-42c4-b055-c0d2062bbf7e,YumsaN,468,8,2026-09-23T00:00:00+00:00,2026-09-30T00:00:00+00:00,0,0,0,0,0,sem_partidas,,sem_partidas,
b0ee1f18-598b-4f15-89d5-99b614cc93b0,Malkiss,469,8,2026-09-23T00:00:00+00:00,2026-09-30T00:00:00+00:00,7,108,96,0,7,ok,1.125,normal,35.991379310344826
8a4b1c1b-7957-4b83-a18c-1dee110c4cfc,1nki7331,470,8,2026-09-23T00:00:00+00:00,2026-09-30T00:00:00+00:00,0,0,0,0,0,sem_partidas,,sem_partidas,
d9981652-0143-4c1f-9de5-7fed7f2315f5,k1ssly-,471,8,2026-09-23T00:00:00+00:00,2026-09-30T00:00:00+00:00,14,281,226,0,14,ok,1.2433628318584071,normal,63.36206896551724
d6537a7f-eb98-449d-9f31-cada1d6b910d,wswavdghfwd,472,8,2026-09-23T00:00:00+00:00,2026-09-30T00:00:00+00:00,37,610,543,0,37,ok,1.1233885819521179,normal,35.12931034482759
2d83d2dc-abfd-490e-b05e-0019887cf33c,731MusorDrop,473,8,2026-09-23T00:00:00+00:00,2026-09-30T00:00:00+00:00,0,0,0,0,0,sem_partidas,,sem_partidas,
da235764-ca50-4d23-b071-38e9bf44a39b,jv2k,474,8,2026-09-23T00:00:00+00:00,2026-09-30T00:00:00+00:00,17,263,296,0,17,ok,0.8885135135135135,normal,3.0172413793103448
f91a0186-c110-4c26-b82b-b77f885510a4,cheaterhs,475,8,2026-09-23T00:00:00+00:00,2026-09-30T00:00:00+00:00,37,649,563,0,37,ok,1.152753108348135,normal,42.672413793103445
eda41a31-6cf9-49f9-9870-7b12bb0d9150,CASEKAICEDO,476,8,2026-09-23T00:00:00+00:00,2026-09-30T00:00:00+00:00,23,397,353,0,23,ok,1.1246458923512748,normal,35.560344827586206
d3f24072-38c0-44ac-9d8b-5dba72c47569,danil_potoke,477,8,2026-09-23T00:00:00+00:00,2026-09-30T00:00:00+00:00,37,590,544,0,37,ok,1.0845588235294117,normal,25.862068965517242
772edefc-9b9d-4e5b-b33e-2958eb6c38a7,H1jgnsh-_-,478,8,2026-09-23T00:00:00+00:00,2026-09-30T00:00:00+00:00,10,184,156,0,10,ok,1.1794871794871795,normal,48.491379310344826
1495e67c-8aa5-4e8a-9e24-7f17e5ea3049,PUPA-9,479,8,2026-09-23T00:00:00+00:00,2026-09-30T00:00:00+00:00,21,410,300,0,21,ok,1.3666666666666667,normal,84.91379310344827
ee612218-4533-4dbc-a8db-21192d8217b8,epeaj666,480,8,2026-09-23T00:00:00+00:00,2026-09-30T00:00:00+00:00,34,537,517,0,34,ok,1.0386847195357833,normal,16.594827586206897
15371e7d-a30d-4b6a-80d8-d8ca1b8cbc43,stavnmagi,481,8,2026-09-23T00:00:00+00:00,2026-09-30T00:00:00+00:00,0,0,0,0,0,sem_partidas,,sem_partidas,
fed5173b-cc64-4d2a-914f-84273a4eb392,deliciousSs,482,8,2026-09-23T00:00:00+00:00,2026-09-30T00:00:00+00:00,26,445,423,0,26,ok,1.0520094562647755,normal,19.181034482758623
f140177f-6dec-4903-9bb6-598f1049e97f,her1tage111,483,8,2026-09-23T00:00:00+00:00,2026-09-30T00:00:00+00:00,7,135,132,0,7,ok,1.0227272727272727,normal,14.439655172413794
e35850f7-8043-4e71-9d3a-3748cb6dfdd7,Shoota-_-,484,8,2026-09-23T00:00:00+00:00,2026-09-30T00:00:00+00:00,29,524,442,0,29,ok,1.1855203619909502,normal,50.21551724137932
c46fe7d1-7623-4014-a63b-2e8bc3cbac62,262,485,8,2026-09-23T00:00:00+00:00,2026-09-30T00:00:00+00:00,22,355,315,0,22,ok,1.126984126984127,normal,36.853448275862064
defccfc4-ddf1-4aee-b441-51adf7306f37,m4d4ra666,486,8,2026-09-23T00:00:00+00:00,2026-09-30T00:00:00+00:00,2,42,42,0,2,ok,1.0,normal,11.422413793103448
24a3d250-e64e-4212-9872-2f37997e3e5f,l4uvmaria,487,8,2026-09-23T00:00:00+00:00,2026-09-30T00:00:00+00:00,39,680,590,0,39,ok,1.152542372881356,normal,42.241379310344826
c6ab629f-9142-4edb-9cb9-a88d5b6ac7ef,Chr1zN,488,8,2026-09-23T00:00:00+00:00,2026-09-30T00:00:00+00:00,2,34,38,0,2,ok,0.8947368421052632,normal,3.4482758620689653
30d65106-6fb6-4f84-8a7a-66c10df34b72,--SanDy,489,8,2026-09-23T00:00:00+00:00,2026-09-30T00:00:00+00:00,8,100,116,0,8,ok,0.8620689655172413,normal,1.7241379310344827
f02fe0de-fda4-490e-8048-a33cd7a47b54,Jayy2s,490,8,2026-09-23T00:00:00+00:00,2026-09-30T00:00:00+00:00,6,89,88,0,6,ok,1.0113636363636365,normal,13.14655172413793
a29dccc8-5ea9-49be-a884-09b80706b010,fdghnsfdgb,491,8,2026-09-23T00:00:00+00:00,2026-09-30T00:00:00+00:00,20,337,301,0,20,ok,1.1196013289036544,normal,33.4051724137931
75c35b01-719b-4d98-b110-e99a0369097a,whyalive999,492,8,2026-09-23T00:00:00+00:00,2026-09-30T00:00:00+00:00,7,138,120,0,7,ok,1.15,normal,41.16379310344828
cab2a609-de2f-4023-a9c7-af89d5292c96,D0cC,493,8,2026-09-23T00:00:00+00:00,2026-09-30T00:00:00+00:00,26,540,320,0,26,ok,1.6875,outlier_positivo,97.41379310344827
c8a2d8f4-c3d9-46dd-b779-e20940697c76,emiii-,494,8,2026-09-23T00:00:00+00:00,2026-09-30T00:00:00+00:00,16,285,268,0,16,ok,1.0634328358208955,normal,22.413793103448278
3783cdb7-ad5b-4c10-ba0e-ba14df7f8403,-Blam1e,495,8,2026-09-23T00:00:00+00:00,2026-09-30T00:00:00+00:00,20,333,281,0,20,ok,1.1850533807829182,normal,50.0
f60f128f-693b-4be2-8d37-d8bf0ad519ec,faydett,496,8,2026-09-23T00:00:00+00:00,2026-09-30T00:00:00+00:00,2,31,23,0,2,ok,1.3478260869565217,normal,82.11206896551724
1bce43de-6944-4533-8402-4631f989c56c,kagiriiii,497,8,2026-09-23T00:00:00+00:00,2026-09-30T00:00:00+00:00,16,313,250,0,16,ok,1.252,normal,65.73275862068965
fa49d188-261a-4200-b10d-1c632dfeb87a,solb7,498,8,2026-09-23T00:00:00+00:00,2026-09-30T00:00:00+00:00,27,499,431,0,27,ok,1.1577726218097448,normal,43.75
cc4540db-0be4-43d7-869d-0a10573e8902,PleaseF1xMe,499,8,2026-09-23T00:00:00+00:00,2026-09-30T00:00:00+00:00,34,556,504,1,35,dados_incompletos,,dados_incompletos,
b89b63c3-72b3-4f94-ad9f-8f1cede7e874,edgyS,500,8,2026-09-23T00:00:00+00:00,2026-09-30T00:00:00+00:00,32,534,426,0,32,ok,1.2535211267605635,normal,66.16379310344827
